class_id,class_name,things_concept_id,image_id,image_path,sha256,excluded_eeg_image
0,aircraft carrier,00010_aircraft_carrier,00010_aircraft_carrier/aircraft_carrier_01b.jpg,object_images/aircraft_carrier/aircraft_carrier_01b.jpg,10adc437fbfd075b30bd6a09df98dea6ed1837e5bcca5a33b97a818ddc4bcfae,aircraft_carrier_06s.jpg
0,aircraft carrier,00010_aircraft_carrier,00010_aircraft_carrier/aircraft_carrier_02s.jpg,object_images/aircraft_carrier/aircraft_carrier_02s.jpg,31dfed9c4091fbf2369c87e7e0848806b4772db254f3c35c4adca467cc4f5e2f,aircraft_carrier_06s.jpg
0,aircraft carrier,00010_aircraft_carrier,00010_aircraft_carrier/aircraft_carrier_03s.jpg,object_images/aircraft_carrier/aircraft_carrier_03s.jpg,d97541888dfbd878f3c1a42d252ff511e99250b9fb9b811ac17da8ef2db637a1,aircraft_carrier_06s.jpg
0,aircraft carrier,00010_aircraft_carrier,00010_aircraft_carrier/aircraft_carrier_04s.jpg,object_images/aircraft_carrier/aircraft_carrier_04s.jpg,8d7097b4c8efdd03634ce96cec8341a6d0b2582e688122a294469bf605458984,aircraft_carrier_06s.jpg
0,aircraft carrier,00010_aircraft_carrier,00010_aircraft_carrier/aircraft_carrier_05s.jpg,object_images/aircraft_carrier/aircraft_carrier_05s.jpg,ee93367504778ce68b39827fb13e4efec6a82cdcdf3a4e9d14ecf8d6af09b545,aircraft_carrier_06s.jpg
0,aircraft carrier,00010_aircraft_carrier,00010_aircraft_carrier/aircraft_carrier_07s.jpg,object_images/aircraft_carrier/aircraft_carrier_07s.jpg,abe0357d94337447cb65bbfd79dd238fa405f670c73d854e6586643306504d1c,aircraft_carrier_06s.jpg
0,aircraft carrier,00010_aircraft_carrier,00010_aircraft_carrier/aircraft_carrier_08s.jpg,object_images/aircraft_carrier/aircraft_carrier_08s.jpg,36c7be94e22b257fb699f7173de05c65b9e15c24a031d7e1622464b098ca3925,aircraft_carrier_06s.jpg
0,aircraft carrier,00010_aircraft_carrier,00010_aircraft_carrier/aircraft_carrier_09s.jpg,object_images/aircraft_carrier/aircraft_carrier_09s.jpg,a5833e55257add9a56ea1ac74e32e509db32c4de64411c45f25489022586d705,aircraft_carrier_06s.jpg
0,aircraft carrier,00010_aircraft_carrier,00010_aircraft_carrier/aircraft_carrier_10s.jpg,object_images/aircraft_carrier/aircraft_carrier_10s.jpg,780fe2631a4bf5c05d2aa594517c658cbddec91b0d1c0c9d4e74f0104511b5fc,aircraft_carrier_06s.jpg
0,aircraft carrier,00010_aircraft_carrier,00010_aircraft_carrier/aircraft_carrier_11s.jpg,object_images/aircraft_carrier/aircraft_carrier_11s.jpg,bf4e998c290bb750c1e3a5b081f1677d42daec8c56f5ef84ce3665c9cf93ab11,aircraft_carrier_06s.jpg
0,aircraft carrier,00010_aircraft_carrier,00010_aircraft_carrier/aircraft_carrier_12s.jpg,object_images/aircraft_carrier/aircraft_carrier_12s.jpg,ae7fb69b6230d121f7294c7d3bb0f460edcae966042720f8cd3f21f760912e19,aircraft_carrier_06s.jpg
0,aircraft carrier,00010_aircraft_carrier,00010_aircraft_carrier/aircraft_carrier_13s.jpg,object_images/aircraft_carrier/aircraft_carrier_13s.jpg,85f5d0167b4c526e09648c42155b52be69c422c6980eaf08cd299cabc75930fa,aircraft_carrier_06s.jpg
0,aircraft carrier,00010_aircraft_carrier,00010_aircraft_carrier/aircraft_carrier_14s.jpg,object_images/aircraft_carrier/aircraft_carrier_14s.jpg,07b5420ce4a84030c7a1515b9ed29fa323ce9c2ba9d0da69e88ab83b9e514205,aircraft_carrier_06s.jpg
0,aircraft carrier,00010_aircraft_carrier,00010_aircraft_carrier/aircraft_carrier_15s.jpg,object_images/aircraft_carrier/aircraft_carrier_15s.jpg,d755946beff3803ab050b2bf13ec429eb51bfcdc5ad4bce19a1bebbff52fb35a,aircraft_carrier_06s.jpg
0,aircraft carrier,00010_aircraft_carrier,00010_aircraft_carrier/aircraft_carrier_16s.jpg,object_images/aircraft_carrier/aircraft_carrier_16s.jpg,c1af320d891e5781b5bf3dd2fbaf630445ef6770a655bc97ef24ebbb9f091506,aircraft_carrier_06s.jpg
0,aircraft carrier,00010_aircraft_carrier,00010_aircraft_carrier/aircraft_carrier_17s.jpg,object_images/aircraft_carrier/aircraft_carrier_17s.jpg,42529dc198e977f9265145c5f85492d898c168b19dcb792689f86b63343a9044,aircraft_carrier_06s.jpg
0,aircraft carrier,00010_aircraft_carrier,00010_aircraft_carrier/aircraft_carrier_18s.jpg,object_images/aircraft_carrier/aircraft_carrier_18s.jpg,a6491fdb2ce47a909defb8cc494d26802ec2acb4c4bc70290882040bc934648b,aircraft_carrier_06s.jpg
0,aircraft carrier,00010_aircraft_carrier,00010_aircraft_carrier/aircraft_carrier_19s.jpg,object_images/aircraft_carrier/aircraft_carrier_19s.jpg,d2a95f95c29e89e581c58c3a93e8be3b607dde52e414781b2d80b9370365ba91,aircraft_carrier_06s.jpg
0,aircraft carrier,00010_aircraft_carrier,00010_aircraft_carrier/aircraft_carrier_20s.jpg,object_images/aircraft_carrier/aircraft_carrier_20s.jpg,42dfa15544b17ce60ed3799f51d83cfd6ee241b393a6db427494a927c0ed5c11,aircraft_carrier_06s.jpg
0,aircraft carrier,00010_aircraft_carrier,00010_aircraft_carrier/aircraft_carrier_21s.jpg,object_images/aircraft_carrier/aircraft_carrier_21s.jpg,f4137e161e5c8d2f7ddeaeff61a72ce01df7ee623ad8849f5c1c471708b00991,aircraft_carrier_06s.jpg
0,aircraft carrier,00010_aircraft_carrier,00010_aircraft_carrier/aircraft_carrier_22s.jpg,object_images/aircraft_carrier/aircraft_carrier_22s.jpg,6bb4ee97609997f90a717aaba2ec0ae37b2da84426d9ac150c388aef866af705,aircraft_carrier_06s.jpg
0,aircraft carrier,00010_aircraft_carrier,00010_aircraft_carrier/aircraft_carrier_23s.jpg,object_images/aircraft_carrier/aircraft_carrier_23s.jpg,f991541e6ee480a611c083a40101fefe625fc9c148c715d5d171b4cd5241b361,aircraft_carrier_06s.jpg
1,antelope,00027_antelope,00027_antelope/antelope_02n.jpg,object_images/antelope/antelope_02n.jpg,f7d400ff9c42893e096d1a879e04e6aa92545b87d57b4dc13f171cdc5ecf323a,antelope_01b.jpg
1,antelope,00027_antelope,00027_antelope/antelope_03n.jpg,object_images/antelope/antelope_03n.jpg,ae43884128119d09e17427abc44879b6f5fb116df48b004122329db699829ee2,antelope_01b.jpg
1,antelope,00027_antelope,00027_antelope/antelope_04n.jpg,object_images/antelope/antelope_04n.jpg,48688e1776c7a7bfa40bb9894e99f35dfbbd969ec722da3441fe0ad4fa9d9f72,antelope_01b.jpg
1,antelope,00027_antelope,00027_antelope/antelope_05n.jpg,object_images/antelope/antelope_05n.jpg,55cd87e064152ea5b638e11c56cf8607d1211313c778922928825e4c15bb1618,antelope_01b.jpg
1,antelope,00027_antelope,00027_antelope/antelope_06n.jpg,object_images/antelope/antelope_06n.jpg,1e025855e553750dbc625e2d3ccd92fe1fe3b66dad1823b041dab3853e416411,antelope_01b.jpg
1,antelope,00027_antelope,00027_antelope/antelope_07n.jpg,object_images/antelope/antelope_07n.jpg,6daafe5b27c666d51ced02d16816014b1ab9eeee23717137fcfd358f9c6a3e47,antelope_01b.jpg
1,antelope,00027_antelope,00027_antelope/antelope_08n.jpg,object_images/antelope/antelope_08n.jpg,76f516e16e34661d1fe2fb23776e63e475e40ca49867f0aedf9305d9a4c00f93,antelope_01b.jpg
1,antelope,00027_antelope,00027_antelope/antelope_09n.jpg,object_images/antelope/antelope_09n.jpg,5639cddf01e112b8645ffad90b7f4a21d0825eda655c1412ba4383eb430b718f,antelope_01b.jpg
1,antelope,00027_antelope,00027_antelope/antelope_10n.jpg,object_images/antelope/antelope_10n.jpg,92292df30adde6353fadc9b3fb829901aaeffdd255162ccb206683af23248ddf,antelope_01b.jpg
1,antelope,00027_antelope,00027_antelope/antelope_11s.jpg,object_images/antelope/antelope_11s.jpg,9bb9642c4bbcf3f2f70d552e2863397073d6a9a1a37e2fa106ea97e0aa05a828,antelope_01b.jpg
1,antelope,00027_antelope,00027_antelope/antelope_12n.jpg,object_images/antelope/antelope_12n.jpg,2468cbde8e694a07f2243c8c09c25f0160b25cdba232c1919b8ce76940028517,antelope_01b.jpg
2,backscratcher,00051_backscratcher,00051_backscratcher/backscratcher_02s.jpg,object_images/backscratcher/backscratcher_02s.jpg,b946c0bc9dd1c69ff82aad941377ccd9f10ab8c9620eb9f1f1ceb848fcd32a2f,backscratcher_01b.jpg
2,backscratcher,00051_backscratcher,00051_backscratcher/backscratcher_03s.jpg,object_images/backscratcher/backscratcher_03s.jpg,479f0253fbf706a8b6e7c7e33f6651176cd10fe1a46094d755218b6522d93cb3,backscratcher_01b.jpg
2,backscratcher,00051_backscratcher,00051_backscratcher/backscratcher_04s.jpg,object_images/backscratcher/backscratcher_04s.jpg,c0ef93400cee709f869d608429dee517acca22a1c56923dc334f66c6e81d9400,backscratcher_01b.jpg
2,backscratcher,00051_backscratcher,00051_backscratcher/backscratcher_05s.jpg,object_images/backscratcher/backscratcher_05s.jpg,3f77974ee1df21c28efcf6eeb6a4af4f87c8ccb6f5dddbe4f557a22dd644afe5,backscratcher_01b.jpg
2,backscratcher,00051_backscratcher,00051_backscratcher/backscratcher_06s.jpg,object_images/backscratcher/backscratcher_06s.jpg,b78ae0e403eb5f4c2e7430bbe81d34a70fe653450f70da190140dc673d341add,backscratcher_01b.jpg
2,backscratcher,00051_backscratcher,00051_backscratcher/backscratcher_07s.jpg,object_images/backscratcher/backscratcher_07s.jpg,fc64ae3d89258f0a114e4e98c78d603172d2504e924ab7ca114307a61e569881,backscratcher_01b.jpg
2,backscratcher,00051_backscratcher,00051_backscratcher/backscratcher_08s.jpg,object_images/backscratcher/backscratcher_08s.jpg,96fccd80245c3c40ac5e4e8d6bf9781f7613c35e7f84fd0b62fe18405eca8117,backscratcher_01b.jpg
2,backscratcher,00051_backscratcher,00051_backscratcher/backscratcher_09s.jpg,object_images/backscratcher/backscratcher_09s.jpg,6dc0d26953d8de2a7de2fe02ec893ba1d5f55ede5947494fb2e0614e21793762,backscratcher_01b.jpg
2,backscratcher,00051_backscratcher,00051_backscratcher/backscratcher_10s.jpg,object_images/backscratcher/backscratcher_10s.jpg,2f78469cf9b35951c807cb7ac63d650f5a0cb470f6f973d7e18c6eb0c98e8731,backscratcher_01b.jpg
2,backscratcher,00051_backscratcher,00051_backscratcher/backscratcher_11s.jpg,object_images/backscratcher/backscratcher_11s.jpg,97f1cdc01b9bd4fbd221b6743c8327cf658f13cd25b0af0d6ee7657b16f6a1ff,backscratcher_01b.jpg
2,backscratcher,00051_backscratcher,00051_backscratcher/backscratcher_12s.jpg,object_images/backscratcher/backscratcher_12s.jpg,cf6c28331680688678ed807912839ca64c64c46c90b181d44ff5bd8897bdd63c,backscratcher_01b.jpg
2,backscratcher,00051_backscratcher,00051_backscratcher/backscratcher_13s.jpg,object_images/backscratcher/backscratcher_13s.jpg,8db2b39a1f3c0920ba59da29ca2b127dc5afb79e9726fac9332f63caef5003c5,backscratcher_01b.jpg
2,backscratcher,00051_backscratcher,00051_backscratcher/backscratcher_14s.jpg,object_images/backscratcher/backscratcher_14s.jpg,b6ede14002e7fe26ecbdb56bb1c5da6f54ea2c2d3b177f03852e4a3bd416c351,backscratcher_01b.jpg
2,backscratcher,00051_backscratcher,00051_backscratcher/backscratcher_15s.jpg,object_images/backscratcher/backscratcher_15s.jpg,f4b7d6ac45aef13e0eb34c5bac4f87fc0fff37072f4f9ed83f91f6685d7e9f0d,backscratcher_01b.jpg
2,backscratcher,00051_backscratcher,00051_backscratcher/backscratcher_16s.jpg,object_images/backscratcher/backscratcher_16s.jpg,72ce9c25c73fb3923b5ac7e2a48cc7d1d9b90f8666fcf89f031adf7cd5774b59,backscratcher_01b.jpg
2,backscratcher,00051_backscratcher,00051_backscratcher/backscratcher_17s.jpg,object_images/backscratcher/backscratcher_17s.jpg,b5e6a3418ac2ed1fbe5cc5bd1cc4a27f4b8972bc38afb633c7ccbeb9668d4bb7,backscratcher_01b.jpg
2,backscratcher,00051_backscratcher,00051_backscratcher/backscratcher_18s.jpg,object_images/backscratcher/backscratcher_18s.jpg,2451fed5e51a31d0824a05fdc9e5878300115451fc0ff71ce6a9b148f1a71a1e,backscratcher_01b.jpg
2,backscratcher,00051_backscratcher,00051_backscratcher/backscratcher_19s.jpg,object_images/backscratcher/backscratcher_19s.jpg,36a999d72b7e46e076bbe9c4d88ae8f4ad39cba4d22e2a2df74f7b5f317da346,backscratcher_01b.jpg
2,backscratcher,00051_backscratcher,00051_backscratcher/backscratcher_20s.jpg,object_images/backscratcher/backscratcher_20s.jpg,02165f5c882760d3e49de5636d99b377b4301be640cc3249973b275c5e3fc32c,backscratcher_01b.jpg
3,balance beam,00059_balance_beam,00059_balance_beam/balance_beam_01b.jpg,object_images/balance_beam/balance_beam_01b.jpg,41b641bf8c629cb34e2d3d717ac22008b6f636482ef0e0811eedc04642ebaae1,balance_beam_04s.jpg
3,balance beam,00059_balance_beam,00059_balance_beam/balance_beam_02s.jpg,object_images/balance_beam/balance_beam_02s.jpg,a7221d46336aea73b4a0e7c53b29987dab1d007e18e33b6a769aec8a7aec4a7f,balance_beam_04s.jpg
3,balance beam,00059_balance_beam,00059_balance_beam/balance_beam_03s.jpg,object_images/balance_beam/balance_beam_03s.jpg,ba9076230bbfa49b88aa780f73dfa165dec6b69ead34de616477b064f919e5c6,balance_beam_04s.jpg
3,balance beam,00059_balance_beam,00059_balance_beam/balance_beam_05s.jpg,object_images/balance_beam/balance_beam_05s.jpg,f704032e7ffdaa82c692b714c9b464d017205fc79f713c0794f1627edc08bbff,balance_beam_04s.jpg
3,balance beam,00059_balance_beam,00059_balance_beam/balance_beam_06s.jpg,object_images/balance_beam/balance_beam_06s.jpg,ae67c0627b6c4235c53f24bb4b3ead84c2475a8520114c0b13f96cf31b66b607,balance_beam_04s.jpg
3,balance beam,00059_balance_beam,00059_balance_beam/balance_beam_07s.jpg,object_images/balance_beam/balance_beam_07s.jpg,de42e148ad32d0ac5ea9a79e7608aed42b117153daf54dff4b6e9060c812c9be,balance_beam_04s.jpg
3,balance beam,00059_balance_beam,00059_balance_beam/balance_beam_08s.jpg,object_images/balance_beam/balance_beam_08s.jpg,52be3a603202718cc7e85290dea0759bad4a5953cafef8f5f9b0449e682510e1,balance_beam_04s.jpg
3,balance beam,00059_balance_beam,00059_balance_beam/balance_beam_09s.jpg,object_images/balance_beam/balance_beam_09s.jpg,8543023ef390994464d937d9f10a42e8053d7e13d4375d77a85502263f0d0c2a,balance_beam_04s.jpg
3,balance beam,00059_balance_beam,00059_balance_beam/balance_beam_10s.jpg,object_images/balance_beam/balance_beam_10s.jpg,36257d82f8a8088e2e60828253b68262a3af108464241e13a3345152191f4733,balance_beam_04s.jpg
3,balance beam,00059_balance_beam,00059_balance_beam/balance_beam_11s.jpg,object_images/balance_beam/balance_beam_11s.jpg,2af7793bba3eeaf4a2b825cbb73acd19d39cf86f1bf6eb3fb137d78fa7ce78f3,balance_beam_04s.jpg
3,balance beam,00059_balance_beam,00059_balance_beam/balance_beam_12s.jpg,object_images/balance_beam/balance_beam_12s.jpg,1f47f49fdf818f6d6b6ad6fd2c2d744a33f6417e60ad08ddece910e34a295031,balance_beam_04s.jpg
3,balance beam,00059_balance_beam,00059_balance_beam/balance_beam_13s.jpg,object_images/balance_beam/balance_beam_13s.jpg,f252dacf749e3c5ff9aa1a6516c98bd32bb407c94e07cffd3a170aba5793a14d,balance_beam_04s.jpg
4,banana,00064_banana,00064_banana/banana_01b.jpg,object_images/banana/banana_01b.jpg,fdc679b64977a58cd247e6cc9c561b9aada9f404a43fd39fc2197285d9a9fbba,banana_09s.jpg
4,banana,00064_banana,00064_banana/banana_02s.jpg,object_images/banana/banana_02s.jpg,d604e517f162fece3f324970017902004862ea2efeecd40e9c9d6c8a14cee75e,banana_09s.jpg
4,banana,00064_banana,00064_banana/banana_03s.jpg,object_images/banana/banana_03s.jpg,5ccd7756b6240bf65406f455ecbbd8726037423440213c028e5906390844a6ca,banana_09s.jpg
4,banana,00064_banana,00064_banana/banana_04s.jpg,object_images/banana/banana_04s.jpg,90bbd183af7cb32cc9ae55a61a61430e68fa8a35dd45295652a33fb6bc30b1f2,banana_09s.jpg
4,banana,00064_banana,00064_banana/banana_05s.jpg,object_images/banana/banana_05s.jpg,a2a12924d1562fba3020a37a870f6fe46cbe09c0c1c898c0a9e8acc67f7d03db,banana_09s.jpg
4,banana,00064_banana,00064_banana/banana_06s.jpg,object_images/banana/banana_06s.jpg,26c7336472f9302e4e6607102adc956be5ee47a2fe62044726aea2143975b559,banana_09s.jpg
4,banana,00064_banana,00064_banana/banana_07s.jpg,object_images/banana/banana_07s.jpg,996401d0571133e2fc260239a109a01444beaf987718a73d7f4f83c83621abb2,banana_09s.jpg
4,banana,00064_banana,00064_banana/banana_08s.jpg,object_images/banana/banana_08s.jpg,5c7ada6bcb09b72f6e3abb942c8284f3c80a06d4a3e8a6c7719b0f3663bd36ca,banana_09s.jpg
4,banana,00064_banana,00064_banana/banana_10s.jpg,object_images/banana/banana_10s.jpg,cc7c6ff544531310cc61af1751fca8bae8f06303b53c174f9eecd3b91d05a4de,banana_09s.jpg
4,banana,00064_banana,00064_banana/banana_11s.jpg,object_images/banana/banana_11s.jpg,2469eea33ba432d326e8a326e4af7410425984979c90714adfe0ec20271de1a5,banana_09s.jpg
4,banana,00064_banana,00064_banana/banana_12s.jpg,object_images/banana/banana_12s.jpg,610ef69206216792b3e3fbd5c8d5a94d966f32e9cc09fca5c04e80e6c3a94bc9,banana_09s.jpg
4,banana,00064_banana,00064_banana/banana_13s.jpg,object_images/banana/banana_13s.jpg,6590c28b412946d7bcc0ab77f9259513c9edf40b53432f23fcfd6708cd9a70a4,banana_09s.jpg
5,baseball bat,00080_baseball_bat,00080_baseball_bat/baseball_bat_01b.jpg,object_images/baseball_bat/baseball_bat_01b.jpg,0a93f3441f177c5f501d149abec4166e7be596fe7d2b3c3d362702b26dfa0335,baseball_bat_10s.jpg
5,baseball bat,00080_baseball_bat,00080_baseball_bat/baseball_bat_02s.jpg,object_images/baseball_bat/baseball_bat_02s.jpg,44ecd07968fe997e59daf3e3904d1c0f5789df7fb0f922f7638dbf6be6888b0b,baseball_bat_10s.jpg
5,baseball bat,00080_baseball_bat,00080_baseball_bat/baseball_bat_03s.jpg,object_images/baseball_bat/baseball_bat_03s.jpg,cc0a5f371808a6be80be7f29cfdd2c75700270d606393c0e4e95916a2adf7b03,baseball_bat_10s.jpg
5,baseball bat,00080_baseball_bat,00080_baseball_bat/baseball_bat_04s.jpg,object_images/baseball_bat/baseball_bat_04s.jpg,fb8605708478a0088c3b12823e994f0d5546333f683f6095a39bc750f63fbb80,baseball_bat_10s.jpg
5,baseball bat,00080_baseball_bat,00080_baseball_bat/baseball_bat_05s.jpg,object_images/baseball_bat/baseball_bat_05s.jpg,477b9c1a9cab94967295c6f19ddce4a3735fe20fae4ad0521e4fd1dce2efd8e7,baseball_bat_10s.jpg
5,baseball bat,00080_baseball_bat,00080_baseball_bat/baseball_bat_06s.jpg,object_images/baseball_bat/baseball_bat_06s.jpg,3198e5b0aebbace5e11e5d7c182a7a1cabd5ae63d1464b8aa57c2ac96b9fc019,baseball_bat_10s.jpg
5,baseball bat,00080_baseball_bat,00080_baseball_bat/baseball_bat_07s.jpg,object_images/baseball_bat/baseball_bat_07s.jpg,e5687215ead222f297deee3754bb63fc2ff6a76542f837b7ef52bdac3719ed13,baseball_bat_10s.jpg
5,baseball bat,00080_baseball_bat,00080_baseball_bat/baseball_bat_08s.jpg,object_images/baseball_bat/baseball_bat_08s.jpg,be207c61f32301753ecf3e7e4a8e60d85217781a939eeaef95e9789130976cd2,baseball_bat_10s.jpg
5,baseball bat,00080_baseball_bat,00080_baseball_bat/baseball_bat_09s.jpg,object_images/baseball_bat/baseball_bat_09s.jpg,30b5524167c49e0ae68191af46fce534854ad067d8e6845a3deb827f8e3d6253,baseball_bat_10s.jpg
5,baseball bat,00080_baseball_bat,00080_baseball_bat/baseball_bat_11s.jpg,object_images/baseball_bat/baseball_bat_11s.jpg,dfef69368be4db7c6f10ef4ba88ebff50cd740560e8811aa929ff75351db4147,baseball_bat_10s.jpg
5,baseball bat,00080_baseball_bat,00080_baseball_bat/baseball_bat_12s.jpg,object_images/baseball_bat/baseball_bat_12s.jpg,521e15b5d6ef5135d4654469796be0680d23d9c9d8e36d21d80008c51c6bdfef,baseball_bat_10s.jpg
6,basil,00082_basil,00082_basil/basil_01b.jpg,object_images/basil/basil_01b.jpg,f344eaf1339eeb173562ef9c90746429df54c1b316416279f3663108b5113153,basil_05s.jpg
6,basil,00082_basil,00082_basil/basil_02s.jpg,object_images/basil/basil_02s.jpg,9e514aa7a9630af2b044b900e1c68a394ca4fb5eb4d417ab1c5e3e8606404680,basil_05s.jpg
6,basil,00082_basil,00082_basil/basil_03s.jpg,object_images/basil/basil_03s.jpg,e13461dbd543bed5bc51c92cf2ae1764f398dd1e1283bc00766b7012b86ae9fc,basil_05s.jpg
6,basil,00082_basil,00082_basil/basil_04s.jpg,object_images/basil/basil_04s.jpg,a88c7554bc3f27daee623a3104b47709acbe9c8ef05de9ff7c25178c39953598,basil_05s.jpg
6,basil,00082_basil,00082_basil/basil_06s.jpg,object_images/basil/basil_06s.jpg,61cc55d62dc031a858f7c80adaebc67ca11bb64f29ef9facb0ddba86a948c26f,basil_05s.jpg
6,basil,00082_basil,00082_basil/basil_07s.jpg,object_images/basil/basil_07s.jpg,3ff44808eed0f3e28b5a7632501bf0850518cabf36348e01990b3f5747fe76b7,basil_05s.jpg
6,basil,00082_basil,00082_basil/basil_08s.jpg,object_images/basil/basil_08s.jpg,27be851d28c85148effb94a00654808f97c9f5f9b6ec628ed960277a1c3f2704,basil_05s.jpg
6,basil,00082_basil,00082_basil/basil_09s.jpg,object_images/basil/basil_09s.jpg,5d3f823473508bc07a08e70015f00feb97cdcb5cde3f38f467948ad6a8c396af,basil_05s.jpg
6,basil,00082_basil,00082_basil/basil_10s.jpg,object_images/basil/basil_10s.jpg,c3bfd576f8528a2330b2a07641619bfe9838cf9ddabd522900c407c7f39c403c,basil_05s.jpg
6,basil,00082_basil,00082_basil/basil_11s.jpg,object_images/basil/basil_11s.jpg,fc9b23c4e1203e4dfae65427990969399faf31ee2224a710f47fe15ee6d78076,basil_05s.jpg
6,basil,00082_basil,00082_basil/basil_12s.jpg,object_images/basil/basil_12s.jpg,9fc74b52c0998a09859e77190ad98f254380f336a026436b66a66712cc9b0fe2,basil_05s.jpg
6,basil,00082_basil,00082_basil/basil_13s.jpg,object_images/basil/basil_13s.jpg,9c13593a946c9c74276f40fbace27dfce5450797b9222acfbcd315e43bf8599f,basil_05s.jpg
6,basil,00082_basil,00082_basil/basil_14s.jpg,object_images/basil/basil_14s.jpg,365435866940c08c478d20f8d7ce6f75417df7f63cad4daa0e49e1f8898bf6b6,basil_05s.jpg
7,basketball,00084_basketball,00084_basketball/basketball_01b.jpg,object_images/basketball/basketball_01b.jpg,d75bd7dc2afe83e2faea6982a41f6ab02dcab1ead9f74bf5e1ec76c2389099ed,basketball_05s.jpg
7,basketball,00084_basketball,00084_basketball/basketball_02s.jpg,object_images/basketball/basketball_02s.jpg,b401fc8d47ea82c267fdd813afb8b519f53bf041700f01238d6e5229be510fa8,basketball_05s.jpg
7,basketball,00084_basketball,00084_basketball/basketball_03s.jpg,object_images/basketball/basketball_03s.jpg,f4f8aa9cfffe3211c1195fba239c0f60f383659dc22aafe9956d4d7804f7a6a5,basketball_05s.jpg
7,basketball,00084_basketball,00084_basketball/basketball_04s.jpg,object_images/basketball/basketball_04s.jpg,e12d9bd80ca19aaa41425cbdd2ea84c1b05285f025174e34c58a8ec86008c408,basketball_05s.jpg
7,basketball,00084_basketball,00084_basketball/basketball_06s.jpg,object_images/basketball/basketball_06s.jpg,ccbff36e789b467c57894a75d10ae122ada20f546813b20a2f24a7ec47a6de2e,basketball_05s.jpg
7,basketball,00084_basketball,00084_basketball/basketball_07s.jpg,object_images/basketball/basketball_07s.jpg,663cbff10e346551a6d3c6be5ccf137f9717770ab5edaa718f6774d6a02a4efb,basketball_05s.jpg
7,basketball,00084_basketball,00084_basketball/basketball_08s.jpg,object_images/basketball/basketball_08s.jpg,9857cbd4b9acfb9c987f978d63bbea4f9e71c0b67250e0273ec0d8c00b9bb35c,basketball_05s.jpg
7,basketball,00084_basketball,00084_basketball/basketball_09s.jpg,object_images/basketball/basketball_09s.jpg,7f6deef33c59c4a37faaa7acd12de618b15853cd8de7001ebdaa0ef592fd540c,basketball_05s.jpg
7,basketball,00084_basketball,00084_basketball/basketball_10s.jpg,object_images/basketball/basketball_10s.jpg,c62abfc5a85d191f2a8735376ce336c3426fe1b1cf5e15067dea5d2b40b4d8ea,basketball_05s.jpg
7,basketball,00084_basketball,00084_basketball/basketball_11s.jpg,object_images/basketball/basketball_11s.jpg,d472de3eb06d229dcffa23120e099aae14dc382883e0a7ea0cfd68afc2aa9f58,basketball_05s.jpg
7,basketball,00084_basketball,00084_basketball/basketball_12s.jpg,object_images/basketball/basketball_12s.jpg,cb9fe6d2ea0e739cad83ceff54cd142ecd0c46eb98c52388fe836033c5f0c50d,basketball_05s.jpg
7,basketball,00084_basketball,00084_basketball/basketball_13s.jpg,object_images/basketball/basketball_13s.jpg,54d87119e93a4eddcbeff023411738717e66d1ebaeefda36745b016dc5426ef2,basketball_05s.jpg
8,bassoon,00087_bassoon,00087_bassoon/bassoon_02s.jpg,object_images/bassoon/bassoon_02s.jpg,dd99a11d144d1d943f34f31db93405c0fc50a5b048d3e90278978816ed569fda,bassoon_01b.jpg
8,bassoon,00087_bassoon,00087_bassoon/bassoon_03s.jpg,object_images/bassoon/bassoon_03s.jpg,7f9990e07bcd1514a7a2e1165f7f72f8bf574d57b287f133bc10b9938fd4a0fc,bassoon_01b.jpg
8,bassoon,00087_bassoon,00087_bassoon/bassoon_04s.jpg,object_images/bassoon/bassoon_04s.jpg,aed352326da7d67108c00ab2a0b9d88f8cc9f9429b288dd816f9abf466bc0200,bassoon_01b.jpg
8,bassoon,00087_bassoon,00087_bassoon/bassoon_05s.jpg,object_images/bassoon/bassoon_05s.jpg,9a2c953189bbbea7537672040b2a8a175c48cd2b428d032a5dfbd52239fa92e5,bassoon_01b.jpg
8,bassoon,00087_bassoon,00087_bassoon/bassoon_06s.jpg,object_images/bassoon/bassoon_06s.jpg,8144123f4d4421e7f25eabbd8682702b6dd66da0ac8ccfcfed7c2f926d43c40c,bassoon_01b.jpg
8,bassoon,00087_bassoon,00087_bassoon/bassoon_07s.jpg,object_images/bassoon/bassoon_07s.jpg,96daa95988e2bd3279fc1917e61eee752c15fde5821897401406ded3318417b1,bassoon_01b.jpg
8,bassoon,00087_bassoon,00087_bassoon/bassoon_08s.jpg,object_images/bassoon/bassoon_08s.jpg,f9668408ebe3ac8ca667c7868326abdbd4077e9c9869535638ee6eb3e2a4e3f9,bassoon_01b.jpg
8,bassoon,00087_bassoon,00087_bassoon/bassoon_09s.jpg,object_images/bassoon/bassoon_09s.jpg,496a13c59d9addfa21bf3e6ea2cd98b1291ce11215329303bba4304b9e4266a9,bassoon_01b.jpg
8,bassoon,00087_bassoon,00087_bassoon/bassoon_10s.jpg,object_images/bassoon/bassoon_10s.jpg,45eba46a8effafecc67303ce3b5ff6c0d11015b0081dca4b5d112ddd79e38d75,bassoon_01b.jpg
8,bassoon,00087_bassoon,00087_bassoon/bassoon_11s.jpg,object_images/bassoon/bassoon_11s.jpg,b98afbeb47a26417983f721757158b97985a8fd4d9e1f1ac581e1ee46e5bdcaf,bassoon_01b.jpg
8,bassoon,00087_bassoon,00087_bassoon/bassoon_12s.jpg,object_images/bassoon/bassoon_12s.jpg,8a9d2f82ec908cf0576a92f9d1aa5ab393e170866dd61d15851beb395242c998,bassoon_01b.jpg
8,bassoon,00087_bassoon,00087_bassoon/bassoon_13s.jpg,object_images/bassoon/bassoon_13s.jpg,5629bf84fb7d1eff6d852d7b95b6c6264cc09f09cdd639c03ad9b132817dcc48,bassoon_01b.jpg
8,bassoon,00087_bassoon,00087_bassoon/bassoon_14s.jpg,object_images/bassoon/bassoon_14s.jpg,f4fc9a3a18e290b0bfbff86b26a7f1c791b052e8496f55f3cd965cb974bf6536,bassoon_01b.jpg
8,bassoon,00087_bassoon,00087_bassoon/bassoon_15s.jpg,object_images/bassoon/bassoon_15s.jpg,14bde7509b1c6606f9e1e986d14bd1d902c75519e6111bb79a44213220b5247e,bassoon_01b.jpg
8,bassoon,00087_bassoon,00087_bassoon/bassoon_16s.jpg,object_images/bassoon/bassoon_16s.jpg,e92644a1134595f540257943b3f9fe4b6b785aa35b055fd21a3c5a6c55711649,bassoon_01b.jpg
8,bassoon,00087_bassoon,00087_bassoon/bassoon_17s.jpg,object_images/bassoon/bassoon_17s.jpg,652f743749e9191283e059c3996d39bb594ee8517ed613fd588f52ddcdfc1811,bassoon_01b.jpg
8,bassoon,00087_bassoon,00087_bassoon/bassoon_18s.jpg,object_images/bassoon/bassoon_18s.jpg,dc7578148e56e50446de0313ed24ddc4a3c4fb60f433f382beef1cf98fd56008,bassoon_01b.jpg
8,bassoon,00087_bassoon,00087_bassoon/bassoon_19s.jpg,object_images/bassoon/bassoon_19s.jpg,7c0af6d18cd26c77e89a2753d9985b15ca4dac4b32ceef9c46ec21271fa3605a,bassoon_01b.jpg
9,baton4,00096_baton4,00096_baton4/baton4_01b.jpg,object_images/baton4/baton4_01b.jpg,6a287ea1897c638ca67c25d41f8035ee8ebb2d7caeb9682e449f3d6928682bce,baton4_05s.jpg
9,baton4,00096_baton4,00096_baton4/baton4_02s.jpg,object_images/baton4/baton4_02s.jpg,d7dd40a059dd4c70389f8ffc1c8c4c19624865c56c2f3227e8945e07d7e99e55,baton4_05s.jpg
9,baton4,00096_baton4,00096_baton4/baton4_03s.jpg,object_images/baton4/baton4_03s.jpg,50775e3bc9d834365bcac167c02d9dbef8d8aea81cf4eaff649b1c731bcb80d1,baton4_05s.jpg
9,baton4,00096_baton4,00096_baton4/baton4_04s.jpg,object_images/baton4/baton4_04s.jpg,5c564551d011c9757a532a3dd5c5a628e113f3a730e1e467e57d52b2f1c74ee6,baton4_05s.jpg
9,baton4,00096_baton4,00096_baton4/baton4_06s.jpg,object_images/baton4/baton4_06s.jpg,c3faaa92470722a6cbc33e0bed2e5737b703d8d496d153cdd19e8dd1af06cd18,baton4_05s.jpg
9,baton4,00096_baton4,00096_baton4/baton4_07s.jpg,object_images/baton4/baton4_07s.jpg,e1e6d032a83543eead519c50e8fc2b14e11b315d23e173c0b618c56d9e12ce3b,baton4_05s.jpg
9,baton4,00096_baton4,00096_baton4/baton4_08s.jpg,object_images/baton4/baton4_08s.jpg,35eb604d5c9f4961099afe15b6efff2702f97abb43bd33dcfef6e9bfa75247f2,baton4_05s.jpg
9,baton4,00096_baton4,00096_baton4/baton4_09s.jpg,object_images/baton4/baton4_09s.jpg,50e6f73ad281f2d3867bcd91ad6692e7b3fb828a8342fc249660c03a683bcb79,baton4_05s.jpg
9,baton4,00096_baton4,00096_baton4/baton4_10s.jpg,object_images/baton4/baton4_10s.jpg,35db5dc7926dc6167f8608f438235294fe32a05df07fdfc53ef90b5e730ed254,baton4_05s.jpg
9,baton4,00096_baton4,00096_baton4/baton4_11s.jpg,object_images/baton4/baton4_11s.jpg,12d75d9c3dcbd91df177495ee99256bde085e0ce47543e15d5807f3f70c6bd30,baton4_05s.jpg
9,baton4,00096_baton4,00096_baton4/baton4_12s.jpg,object_images/baton4/baton4_12s.jpg,2a76f28aef021fb2f84447ddffc4fa605cb25a51a19b33883c23bac69a2304fe,baton4_05s.jpg
9,baton4,00096_baton4,00096_baton4/baton4_13s.jpg,object_images/baton4/baton4_13s.jpg,9f65b8f4a0e29471db247fea3fe4b053cd919263db3fc8f2b29e63a9bf9784cf,baton4_05s.jpg
9,baton4,00096_baton4,00096_baton4/baton4_14s.jpg,object_images/baton4/baton4_14s.jpg,ffb0b8bd6737acf8ec632b1814c371d75df69ae8f0b52303421dd9403abf5546,baton4_05s.jpg
9,baton4,00096_baton4,00096_baton4/baton4_15s.jpg,object_images/baton4/baton4_15s.jpg,69f53710500a165772d85bedab325dfd22a8a24eb04644b1e0f17d3561bec59d,baton4_05s.jpg
9,baton4,00096_baton4,00096_baton4/baton4_16s.jpg,object_images/baton4/baton4_16s.jpg,91dab2b324a59e721447dde099421b8339c0ead00830f40e4363152e0fbfe600,baton4_05s.jpg
9,baton4,00096_baton4,00096_baton4/baton4_17s.jpg,object_images/baton4/baton4_17s.jpg,774aed05b6a78e7d2af43978680641b51701ebd3d40f69adf5f9c94fa7925667,baton4_05s.jpg
9,baton4,00096_baton4,00096_baton4/baton4_18s.jpg,object_images/baton4/baton4_18s.jpg,6d8e3a7175e9a3fea0d3c22aeb8d62ea701eea48d40b1f2b1b35944568c5bcaf,baton4_05s.jpg
10,batter,00097_batter,00097_batter/batter_02s.jpg,object_images/batter/batter_02s.jpg,cb4cf3d45c812fdce4c48a784bc4a863d4c7a3d15fa8e2051bd7a6b3b5246384,batter_01b.jpg
10,batter,00097_batter,00097_batter/batter_03s.jpg,object_images/batter/batter_03s.jpg,697b0c4b77cc881b74cf5b2bd78367f243b076bcfdc670d62e194b67f3893efa,batter_01b.jpg
10,batter,00097_batter,00097_batter/batter_04s.jpg,object_images/batter/batter_04s.jpg,bef3252d42f04cca52b8099077d2a23c096ebc2b000c6038b28ff95c44ef3469,batter_01b.jpg
10,batter,00097_batter,00097_batter/batter_05s.jpg,object_images/batter/batter_05s.jpg,663c2aecb7eab9c0ac4234103a9a2388a16fb52d7d4ea910dc3e8fbc96b84067,batter_01b.jpg
10,batter,00097_batter,00097_batter/batter_06s.jpg,object_images/batter/batter_06s.jpg,2a5a5585e8b66006e4a38e28a76e51931fef97d2796d4904b5f1fe8429c14922,batter_01b.jpg
10,batter,00097_batter,00097_batter/batter_07s.jpg,object_images/batter/batter_07s.jpg,46ae7dc9cd77dd04b404d2928a28833dab4741c9276f3d0878309014be250211,batter_01b.jpg
10,batter,00097_batter,00097_batter/batter_08s.jpg,object_images/batter/batter_08s.jpg,addbc6f989a52ac9a356b467975b3ca43892bdac3f58401b6799b9ecfec724c3,batter_01b.jpg
10,batter,00097_batter,00097_batter/batter_09s.jpg,object_images/batter/batter_09s.jpg,2e6f1bb34caf1f3f989f6d4a65467df1185e70a6c41476fdd50f0727c6a66b6a,batter_01b.jpg
10,batter,00097_batter,00097_batter/batter_10s.jpg,object_images/batter/batter_10s.jpg,88098c570942f0ee48d711a63d9f4a2c115e8be593ad8bc3c86f327da6db8d18,batter_01b.jpg
10,batter,00097_batter,00097_batter/batter_11s.jpg,object_images/batter/batter_11s.jpg,01494a6a33ae7736f5e81e640f24407b678d79cb197a88898eea53fa2606b30a,batter_01b.jpg
10,batter,00097_batter,00097_batter/batter_12s.jpg,object_images/batter/batter_12s.jpg,94c720028efd1f274b9f52a9214864863aaadd90ddd023fc6c490f6507b3a9f9,batter_01b.jpg
11,beaver,00108_beaver,00108_beaver/beaver_01b.jpg,object_images/beaver/beaver_01b.jpg,ae6542b49f9e2f0d8187e08f41b3e9307afdd9d2234b7065f75428c42eace80a,beaver_04s.jpg
11,beaver,00108_beaver,00108_beaver/beaver_02s.jpg,object_images/beaver/beaver_02s.jpg,12021f15c6ddeecdee241ec6041aa949190462c65309551ac8345153875dd963,beaver_04s.jpg
11,beaver,00108_beaver,00108_beaver/beaver_03s.jpg,object_images/beaver/beaver_03s.jpg,595173970e4127743d8f8549bcb61514b589e0c0d53475a5a255f5f32d6e1045,beaver_04s.jpg
11,beaver,00108_beaver,00108_beaver/beaver_05s.jpg,object_images/beaver/beaver_05s.jpg,cd310bfe2c4a6c1c47cae179794aafdd49615182f3efdce0b47a6d9263455dee,beaver_04s.jpg
11,beaver,00108_beaver,00108_beaver/beaver_06s.jpg,object_images/beaver/beaver_06s.jpg,28b13f937f6d99712b4507361965cd9e8bea1645f2fcc7adff5f0cd93d99b40f,beaver_04s.jpg
11,beaver,00108_beaver,00108_beaver/beaver_07s.jpg,object_images/beaver/beaver_07s.jpg,1382e6aa96c222208de3a6f8675d40aad23802a1bed24c412b6f1d7ba779beab,beaver_04s.jpg
11,beaver,00108_beaver,00108_beaver/beaver_08s.jpg,object_images/beaver/beaver_08s.jpg,808f76e7f4a24438d1974d21ae15e3b641df107ca37c6f522cc11665fd345344,beaver_04s.jpg
11,beaver,00108_beaver,00108_beaver/beaver_09s.jpg,object_images/beaver/beaver_09s.jpg,91d5ba4d236cb5da1a8ef38de169a8e51a62cab1f8ed59f46b6e74fba685da03,beaver_04s.jpg
11,beaver,00108_beaver,00108_beaver/beaver_10s.jpg,object_images/beaver/beaver_10s.jpg,0dc5a08456f5ccb6808ccef6ec96d4cfa847f19fdb04741ec020b9e1a553356e,beaver_04s.jpg
11,beaver,00108_beaver,00108_beaver/beaver_11n.jpg,object_images/beaver/beaver_11n.jpg,985b43f040b1ece95118ce7bb4b2080a4e7a17ec7a65276454a8064c729b3a99,beaver_04s.jpg
11,beaver,00108_beaver,00108_beaver/beaver_12s.jpg,object_images/beaver/beaver_12s.jpg,2cf2a7c93715cdb99b11d4c14408757fb4fdb4eab416699116bf6280fc89620f,beaver_04s.jpg
11,beaver,00108_beaver,00108_beaver/beaver_13n.jpg,object_images/beaver/beaver_13n.jpg,d5d53244af4597bb98a6fec425d44f039fd7f20347df91df2857752c3a1d6449,beaver_04s.jpg
11,beaver,00108_beaver,00108_beaver/beaver_14n.jpg,object_images/beaver/beaver_14n.jpg,aef2a2717f4962507d91663329263d8a824f39d3efd8880d8d0a8285d84a90f5,beaver_04s.jpg
11,beaver,00108_beaver,00108_beaver/beaver_15n.jpg,object_images/beaver/beaver_15n.jpg,871865160e6f6e2fe42ca0ebc329cf61b3d9b6636b5b0b3140d270b4a4f71fda,beaver_04s.jpg
11,beaver,00108_beaver,00108_beaver/beaver_16n.jpg,object_images/beaver/beaver_16n.jpg,54c437817c88410aa0348a028b6f9d746496f7d8701ecdbc756ba374185c4418,beaver_04s.jpg
11,beaver,00108_beaver,00108_beaver/beaver_17n.jpg,object_images/beaver/beaver_17n.jpg,d9328dd84051fc39033274af1335e48566610aa94e8a0f756e1dd3a757ce0106,beaver_04s.jpg
12,bench,00121_bench,00121_bench/bench_02s.jpg,object_images/bench/bench_02s.jpg,d1cfeffdf66d316131af39eaabae14519a123f30fbdb6a2a4a98be46d5b337b2,bench_01b.jpg
12,bench,00121_bench,00121_bench/bench_03s.jpg,object_images/bench/bench_03s.jpg,6dd356904948ae01c76ddc419f05d83b388d8d0eb3716697c55b6bb2655f007f,bench_01b.jpg
12,bench,00121_bench,00121_bench/bench_04s.jpg,object_images/bench/bench_04s.jpg,b0a5caa2b9b497cb79481d8b7ae8cbd971eef822d17d067a5064fa5a40549679,bench_01b.jpg
12,bench,00121_bench,00121_bench/bench_05s.jpg,object_images/bench/bench_05s.jpg,394fe489a76c9a2a5be4e01913f712a652e868e48fc94a9cd53df5dd03823365,bench_01b.jpg
12,bench,00121_bench,00121_bench/bench_06s.jpg,object_images/bench/bench_06s.jpg,02d41e7a6357648404d781afa72cee4378115782406bfdfd8101da1ac5861253,bench_01b.jpg
12,bench,00121_bench,00121_bench/bench_07s.jpg,object_images/bench/bench_07s.jpg,0075f9df808054bf69ec9824fba707ed5c37015c63e0e626aa9e3ddaab839f10,bench_01b.jpg
12,bench,00121_bench,00121_bench/bench_08s.jpg,object_images/bench/bench_08s.jpg,8beba6221dfc788732241729a313f3a7e0839a930f7923b6e5ccb1d7f141679d,bench_01b.jpg
12,bench,00121_bench,00121_bench/bench_09s.jpg,object_images/bench/bench_09s.jpg,86ee56e37e97cb75fb4a8efffc46f273667c2c42771af43a40d01837f1fdc127,bench_01b.jpg
12,bench,00121_bench,00121_bench/bench_10s.jpg,object_images/bench/bench_10s.jpg,f1872145a6dc89d30461c8409a243be15027a79b158e0a8101071168bbc98b44,bench_01b.jpg
12,bench,00121_bench,00121_bench/bench_11s.jpg,object_images/bench/bench_11s.jpg,3e0af7a1c6699474d5e382ca7ade53039475fb79aaf900f1359d3363c7cb07ea,bench_01b.jpg
12,bench,00121_bench,00121_bench/bench_12s.jpg,object_images/bench/bench_12s.jpg,92dae350f2bbf483f1b7c75c2704ed8b8c63c2680ac8ff10c9d310d70c97eb39,bench_01b.jpg
12,bench,00121_bench,00121_bench/bench_13n.jpg,object_images/bench/bench_13n.jpg,bc97dff72c15533b74b8714c754d3e0be5aa9cdab42771776201a9a9272364bd,bench_01b.jpg
12,bench,00121_bench,00121_bench/bench_14n.jpg,object_images/bench/bench_14n.jpg,e8f067ae285801a8dc4a3c9ede0b8161e262408426d20b95ce9893536fff3fac,bench_01b.jpg
12,bench,00121_bench,00121_bench/bench_15s.jpg,object_images/bench/bench_15s.jpg,5b8378f0eb2630b9f60d1226b7efd37faa896cfc764dab9d19b557f0803074ba,bench_01b.jpg
12,bench,00121_bench,00121_bench/bench_16n.jpg,object_images/bench/bench_16n.jpg,edb9a9e4fb72594bc1383ef60a85d516fc1945e68640550f0593c722a96d26c0,bench_01b.jpg
13,bike,00124_bike,00124_bike/bike_01b.jpg,object_images/bike/bike_01b.jpg,6cc42d5c7844a16d8c5adc54ada84458e7d5807306d7ead62e5ae482ec733ce5,bike_22s.jpg
13,bike,00124_bike,00124_bike/bike_02s.jpg,object_images/bike/bike_02s.jpg,32f5d97a2798358eead7c30c715d67f97cc18b15c466f670745fdacd29b8b9f7,bike_22s.jpg
13,bike,00124_bike,00124_bike/bike_03s.jpg,object_images/bike/bike_03s.jpg,0bbb4738512e5702ba6c657c3c1be4e1286f307e97b860eb10706a8b4290c8eb,bike_22s.jpg
13,bike,00124_bike,00124_bike/bike_04s.jpg,object_images/bike/bike_04s.jpg,b83c1823517e9af8e9ed41e5d23aa1121c1b4de94b5a84191e77bac923ecda4e,bike_22s.jpg
13,bike,00124_bike,00124_bike/bike_05s.jpg,object_images/bike/bike_05s.jpg,e92d58d4ff49c14d008ef54f579bab017b3aa16930950532b609fba743290302,bike_22s.jpg
13,bike,00124_bike,00124_bike/bike_06s.jpg,object_images/bike/bike_06s.jpg,2ebba25ef53ccb519f5635a71a542f61702d08d4fc1424660a31f15f705be440,bike_22s.jpg
13,bike,00124_bike,00124_bike/bike_07s.jpg,object_images/bike/bike_07s.jpg,311f8e61829a4aec0dd84050f80aeea42cdb0d03c4a8a36bf325be5bc33aaddf,bike_22s.jpg
13,bike,00124_bike,00124_bike/bike_08s.jpg,object_images/bike/bike_08s.jpg,292f0d961b18b187dc51aa5705d3ddef3827393492eae5991af85fd9adfe22b5,bike_22s.jpg
13,bike,00124_bike,00124_bike/bike_09s.jpg,object_images/bike/bike_09s.jpg,cbce10a8eaf6c0cbd04bb3760ed28f534d4836f273be1d3f4ef31e6f16612f4e,bike_22s.jpg
13,bike,00124_bike,00124_bike/bike_10s.jpg,object_images/bike/bike_10s.jpg,7d69db1f6551afeb676df7918fde7b34c0fce58aa174ca261bf44f705386a650,bike_22s.jpg
13,bike,00124_bike,00124_bike/bike_11s.jpg,object_images/bike/bike_11s.jpg,cee0bf085251abed117f8900b2a96bdb1cb22d538eb57bf5feb82947df1b4b9d,bike_22s.jpg
13,bike,00124_bike,00124_bike/bike_12n.jpg,object_images/bike/bike_12n.jpg,8958d6280de34af56206c237ccbd039b2d2ce85f1409aaf4605e169b50ce8b7b,bike_22s.jpg
13,bike,00124_bike,00124_bike/bike_13s.jpg,object_images/bike/bike_13s.jpg,82dbb23a8d289f4e7a4d247b1c35a58302b6b0ef16a6d965e2f7823fdbba39c9,bike_22s.jpg
13,bike,00124_bike,00124_bike/bike_14s.jpg,object_images/bike/bike_14s.jpg,18c03cc58acc01f96a87ae2655573e8e9790771fffa2cfa8c0adda436dfbb53a,bike_22s.jpg
13,bike,00124_bike,00124_bike/bike_15s.jpg,object_images/bike/bike_15s.jpg,84784cbe85845ef124b669be805fef9b401a70d1c7597a5ece156ddf9dbf3a8e,bike_22s.jpg
13,bike,00124_bike,00124_bike/bike_16s.jpg,object_images/bike/bike_16s.jpg,57b433c731ef3d34d487b628b5032e76017aa2aa221d214949339a17f1fa1b6b,bike_22s.jpg
13,bike,00124_bike,00124_bike/bike_17s.jpg,object_images/bike/bike_17s.jpg,4c139568d3701c7b3627534cf3046039dd050551b85bef844203427e66436f36,bike_22s.jpg
13,bike,00124_bike,00124_bike/bike_18s.jpg,object_images/bike/bike_18s.jpg,cecb180dbff934d110b3e8c2efb8c23d98b0356ca69ae6c1cf01cca69ff9a36c,bike_22s.jpg
13,bike,00124_bike,00124_bike/bike_19s.jpg,object_images/bike/bike_19s.jpg,5d31a9200adfcf819ff2e319f21c1b110cdd13ba0ff01a6080530b90b5f7b9e1,bike_22s.jpg
13,bike,00124_bike,00124_bike/bike_20s.jpg,object_images/bike/bike_20s.jpg,a18e344594bcab579c3784de3e3d92245c4dcf81defe8085dc8c4d607f8bd072,bike_22s.jpg
13,bike,00124_bike,00124_bike/bike_21s.jpg,object_images/bike/bike_21s.jpg,4915df0c51f12fb97caf062667f7e400827552cceeb23b877febcc9e31cfc80d,bike_22s.jpg
13,bike,00124_bike,00124_bike/bike_23s.jpg,object_images/bike/bike_23s.jpg,8dc60f38fe58f12d0a3b0479f8eaae0ebbdc69dc76abe5647851fdbb1bb6c3c5,bike_22s.jpg
14,birthday cake,00133_birthday_cake,00133_birthday_cake/birthday_cake_02s.jpg,object_images/birthday_cake/birthday_cake_02s.jpg,5d3becea5653c32d1176276b45b499ea9c626654dc7a5f4a4f27f1899a5b0967,birthday_cake_01b.jpg
14,birthday cake,00133_birthday_cake,00133_birthday_cake/birthday_cake_03s.jpg,object_images/birthday_cake/birthday_cake_03s.jpg,9c6363d918e60e3cd2cdb58f3d8b9162fe669351fe26591dc4a6027a196b6789,birthday_cake_01b.jpg
14,birthday cake,00133_birthday_cake,00133_birthday_cake/birthday_cake_04s.jpg,object_images/birthday_cake/birthday_cake_04s.jpg,3dd20728db8af18bcbd4b6a8bec797256b9ed649be828cbd080a3ff3f099b35f,birthday_cake_01b.jpg
14,birthday cake,00133_birthday_cake,00133_birthday_cake/birthday_cake_05s.jpg,object_images/birthday_cake/birthday_cake_05s.jpg,6ee5b52320296871f08ed352a42a82bdc63a084e5852857c717b411f5c0b352d,birthday_cake_01b.jpg
14,birthday cake,00133_birthday_cake,00133_birthday_cake/birthday_cake_06s.jpg,object_images/birthday_cake/birthday_cake_06s.jpg,895423e84323b03e9efaf4374f1e1382e03c3bae853b31b50d305784953fa422,birthday_cake_01b.jpg
14,birthday cake,00133_birthday_cake,00133_birthday_cake/birthday_cake_07s.jpg,object_images/birthday_cake/birthday_cake_07s.jpg,aa3460ba1891c09e4c76fc62246792ba248d42146df5428fe837770176b023e3,birthday_cake_01b.jpg
14,birthday cake,00133_birthday_cake,00133_birthday_cake/birthday_cake_08s.jpg,object_images/birthday_cake/birthday_cake_08s.jpg,43662800e44cf213c8ad8248c9365551c2d5251399790bd095f18ca598171023,birthday_cake_01b.jpg
14,birthday cake,00133_birthday_cake,00133_birthday_cake/birthday_cake_09s.jpg,object_images/birthday_cake/birthday_cake_09s.jpg,c55344ab035a65c947c972f4b21a74c427b53d7fce820e661d8af8ae2ab41025,birthday_cake_01b.jpg
14,birthday cake,00133_birthday_cake,00133_birthday_cake/birthday_cake_10s.jpg,object_images/birthday_cake/birthday_cake_10s.jpg,3b8bf51d97166564ab9b0a4a98adde20fabaa4cc036ca9f4d4a7f8a1583597fc,birthday_cake_01b.jpg
14,birthday cake,00133_birthday_cake,00133_birthday_cake/birthday_cake_11s.jpg,object_images/birthday_cake/birthday_cake_11s.jpg,0c8b01a416e5f0c80fd096ffc69985f5528dc54c89fffa36ba1c2333ac9c3baf,birthday_cake_01b.jpg
14,birthday cake,00133_birthday_cake,00133_birthday_cake/birthday_cake_12s.jpg,object_images/birthday_cake/birthday_cake_12s.jpg,85e577f9c3abf2af204fed9376d2f49e6ffc9c2f68b05faab92f2ec6888f86d1,birthday_cake_01b.jpg
14,birthday cake,00133_birthday_cake,00133_birthday_cake/birthday_cake_13s.jpg,object_images/birthday_cake/birthday_cake_13s.jpg,3a5804f7afbf38d22518666d7a62b8552b9c8a1afb1790909591a4739c9fa375,birthday_cake_01b.jpg
14,birthday cake,00133_birthday_cake,00133_birthday_cake/birthday_cake_14s.jpg,object_images/birthday_cake/birthday_cake_14s.jpg,c5fec5a2f09eac7d151d3e5285e966c3c533b736b5f615f4a2d33e65db53c592,birthday_cake_01b.jpg
14,birthday cake,00133_birthday_cake,00133_birthday_cake/birthday_cake_15s.jpg,object_images/birthday_cake/birthday_cake_15s.jpg,f1f4e3ce7fe3c92ae5a9c9c77b858cd4402b61c5ce3ae4b89962791794928626,birthday_cake_01b.jpg
14,birthday cake,00133_birthday_cake,00133_birthday_cake/birthday_cake_16s.jpg,object_images/birthday_cake/birthday_cake_16s.jpg,6b6cc0fe8277f2088e56031531e12a5583a8db882c70f8bb0880c3598dc613c4,birthday_cake_01b.jpg
14,birthday cake,00133_birthday_cake,00133_birthday_cake/birthday_cake_17s.jpg,object_images/birthday_cake/birthday_cake_17s.jpg,3a5bcac9132759da2f0166de73b2e16dcfda9cce9ef461e11cc624cc0decfdaa,birthday_cake_01b.jpg
14,birthday cake,00133_birthday_cake,00133_birthday_cake/birthday_cake_18s.jpg,object_images/birthday_cake/birthday_cake_18s.jpg,aeb82c1e7de71f4727719ead22e40e5f04fc897a2a65679a283f412c30d4a853,birthday_cake_01b.jpg
15,blowtorch,00149_blowtorch,00149_blowtorch/blowtorch_01b.jpg,object_images/blowtorch/blowtorch_01b.jpg,e038a0beed9e0932144f2b3e9c35faae4070f41070549d20b4209ea5b5bce19e,blowtorch_08s.jpg
15,blowtorch,00149_blowtorch,00149_blowtorch/blowtorch_02s.jpg,object_images/blowtorch/blowtorch_02s.jpg,af16fac5cc0ffc195bc2cc32071dc2e52299fc942b3d837ad556b77885030d21,blowtorch_08s.jpg
15,blowtorch,00149_blowtorch,00149_blowtorch/blowtorch_03s.jpg,object_images/blowtorch/blowtorch_03s.jpg,8783199513daf8c58e82dd33c72265a31b6bba301a0dee66b5b5b8d0a18d7be4,blowtorch_08s.jpg
15,blowtorch,00149_blowtorch,00149_blowtorch/blowtorch_04s.jpg,object_images/blowtorch/blowtorch_04s.jpg,06665bbf120180b7f8e7ca24dde062a3488a43790b3b5e7a3ac586cfe34e07e0,blowtorch_08s.jpg
15,blowtorch,00149_blowtorch,00149_blowtorch/blowtorch_05s.jpg,object_images/blowtorch/blowtorch_05s.jpg,68e262b0d48fb160b6161f2ac20f19eb9cb57d5c4706730a5a9d001ff23b547b,blowtorch_08s.jpg
15,blowtorch,00149_blowtorch,00149_blowtorch/blowtorch_06s.jpg,object_images/blowtorch/blowtorch_06s.jpg,f87756acc52a2d619b63c5f80691b9a474e6ce45be101a73b69ae1c1d25663a7,blowtorch_08s.jpg
15,blowtorch,00149_blowtorch,00149_blowtorch/blowtorch_07s.jpg,object_images/blowtorch/blowtorch_07s.jpg,6f33524fcaa2bdfba546edb2c56a14863d050eedacb8c57d39dd1001d5a2472b,blowtorch_08s.jpg
15,blowtorch,00149_blowtorch,00149_blowtorch/blowtorch_09s.jpg,object_images/blowtorch/blowtorch_09s.jpg,bdc13bc44fbb9380b4fcd3da7cab95b95cd78e204fef5095c47b1eaeb36eecd1,blowtorch_08s.jpg
15,blowtorch,00149_blowtorch,00149_blowtorch/blowtorch_10s.jpg,object_images/blowtorch/blowtorch_10s.jpg,ccf6a13258f3cfe4051801570f344d2fbdb56d1353d5c7884ce7faa905698b4c,blowtorch_08s.jpg
15,blowtorch,00149_blowtorch,00149_blowtorch/blowtorch_11s.jpg,object_images/blowtorch/blowtorch_11s.jpg,5036c76518dec5caec638acdc863dcbe4c71e4050ea075081acad266ab0b0278,blowtorch_08s.jpg
15,blowtorch,00149_blowtorch,00149_blowtorch/blowtorch_12n.jpg,object_images/blowtorch/blowtorch_12n.jpg,87c0d963e5db281904ce4f1df62226cb5d83a84ac3b7da85ef24cc0a51ecb063,blowtorch_08s.jpg
15,blowtorch,00149_blowtorch,00149_blowtorch/blowtorch_13n.jpg,object_images/blowtorch/blowtorch_13n.jpg,75a9aeedc7cb9fc3b17d8c6647abb5413989dceaa14b352cc58ece10b5da09e1,blowtorch_08s.jpg
15,blowtorch,00149_blowtorch,00149_blowtorch/blowtorch_14n.jpg,object_images/blowtorch/blowtorch_14n.jpg,b5ae13ddf1a15b51c0a127014284086d2b8a8bf97d24e5d9480b51e78b80bcc4,blowtorch_08s.jpg
16,boat,00155_boat,00155_boat/boat_02s.jpg,object_images/boat/boat_02s.jpg,3fdfc308b9f8c527d853de1b09a8f86ea795b43960e07f361732632dc972bf23,boat_01b.jpg
16,boat,00155_boat,00155_boat/boat_03s.jpg,object_images/boat/boat_03s.jpg,ce224110872cc7b59d3902d8a6b931f85fc625e8c96f7a3ed34dd0e75535ae1f,boat_01b.jpg
16,boat,00155_boat,00155_boat/boat_04s.jpg,object_images/boat/boat_04s.jpg,e4f8a7136bfe0f977e4e55fed440e612e58006bf1ac0bbf747addc039d2c5fd7,boat_01b.jpg
16,boat,00155_boat,00155_boat/boat_05s.jpg,object_images/boat/boat_05s.jpg,40e1c6bcfbbfe389a61727b81d405b3e58d3e1b015b4af98838a6cc25a3afa8e,boat_01b.jpg
16,boat,00155_boat,00155_boat/boat_06n.jpg,object_images/boat/boat_06n.jpg,dbe059800cef922359030ca7cff5bd33cca8c91035581991790279170488038c,boat_01b.jpg
16,boat,00155_boat,00155_boat/boat_07n.jpg,object_images/boat/boat_07n.jpg,bc854b7a33717e6c77e600d1f796ceecd7871499c69ff73251a16510cb135b0e,boat_01b.jpg
16,boat,00155_boat,00155_boat/boat_08s.jpg,object_images/boat/boat_08s.jpg,2c0aca8c07286a764a6c2eb5f27571435aad598e2c0583e71b1d5880bd8bcf90,boat_01b.jpg
16,boat,00155_boat,00155_boat/boat_09s.jpg,object_images/boat/boat_09s.jpg,659add084f69844b6e09c0d379490dade7049f6a5759bbdaf7e16db228c27ae3,boat_01b.jpg
16,boat,00155_boat,00155_boat/boat_10s.jpg,object_images/boat/boat_10s.jpg,09cf4fcaf402457558abc86a856636c246da8ccf1de7523a3a26dbd72086bd28,boat_01b.jpg
16,boat,00155_boat,00155_boat/boat_11n.jpg,object_images/boat/boat_11n.jpg,83afe7426630cea27874710230cfed7510f6fadf74b64e0a9cf98692f2ff257f,boat_01b.jpg
16,boat,00155_boat,00155_boat/boat_12s.jpg,object_images/boat/boat_12s.jpg,5621697fb70521d2dd4507be8054c4939b57cb7fdb746e4df1dd7d84cb8a0695,boat_01b.jpg
16,boat,00155_boat,00155_boat/boat_13s.jpg,object_images/boat/boat_13s.jpg,3c5542cb043e4a99461cf6ef802f020524f7e8107b62f840654a3d1553e401a4,boat_01b.jpg
16,boat,00155_boat,00155_boat/boat_14n.jpg,object_images/boat/boat_14n.jpg,0fde64985002e83bc825914708a5de10fc4cc5da700fd615a50101998033d9dc,boat_01b.jpg
16,boat,00155_boat,00155_boat/boat_15s.jpg,object_images/boat/boat_15s.jpg,661f879b251a35475c29281ecdb970398e7e56ea09ee311fd8c5897b5bb5f85b,boat_01b.jpg
17,bok choy,00157_bok_choy,00157_bok_choy/bok_choy_01b.jpg,object_images/bok_choy/bok_choy_01b.jpg,dee9f316e0921b5b604fe8d1f856d35f71cb0108b1671bfcb98f46c313857765,bok_choy_03s.jpg
17,bok choy,00157_bok_choy,00157_bok_choy/bok_choy_02s.jpg,object_images/bok_choy/bok_choy_02s.jpg,d9f12ab2efc316e9a35594a50f788d733405f06961628fd2bb7bf6962e4c0257,bok_choy_03s.jpg
17,bok choy,00157_bok_choy,00157_bok_choy/bok_choy_04s.jpg,object_images/bok_choy/bok_choy_04s.jpg,31a4f302f124f4e9a2d2b37df02ef0a20c78a5122d66645bd582afb1195cf517,bok_choy_03s.jpg
17,bok choy,00157_bok_choy,00157_bok_choy/bok_choy_05s.jpg,object_images/bok_choy/bok_choy_05s.jpg,104c9047e5409da8dfa7acc75df024d69fa218917311c5a5430a34b5a85d206f,bok_choy_03s.jpg
17,bok choy,00157_bok_choy,00157_bok_choy/bok_choy_06s.jpg,object_images/bok_choy/bok_choy_06s.jpg,fd0e1c14091c9ccd5d21bb8cd5c2ea9a8d2a65c9c969f33ae5daa1ea47f46e29,bok_choy_03s.jpg
17,bok choy,00157_bok_choy,00157_bok_choy/bok_choy_07s.jpg,object_images/bok_choy/bok_choy_07s.jpg,c848f48927c73b7fd9b37b5da7eb9a28741d3f1c34510211684dc21fd3e8642c,bok_choy_03s.jpg
17,bok choy,00157_bok_choy,00157_bok_choy/bok_choy_08s.jpg,object_images/bok_choy/bok_choy_08s.jpg,406ce0240d154540405bd8daac7de82d8ceb736db2465b475971480e99aa3f41,bok_choy_03s.jpg
17,bok choy,00157_bok_choy,00157_bok_choy/bok_choy_09s.jpg,object_images/bok_choy/bok_choy_09s.jpg,cc19fdddc0ff296957d813a71e35ab07be3c101e8a5bcf6cf7fb4aea900abf51,bok_choy_03s.jpg
17,bok choy,00157_bok_choy,00157_bok_choy/bok_choy_10s.jpg,object_images/bok_choy/bok_choy_10s.jpg,a2868e035e32bda446c13af96bb720042a8b2b1492408da5d923360096723834,bok_choy_03s.jpg
17,bok choy,00157_bok_choy,00157_bok_choy/bok_choy_11s.jpg,object_images/bok_choy/bok_choy_11s.jpg,2a0ed7b751dd9cc78fcf8300812d29b0d8b8bb80c3766a7f485b9ce665842da7,bok_choy_03s.jpg
17,bok choy,00157_bok_choy,00157_bok_choy/bok_choy_12s.jpg,object_images/bok_choy/bok_choy_12s.jpg,085e07ae8fe027785c31e07bbd1ce628216ec28689ff4357b69f9910b4793680,bok_choy_03s.jpg
17,bok choy,00157_bok_choy,00157_bok_choy/bok_choy_13s.jpg,object_images/bok_choy/bok_choy_13s.jpg,2d6d90d9d5a22c9137d80f8abfcbb765e94d98d676abdb7d7895539f7581ac4a,bok_choy_03s.jpg
17,bok choy,00157_bok_choy,00157_bok_choy/bok_choy_14s.jpg,object_images/bok_choy/bok_choy_14s.jpg,3dee852842d2e8c2d5e2ed69c92c35b8e25af143cd20afa8c9e34e473a0acbed,bok_choy_03s.jpg
17,bok choy,00157_bok_choy,00157_bok_choy/bok_choy_15s.jpg,object_images/bok_choy/bok_choy_15s.jpg,a617a2bf9fa733f7bf8c28149dc76e717611dac9318f80d07ab5656208618aed,bok_choy_03s.jpg
17,bok choy,00157_bok_choy,00157_bok_choy/bok_choy_16s.jpg,object_images/bok_choy/bok_choy_16s.jpg,72db32f0ff01b49e3f5aac882582dacdc6cb6dd9e931ba57df98b7f30f386b29,bok_choy_03s.jpg
17,bok choy,00157_bok_choy,00157_bok_choy/bok_choy_17s.jpg,object_images/bok_choy/bok_choy_17s.jpg,379f63f6622b08591001ad7fb90ccab9fe9badb59a7838b06adec73de7ebb331,bok_choy_03s.jpg
18,bonnet,00164_bonnet,00164_bonnet/bonnet_01s.jpg,object_images/bonnet/bonnet_01s.jpg,ac9b13d3407ae0ed55d17250e54a5eaba8a10f99d5f4c87d282cad9b514a0476,bonnet_08s.jpg
18,bonnet,00164_bonnet,00164_bonnet/bonnet_02s.jpg,object_images/bonnet/bonnet_02s.jpg,7fdd7a8cd712c5c4be3bce39fcd84c67b9570e65427c8c2a33be4ebb013f3ee1,bonnet_08s.jpg
18,bonnet,00164_bonnet,00164_bonnet/bonnet_03s.jpg,object_images/bonnet/bonnet_03s.jpg,5218621df2c9289e0b6ba5191a655ffba3fca4127d4219c1ccb7b87a28b21767,bonnet_08s.jpg
18,bonnet,00164_bonnet,00164_bonnet/bonnet_04s.jpg,object_images/bonnet/bonnet_04s.jpg,0061a4e7850e5ba4ddbf80a67f273a3d1235e681447ee58e90d6dccaae588713,bonnet_08s.jpg
18,bonnet,00164_bonnet,00164_bonnet/bonnet_05s.jpg,object_images/bonnet/bonnet_05s.jpg,77c5c2a19dba9039cb1831661ff94ab20951b16fcab2ae20091607d806409eaa,bonnet_08s.jpg
18,bonnet,00164_bonnet,00164_bonnet/bonnet_06s.jpg,object_images/bonnet/bonnet_06s.jpg,aaae6597868e51059fa5d9bc9bcd74ba196725112c2b6939b33f93b68f42db5e,bonnet_08s.jpg
18,bonnet,00164_bonnet,00164_bonnet/bonnet_07s.jpg,object_images/bonnet/bonnet_07s.jpg,5bb52ba7f98be152f6cf86c6eb6a313468d6b7424f715f2673896720d14f997b,bonnet_08s.jpg
18,bonnet,00164_bonnet,00164_bonnet/bonnet_09s.jpg,object_images/bonnet/bonnet_09s.jpg,86d6dabd8a86c2f9616afe59010ea008b19b2517f80575719d22ddcf1c7ac022,bonnet_08s.jpg
18,bonnet,00164_bonnet,00164_bonnet/bonnet_10s.jpg,object_images/bonnet/bonnet_10s.jpg,2b2e2fa0aab386dbd8f54a49f8b46810b8091a99b7d4ff7b6c4b42468051ec89,bonnet_08s.jpg
18,bonnet,00164_bonnet,00164_bonnet/bonnet_11s.jpg,object_images/bonnet/bonnet_11s.jpg,7c088bd806ab56e018ff840edfb314f3e88caa6da82a3dbb9f4e31bbdfbffdcc,bonnet_08s.jpg
18,bonnet,00164_bonnet,00164_bonnet/bonnet_12s.jpg,object_images/bonnet/bonnet_12s.jpg,35b65117495e2f1143528bf1d48aefb4bcc643ec9aeee06c43c9f047e8bcb2c3,bonnet_08s.jpg
19,bottle opener,00172_bottle_opener,00172_bottle_opener/bottle_opener_01b.jpg,object_images/bottle_opener/bottle_opener_01b.jpg,f33ff62388d3a6627918410a0b2559c9641bfbea9f1e715cc795884cd70ac6ce,bottle_opener_13s.jpg
19,bottle opener,00172_bottle_opener,00172_bottle_opener/bottle_opener_02s.jpg,object_images/bottle_opener/bottle_opener_02s.jpg,5ed6841a105615010ae98f1cc358d12b522278beb9445f96942f8806febc4c55,bottle_opener_13s.jpg
19,bottle opener,00172_bottle_opener,00172_bottle_opener/bottle_opener_03s.jpg,object_images/bottle_opener/bottle_opener_03s.jpg,2a034edc83e94127009a312fbe9510d007d32aecc16f69c05ee59db383875ca6,bottle_opener_13s.jpg
19,bottle opener,00172_bottle_opener,00172_bottle_opener/bottle_opener_04s.jpg,object_images/bottle_opener/bottle_opener_04s.jpg,15b436d6a30c9b20bbc1b62ca6c4b64e5c26757ac5343fecd683d153dc8f8581,bottle_opener_13s.jpg
19,bottle opener,00172_bottle_opener,00172_bottle_opener/bottle_opener_05s.jpg,object_images/bottle_opener/bottle_opener_05s.jpg,dec8a2747042a23192df5021b0520f6385bb4f25db4672e29ac0ba86dfeacd4f,bottle_opener_13s.jpg
19,bottle opener,00172_bottle_opener,00172_bottle_opener/bottle_opener_06s.jpg,object_images/bottle_opener/bottle_opener_06s.jpg,062e777ae1aa1dbfe3b42eb5784a25969b860af50d7a4bb4d05d927e8832a692,bottle_opener_13s.jpg
19,bottle opener,00172_bottle_opener,00172_bottle_opener/bottle_opener_07s.jpg,object_images/bottle_opener/bottle_opener_07s.jpg,a04e8c3eabe64f729942ad8c85748afa168ba596aab5de08fec669adc49a5b4b,bottle_opener_13s.jpg
19,bottle opener,00172_bottle_opener,00172_bottle_opener/bottle_opener_08s.jpg,object_images/bottle_opener/bottle_opener_08s.jpg,621e291952852eda4abce9e2d684b4aff55fe614a4cc02f453210b9c9772e3ea,bottle_opener_13s.jpg
19,bottle opener,00172_bottle_opener,00172_bottle_opener/bottle_opener_09s.jpg,object_images/bottle_opener/bottle_opener_09s.jpg,e03fca992119847bfa11f72fb28edf9a83269e6563040763f15c05f6e8a0881f,bottle_opener_13s.jpg
19,bottle opener,00172_bottle_opener,00172_bottle_opener/bottle_opener_10s.jpg,object_images/bottle_opener/bottle_opener_10s.jpg,30dd115b6671369ef328229a0adbe894377757aed6efd9abced275d3c9bb6a19,bottle_opener_13s.jpg
19,bottle opener,00172_bottle_opener,00172_bottle_opener/bottle_opener_11s.jpg,object_images/bottle_opener/bottle_opener_11s.jpg,75eda76f3c44d0ae7e92fe238ed2db65cee1523f104019c6c88b88d870a59521,bottle_opener_13s.jpg
19,bottle opener,00172_bottle_opener,00172_bottle_opener/bottle_opener_12s.jpg,object_images/bottle_opener/bottle_opener_12s.jpg,caeea2af697a7bb3e265788a2cf68c62e7553868ed1cc89e4e61f214ea026f5c,bottle_opener_13s.jpg
19,bottle opener,00172_bottle_opener,00172_bottle_opener/bottle_opener_14s.jpg,object_images/bottle_opener/bottle_opener_14s.jpg,4006d989c46de98b058ad7688961f3d7f2d393326a39026a5022981985ba4ea3,bottle_opener_13s.jpg
19,bottle opener,00172_bottle_opener,00172_bottle_opener/bottle_opener_15s.jpg,object_images/bottle_opener/bottle_opener_15s.jpg,eab2dc625e25eebdae45b37ee1cd5d7b3249266ade33d421bf8e889e4f35ed88,bottle_opener_13s.jpg
20,brace,00187_brace,00187_brace/brace_01b.jpg,object_images/brace/brace_01b.jpg,f38f3d2d71b23584373f8d39e823b03339261ad1bae488a8c1855faf0abfd55c,brace_08s.jpg
20,brace,00187_brace,00187_brace/brace_02s.jpg,object_images/brace/brace_02s.jpg,cc507ecb1e940ff4098939291874ebe2fb34be232223d221077d89a3bde0a310,brace_08s.jpg
20,brace,00187_brace,00187_brace/brace_03s.jpg,object_images/brace/brace_03s.jpg,76d200481e19c7c2995759a3d7e83d722a6ab241e4d1c782f807487ab2e9fd65,brace_08s.jpg
20,brace,00187_brace,00187_brace/brace_04s.jpg,object_images/brace/brace_04s.jpg,637880b167344db09512b4b8d4f2691992346f1427e9da4d9747dd4b4082bf6a,brace_08s.jpg
20,brace,00187_brace,00187_brace/brace_05s.jpg,object_images/brace/brace_05s.jpg,80c0fbdc004c2ffca120f4673ac4842873e916ab7aa0d209501df50a8401fa7e,brace_08s.jpg
20,brace,00187_brace,00187_brace/brace_06s.jpg,object_images/brace/brace_06s.jpg,efa7521c1b0b789d834ad393ae3773efd2e300dd5361dff7600f38c228ea397b,brace_08s.jpg
20,brace,00187_brace,00187_brace/brace_07s.jpg,object_images/brace/brace_07s.jpg,5d224f7ea793eea3204bd9480c0b24acda910fb1578cccad66668cd19b5e21fc,brace_08s.jpg
20,brace,00187_brace,00187_brace/brace_09s.jpg,object_images/brace/brace_09s.jpg,18bb1f7151eb9ca8a3babcbb89f63a10bf0f6e9cb52793f2ea18f21d483a01da,brace_08s.jpg
20,brace,00187_brace,00187_brace/brace_10s.jpg,object_images/brace/brace_10s.jpg,07d7d776b19c1d5dd25884b497cb1b373f092e8e17ca54d8c391dd08a0305dcc,brace_08s.jpg
20,brace,00187_brace,00187_brace/brace_11s.jpg,object_images/brace/brace_11s.jpg,2d08f6324169d45bd17cb0ccb3cc1db44a63817d378e5e9becc6572f78f46780,brace_08s.jpg
20,brace,00187_brace,00187_brace/brace_12s.jpg,object_images/brace/brace_12s.jpg,8e3907538a5fcb7e36dd4aa5f87b75affac2ed9a0d069cf197542440650464d6,brace_08s.jpg
20,brace,00187_brace,00187_brace/brace_13s.jpg,object_images/brace/brace_13s.jpg,f251828356533a5062fbaa4bcfa9409167748e694962a8114e04df97c1d80c8c,brace_08s.jpg
20,brace,00187_brace,00187_brace/brace_14s.jpg,object_images/brace/brace_14s.jpg,d558c6be2555e575aec86a35e7811361f3b4f2b8b87cb1bbd87ada017048d5ee,brace_08s.jpg
20,brace,00187_brace,00187_brace/brace_15s.jpg,object_images/brace/brace_15s.jpg,86cd77af4612c412c9bd1b00fe37bb64a57b755c6000906328bfa66515efbe37,brace_08s.jpg
20,brace,00187_brace,00187_brace/brace_16s.jpg,object_images/brace/brace_16s.jpg,e3dcd4680146548d8819f3f1b8c10ccd6afe7070f1430e3be9808fb5d0a3eaff,brace_08s.jpg
21,bread,00195_bread,00195_bread/bread_01b.jpg,object_images/bread/bread_01b.jpg,5527dd95e24df80e98fa3fb254809680f5d853e82d4bc22d63d3ce034478c725,bread_19s.jpg
21,bread,00195_bread,00195_bread/bread_02s.jpg,object_images/bread/bread_02s.jpg,5b5f3129772c61b679bb5a3ceefbfdae4f254a0fa026a1d7ec096d0ac65d3d42,bread_19s.jpg
21,bread,00195_bread,00195_bread/bread_03s.jpg,object_images/bread/bread_03s.jpg,0141b9f965012656dd670f9f525fa97c58f7fee3bbc5f60d35e7fad77a496e89,bread_19s.jpg
21,bread,00195_bread,00195_bread/bread_04s.jpg,object_images/bread/bread_04s.jpg,f9a87ac9042c457a687f61b54922ab01479357c9a923f4a27c2466437c94a588,bread_19s.jpg
21,bread,00195_bread,00195_bread/bread_05s.jpg,object_images/bread/bread_05s.jpg,14cdab4efccdce7479bdba0ca16ea1ff3b4fc11b2ad6a989b8e48f9ed5cf6005,bread_19s.jpg
21,bread,00195_bread,00195_bread/bread_06s.jpg,object_images/bread/bread_06s.jpg,09c785e11d1620243a0874fdd67534fca0771dd4d6239bf70fd25710a36e2409,bread_19s.jpg
21,bread,00195_bread,00195_bread/bread_07s.jpg,object_images/bread/bread_07s.jpg,ca861981a06824572e5c5eca874e464c7466cafec80a4ef98e7d1d2a5c3d8d9a,bread_19s.jpg
21,bread,00195_bread,00195_bread/bread_08s.jpg,object_images/bread/bread_08s.jpg,14962012f38364df56d7a610950eb020576155dc2630a795b95ff23d44808b66,bread_19s.jpg
21,bread,00195_bread,00195_bread/bread_09s.jpg,object_images/bread/bread_09s.jpg,f2decdc3561d89c6882f8fdb3b2135cafebedc91c9d9e079dc46255e04215b4d,bread_19s.jpg
21,bread,00195_bread,00195_bread/bread_10s.jpg,object_images/bread/bread_10s.jpg,897c3dc52fc0fa98f240b591b3e55566092580b8fe096e1b6e8fd640b2cca157,bread_19s.jpg
21,bread,00195_bread,00195_bread/bread_11s.jpg,object_images/bread/bread_11s.jpg,a0efe01f709244b46315290ac5eef44ab0f27f0f99c41c7cb956aaf95980d878,bread_19s.jpg
21,bread,00195_bread,00195_bread/bread_12s.jpg,object_images/bread/bread_12s.jpg,3bc33fff8f03c687adcf4857ee4b9c5a20aec9fe5fa3cbc3650acf93a3674b89,bread_19s.jpg
21,bread,00195_bread,00195_bread/bread_13s.jpg,object_images/bread/bread_13s.jpg,a8cc1801d5ab9821e7854f58d157a042d3ea815ffcc8176f7a414236d9a30b07,bread_19s.jpg
21,bread,00195_bread,00195_bread/bread_14s.jpg,object_images/bread/bread_14s.jpg,25d34313fe211bdfac39b2bae3a1f199c0e04cb4bbafeb8c22e6ccad439ac112,bread_19s.jpg
21,bread,00195_bread,00195_bread/bread_15s.jpg,object_images/bread/bread_15s.jpg,545185a477ece37d9129b174509fdc9ccbce750b568c881a70e807653e7e57d4,bread_19s.jpg
21,bread,00195_bread,00195_bread/bread_16s.jpg,object_images/bread/bread_16s.jpg,64733d7988dab6e1de414a4be8a738722d636c2a313103306b45b63ae7420795,bread_19s.jpg
21,bread,00195_bread,00195_bread/bread_17s.jpg,object_images/bread/bread_17s.jpg,6d7121922366fd27a49bbb565f2a7993c69b56492eea6540b875e901e30bbfb0,bread_19s.jpg
21,bread,00195_bread,00195_bread/bread_18s.jpg,object_images/bread/bread_18s.jpg,74a53ac2e947137624232e6d296500e5c51df530d93f5ccbca6fe9faea785d75,bread_19s.jpg
21,bread,00195_bread,00195_bread/bread_20s.jpg,object_images/bread/bread_20s.jpg,405df9e7535d24afd4b157be43641e80bdde234ed3d20f115df95b82acb5f282,bread_19s.jpg
21,bread,00195_bread,00195_bread/bread_21s.jpg,object_images/bread/bread_21s.jpg,36880ad06304a48c4ab1e9f2332a7d4137399133093532df69ed67620d2eab74,bread_19s.jpg
21,bread,00195_bread,00195_bread/bread_22s.jpg,object_images/bread/bread_22s.jpg,d84a1f60e6f5cc7a0c05ef786d5ccded0530334fe5bb175d20ccc6038e574c48,bread_19s.jpg
22,breadbox,00196_breadbox,00196_breadbox/breadbox_02s.jpg,object_images/breadbox/breadbox_02s.jpg,7fb4999a41cae79f8fc2b6cec6ad2090fc57c4fba1abff2abd827020fadf647d,breadbox_01b.jpg
22,breadbox,00196_breadbox,00196_breadbox/breadbox_03s.jpg,object_images/breadbox/breadbox_03s.jpg,6a8799f1973dad726d9bf89320b6ccfe51783aeea3ca9e70844944dcea07c039,breadbox_01b.jpg
22,breadbox,00196_breadbox,00196_breadbox/breadbox_04s.jpg,object_images/breadbox/breadbox_04s.jpg,9563acd862998d32eb6c2ffbaacda3af46e99c938842e8baec80b4b2d2d80c6d,breadbox_01b.jpg
22,breadbox,00196_breadbox,00196_breadbox/breadbox_05s.jpg,object_images/breadbox/breadbox_05s.jpg,992cf9199394bae1d1ad5709093f87ee44425c4c0e6d3cea8875572513c99a60,breadbox_01b.jpg
22,breadbox,00196_breadbox,00196_breadbox/breadbox_06s.jpg,object_images/breadbox/breadbox_06s.jpg,948db73e5b53d58c0aaeda74187996b5a7d0e0cee91b81d9bfee0b2718e9c6b6,breadbox_01b.jpg
22,breadbox,00196_breadbox,00196_breadbox/breadbox_07s.jpg,object_images/breadbox/breadbox_07s.jpg,5a0f17605777ae548f72cf63debfff3402ea7aed81c70f2040a77892e5ad1d2b,breadbox_01b.jpg
22,breadbox,00196_breadbox,00196_breadbox/breadbox_08s.jpg,object_images/breadbox/breadbox_08s.jpg,9e06ae57d0644bd5fa1338c53baab45ae322be07e32cbd8ca6f19079c3f06ffc,breadbox_01b.jpg
22,breadbox,00196_breadbox,00196_breadbox/breadbox_09s.jpg,object_images/breadbox/breadbox_09s.jpg,271b2c67dc3c87ee7ef8a4a756be7c711bae1eccbe2e0496fcb7fe8cb8db1282,breadbox_01b.jpg
22,breadbox,00196_breadbox,00196_breadbox/breadbox_10s.jpg,object_images/breadbox/breadbox_10s.jpg,8361c2e34fb1cb18df6505c725246adb8d798927f8b77e93a5d692f86863b4c5,breadbox_01b.jpg
22,breadbox,00196_breadbox,00196_breadbox/breadbox_11s.jpg,object_images/breadbox/breadbox_11s.jpg,f1013c45cd672ede351d009f2b8d462a5b55779c6f4858a99e5647d1b778902b,breadbox_01b.jpg
22,breadbox,00196_breadbox,00196_breadbox/breadbox_12s.jpg,object_images/breadbox/breadbox_12s.jpg,337348702f7f094fedbcfd69dba21def2cc7cc943b1d754f09cebde55af6610a,breadbox_01b.jpg
22,breadbox,00196_breadbox,00196_breadbox/breadbox_13n.jpg,object_images/breadbox/breadbox_13n.jpg,9dee6d4651948798f3be3284c23b7fa5c7aa83b8dec7b70b23aaa75a28d07c2d,breadbox_01b.jpg
22,breadbox,00196_breadbox,00196_breadbox/breadbox_14n.jpg,object_images/breadbox/breadbox_14n.jpg,6da9e583b3c07d212fdecd5c3703ab8383283f2ecc5188540463adccfdd30ef4,breadbox_01b.jpg
23,bug,00213_bug,00213_bug/bug_01b.jpg,object_images/bug/bug_01b.jpg,a1161ec80fe7630d9b186bcd8ba2449c36c6d18dd425c46b03a5183275961623,bug_08s.jpg
23,bug,00213_bug,00213_bug/bug_02s.jpg,object_images/bug/bug_02s.jpg,90fe5291c1e4bac4dd95a9f26995126abb39cb1d845196ffbc3daac181d222b6,bug_08s.jpg
23,bug,00213_bug,00213_bug/bug_03s.jpg,object_images/bug/bug_03s.jpg,13cdbaf8481ad4a3ea7b30bf198eea7c547aa3bf8e59e5984fbb0fc4b6a34168,bug_08s.jpg
23,bug,00213_bug,00213_bug/bug_04s.jpg,object_images/bug/bug_04s.jpg,aa9629bdce6edf295c8932fe777086fbc7d9f6489b8e1b80856d3d40744f1337,bug_08s.jpg
23,bug,00213_bug,00213_bug/bug_05s.jpg,object_images/bug/bug_05s.jpg,8e14d724ffdc6f8c85fc842344c0363f5b138c27a592d1b1db1322e0372d8890,bug_08s.jpg
23,bug,00213_bug,00213_bug/bug_06s.jpg,object_images/bug/bug_06s.jpg,fb953cd92e96e1ff7c08f772f9ee760035ca5b0fa3687680f2bf51bb25013de9,bug_08s.jpg
23,bug,00213_bug,00213_bug/bug_07s.jpg,object_images/bug/bug_07s.jpg,7a0ca62b5c92a8931624b87dbf174494e4db99025c0dbb850c3d6154b554d8e4,bug_08s.jpg
23,bug,00213_bug,00213_bug/bug_09s.jpg,object_images/bug/bug_09s.jpg,aadf48857aac2066acd9b6a62b3159ed6a4060cc86b4e7112c79a04dcf3d442f,bug_08s.jpg
23,bug,00213_bug,00213_bug/bug_10s.jpg,object_images/bug/bug_10s.jpg,36b11d6c66b4f2611d75cc553e2b362d2141c0dec61fb526a77f08957f46c30e,bug_08s.jpg
23,bug,00213_bug,00213_bug/bug_11s.jpg,object_images/bug/bug_11s.jpg,5a6dd41e22fe30e310ce0e8473f88d37034a21c5a884c500b76f6389e7cb0c49,bug_08s.jpg
23,bug,00213_bug,00213_bug/bug_12s.jpg,object_images/bug/bug_12s.jpg,4daf6409600c0631552b648d359a2e21b739ca9d5b25c8c76d0a086b6f67cef9,bug_08s.jpg
23,bug,00213_bug,00213_bug/bug_13s.jpg,object_images/bug/bug_13s.jpg,bc4045cb3a911a961b1a03a80a966ad1eca48107adcc31133a5d0752545ffcee,bug_08s.jpg
23,bug,00213_bug,00213_bug/bug_14s.jpg,object_images/bug/bug_14s.jpg,205f6e7239ba0fb4b5346dc7532dd088dcc8e40ecd5610ffeff763d3c250eafb,bug_08s.jpg
23,bug,00213_bug,00213_bug/bug_15s.jpg,object_images/bug/bug_15s.jpg,cb64815c8ef4d331bc98602d6fcce4e2391c8c8fededcec1087eef807fa316f8,bug_08s.jpg
23,bug,00213_bug,00213_bug/bug_16s.jpg,object_images/bug/bug_16s.jpg,58b2a386d2fe9000d7f358935e79ab44ddc68f00f42d9b05f3a2f40b30a7c8c2,bug_08s.jpg
23,bug,00213_bug,00213_bug/bug_17s.jpg,object_images/bug/bug_17s.jpg,3fa427fc1271933a39e03237fc2b199e82723078b5b0655f2e844aab97a9f765,bug_08s.jpg
24,buggy,00214_buggy,00214_buggy/buggy_01s.jpg,object_images/buggy/buggy_01s.jpg,b22b25dcd8de88a136327ee97d504fb6b1dab1d91c2bdb255cf8ce3bd2949ea9,buggy_07s.jpg
24,buggy,00214_buggy,00214_buggy/buggy_02s.jpg,object_images/buggy/buggy_02s.jpg,21f43a09c5d036d32fe26c1e9cd9aea9643e09a4cfa3b55f42da1944c90d6ca2,buggy_07s.jpg
24,buggy,00214_buggy,00214_buggy/buggy_03s.jpg,object_images/buggy/buggy_03s.jpg,51e860e7b16d1f1346122d282bb34420448c695ef3516b976bd290ab2035c4c1,buggy_07s.jpg
24,buggy,00214_buggy,00214_buggy/buggy_04s.jpg,object_images/buggy/buggy_04s.jpg,9f833908d77a074eacfa041edd7419f55af0ab658bb698dd706e6f9c0365d7e3,buggy_07s.jpg
24,buggy,00214_buggy,00214_buggy/buggy_05s.jpg,object_images/buggy/buggy_05s.jpg,7b8dfcd4f16b323f0165949e0bd3d7aca2e3d9851821e442956d02c392dcd8f7,buggy_07s.jpg
24,buggy,00214_buggy,00214_buggy/buggy_06s.jpg,object_images/buggy/buggy_06s.jpg,1a3d05568931825ff6c92125b85e1fc5b805f61ef61ba213cc95e9c2d8b7a7e2,buggy_07s.jpg
24,buggy,00214_buggy,00214_buggy/buggy_08s.jpg,object_images/buggy/buggy_08s.jpg,3053e56135b54837fac8a80cb52e623610bdd52dbea06d591913366bc88b0a55,buggy_07s.jpg
24,buggy,00214_buggy,00214_buggy/buggy_09s.jpg,object_images/buggy/buggy_09s.jpg,6a3544fa8a7f4b8b7f2d06c4ade8eeebb2183c76e424f739e602db8828484da1,buggy_07s.jpg
24,buggy,00214_buggy,00214_buggy/buggy_10s.jpg,object_images/buggy/buggy_10s.jpg,171b1c52e7089c62a12395ccbcb36bb73ecb888299122cc8d22bf929e835b669,buggy_07s.jpg
24,buggy,00214_buggy,00214_buggy/buggy_11s.jpg,object_images/buggy/buggy_11s.jpg,8796ade4e52e4cb1cbd463a8586b9c24b3cf68e0b48fe5b66039bb9bba9e4d25,buggy_07s.jpg
24,buggy,00214_buggy,00214_buggy/buggy_12s.jpg,object_images/buggy/buggy_12s.jpg,cff865182e1daa726632cb39ff62675af5fb848519ab075a5c08375a41195907,buggy_07s.jpg
25,bullet,00217_bullet,00217_bullet/bullet_02s.jpg,object_images/bullet/bullet_02s.jpg,dbe3ae79f87d2c3528347f81b2b9a4953b4002858795da4d413340f52988b14c,bullet_01s.jpg
25,bullet,00217_bullet,00217_bullet/bullet_03s.jpg,object_images/bullet/bullet_03s.jpg,63a16a38a2f3138e43eedfde6642c9d8d2395f2fe23dcdd205625153f4b95d32,bullet_01s.jpg
25,bullet,00217_bullet,00217_bullet/bullet_04s.jpg,object_images/bullet/bullet_04s.jpg,bb41f26a8734b8805764b18921e6ad1459624a0848d8fc7a38c766408fe6b7c6,bullet_01s.jpg
25,bullet,00217_bullet,00217_bullet/bullet_05s.jpg,object_images/bullet/bullet_05s.jpg,bd51a6d031203a6d05dfaeb1201a98b0ada9241f807f551f4f06ee99ba6e72c9,bullet_01s.jpg
25,bullet,00217_bullet,00217_bullet/bullet_06s.jpg,object_images/bullet/bullet_06s.jpg,b657e29992a294cc049bc254909f861d3955a60c1b49cb1e0a2d7f86392305b8,bullet_01s.jpg
25,bullet,00217_bullet,00217_bullet/bullet_07s.jpg,object_images/bullet/bullet_07s.jpg,abc70c44e8266404dc62d72ef1f09ec49e0ca04654fb81dd224beae2461b51c2,bullet_01s.jpg
25,bullet,00217_bullet,00217_bullet/bullet_08n.jpg,object_images/bullet/bullet_08n.jpg,e3ca218fc26780b6f71913d90ea9a9cdb5548694d06bf78165796f498f1225f0,bullet_01s.jpg
25,bullet,00217_bullet,00217_bullet/bullet_09s.jpg,object_images/bullet/bullet_09s.jpg,9a2c070b2fe50baebab37bba9484a88ee130518611d8490831ff76931a597ab7,bullet_01s.jpg
25,bullet,00217_bullet,00217_bullet/bullet_10n.jpg,object_images/bullet/bullet_10n.jpg,a189ac17011767f6fc0b25a9673e1ce011e8ffb08e8a97e6b53dad21fb22d8e2,bullet_01s.jpg
25,bullet,00217_bullet,00217_bullet/bullet_11s.jpg,object_images/bullet/bullet_11s.jpg,68d8b700669899ae5dfc0d117a9b1eb325bf0097bbf1d9b8b1823bf3f9560101,bullet_01s.jpg
25,bullet,00217_bullet,00217_bullet/bullet_12n.jpg,object_images/bullet/bullet_12n.jpg,f06c41dde801c16ed02e4b3fffda5c4830be1d67924c97737929d7f43d7bc526,bullet_01s.jpg
25,bullet,00217_bullet,00217_bullet/bullet_13n.jpg,object_images/bullet/bullet_13n.jpg,e73388ef099bbd7e709b5d46fa98ea0ae5a9d58447916ffe9459ef4cd78aff49,bullet_01s.jpg
26,bun,00221_bun,00221_bun/bun_02s.jpg,object_images/bun/bun_02s.jpg,f7ff50e02b50c458d5e9862e0cdb03843a18a2cb8b91c01b9dbdbf201dab4887,bun_01b.jpg
26,bun,00221_bun,00221_bun/bun_03s.jpg,object_images/bun/bun_03s.jpg,c39529de207ade35693314e982a73c7cdf653514c1f40a206cb9b8b086675ed3,bun_01b.jpg
26,bun,00221_bun,00221_bun/bun_04s.jpg,object_images/bun/bun_04s.jpg,73ea7a95e0be4b6c1f6611d86a177d2d080496b5f9097aff5c437a4d360ddfa3,bun_01b.jpg
26,bun,00221_bun,00221_bun/bun_05s.jpg,object_images/bun/bun_05s.jpg,74dafa7a66dcf31ef8d79d728d5bef20603686102c683114d374170df3bff171,bun_01b.jpg
26,bun,00221_bun,00221_bun/bun_06s.jpg,object_images/bun/bun_06s.jpg,fb33828a011f0f74c6c547b8b249f3763f251f25c3a2d9cce8c7d12fe07f6fa2,bun_01b.jpg
26,bun,00221_bun,00221_bun/bun_07s.jpg,object_images/bun/bun_07s.jpg,6ec6bfee896833a00505b1f7172458860c6c57a087fa86da14069c7d3e85f6ad,bun_01b.jpg
26,bun,00221_bun,00221_bun/bun_08s.jpg,object_images/bun/bun_08s.jpg,fe4b6b27db15c5b7d7a736fc72e61e1a653893ba8749a34647be3783fa955a1b,bun_01b.jpg
26,bun,00221_bun,00221_bun/bun_09s.jpg,object_images/bun/bun_09s.jpg,f68db3754a6f75a8fb5ee600c30deeddcf1eecd9efb60c17e92877836bf00464,bun_01b.jpg
26,bun,00221_bun,00221_bun/bun_10s.jpg,object_images/bun/bun_10s.jpg,94a026bee88ee4b97fb9917f0833170b81582ce33baac2bd644e6ddcb9dcee2e,bun_01b.jpg
26,bun,00221_bun,00221_bun/bun_11s.jpg,object_images/bun/bun_11s.jpg,cd8b589c905ea96d3050789492710b4eaa31b3cab8d4ebc7871acae9056a125f,bun_01b.jpg
26,bun,00221_bun,00221_bun/bun_12s.jpg,object_images/bun/bun_12s.jpg,bdb5af553d2396daa707cb7567d871b251d2a2699ddc4b52f09136f3fdf72aaa,bun_01b.jpg
27,bush,00228_bush,00228_bush/bush_01s.jpg,object_images/bush/bush_01s.jpg,4a25d365fda978a6a09464e3d69cf0858ec8e367ab3596e30629117ee9e5797b,bush_07s.jpg
27,bush,00228_bush,00228_bush/bush_02s.jpg,object_images/bush/bush_02s.jpg,aa40e2cf232da0cae06d66815d1caed18bc4cef366872d5cd3883fd9aafa1ebd,bush_07s.jpg
27,bush,00228_bush,00228_bush/bush_03s.jpg,object_images/bush/bush_03s.jpg,0c5ecdbfdbda7671da5643ef990b40a6a84c049cc81bf1c081df756e50d57e24,bush_07s.jpg
27,bush,00228_bush,00228_bush/bush_04s.jpg,object_images/bush/bush_04s.jpg,f9937c74a73647737a3e754ff39b76e9f00faaa71a68475bf2200408e8ffa0a4,bush_07s.jpg
27,bush,00228_bush,00228_bush/bush_05s.jpg,object_images/bush/bush_05s.jpg,edc616cdd2161a298d08b721c6a25fbad855ba4b3eda27b6be7ddee0dfce5988,bush_07s.jpg
27,bush,00228_bush,00228_bush/bush_06s.jpg,object_images/bush/bush_06s.jpg,574effffd33c3f9a431501abbc71fa29f7f349d36b8d96c97893fa8d005c21de,bush_07s.jpg
27,bush,00228_bush,00228_bush/bush_08s.jpg,object_images/bush/bush_08s.jpg,f6684b65e6103d0e1cf881efc4011d624f28bdfbb250d7d0f5d4cd101e2cd505,bush_07s.jpg
27,bush,00228_bush,00228_bush/bush_09s.jpg,object_images/bush/bush_09s.jpg,75a19226027d525a287e3a3d12e54b4254761bf16d42ef7a64b4a2f3c4ed870a,bush_07s.jpg
27,bush,00228_bush,00228_bush/bush_10s.jpg,object_images/bush/bush_10s.jpg,1570cf6f7779d97a6dbdfd86ba8e3102d74ad302d56b99a3ed7fc2aa85f1f816,bush_07s.jpg
27,bush,00228_bush,00228_bush/bush_11s.jpg,object_images/bush/bush_11s.jpg,150fdc9462f86dd24b6a16a7798ceaa9e8855dc83a1a983b9570295cfe0f9066,bush_07s.jpg
27,bush,00228_bush,00228_bush/bush_12s.jpg,object_images/bush/bush_12s.jpg,67e6bc619c7e87a23234d66a7c9e3db8a175daa70224effece53c21f773e13d8,bush_07s.jpg
28,calamari,00240_calamari,00240_calamari/calamari_02s.jpg,object_images/calamari/calamari_02s.jpg,650f0749354b63a1101e5fd178eab2a9e0bdd380fc3b0edf83e1184153b0cc71,calamari_01b.jpg
28,calamari,00240_calamari,00240_calamari/calamari_03s.jpg,object_images/calamari/calamari_03s.jpg,11f9a0c3db430eb6c562279dd9d3ab50f89f03c650475d39f87ee710c790ed30,calamari_01b.jpg
28,calamari,00240_calamari,00240_calamari/calamari_04s.jpg,object_images/calamari/calamari_04s.jpg,2347090c690df420651d2da4e7583d70bbfdd2ab2c94fbe7c49d8d8dfd5cc697,calamari_01b.jpg
28,calamari,00240_calamari,00240_calamari/calamari_05s.jpg,object_images/calamari/calamari_05s.jpg,2ed8c69fec74ecb94903c9c4a07458eebb2f769f86dd4d8666449e648c7df1c2,calamari_01b.jpg
28,calamari,00240_calamari,00240_calamari/calamari_06s.jpg,object_images/calamari/calamari_06s.jpg,d30cddbc656b1f58f25df12c57601a237fbfe8c2fdcba51d73cdecf23febdd17,calamari_01b.jpg
28,calamari,00240_calamari,00240_calamari/calamari_07s.jpg,object_images/calamari/calamari_07s.jpg,b58ea6b9c7eff67caa124e9e01014489b6ae2d8f4f0c5a2140b04d06ec02f98c,calamari_01b.jpg
28,calamari,00240_calamari,00240_calamari/calamari_08s.jpg,object_images/calamari/calamari_08s.jpg,ea980d06233c7aa32ec3e8562f0d71fdbcfecfc26c7073b8773829b1913a72de,calamari_01b.jpg
28,calamari,00240_calamari,00240_calamari/calamari_09s.jpg,object_images/calamari/calamari_09s.jpg,76e606c54eb62254ea4ad345f0ae56827c7ccb63c262af87ac04d31be5a7f97b,calamari_01b.jpg
28,calamari,00240_calamari,00240_calamari/calamari_10s.jpg,object_images/calamari/calamari_10s.jpg,43a2ed9ab24e3e3b08438bff167df499dbc08b7e85efca73ac4d37261a4a5edf,calamari_01b.jpg
28,calamari,00240_calamari,00240_calamari/calamari_11s.jpg,object_images/calamari/calamari_11s.jpg,f2e5a809a5a37ba8128c17f98460baf896b63a25d5b52e59c38bee712c7fd21a,calamari_01b.jpg
28,calamari,00240_calamari,00240_calamari/calamari_12s.jpg,object_images/calamari/calamari_12s.jpg,10898464a687c9e9cdea9252a0b10ac67850225f701f197ab4bc237e0f12ae28,calamari_01b.jpg
28,calamari,00240_calamari,00240_calamari/calamari_13s.jpg,object_images/calamari/calamari_13s.jpg,fbc455cdcc0b0dc4ccf109e958f8eca11349a0f068a6b7ab6ce75cce111630b5,calamari_01b.jpg
28,calamari,00240_calamari,00240_calamari/calamari_14s.jpg,object_images/calamari/calamari_14s.jpg,a40645e0a02268816d00f9cbf58fd37766c10eb1fe6a0525aa788db2ecafb388,calamari_01b.jpg
29,candlestick,00255_candlestick,00255_candlestick/candlestick_01b.jpg,object_images/candlestick/candlestick_01b.jpg,4f84b4cb456801601ebb156ce7efbd2e0dfe56d568be3251c1042a2d435b6b7f,candlestick_04s.jpg
29,candlestick,00255_candlestick,00255_candlestick/candlestick_02s.jpg,object_images/candlestick/candlestick_02s.jpg,ac2e84c0bfd330cf4b0013a63d0129d014957edf41b6235311c154aa58c49c20,candlestick_04s.jpg
29,candlestick,00255_candlestick,00255_candlestick/candlestick_03s.jpg,object_images/candlestick/candlestick_03s.jpg,d076d7642e7771e7918754ec46473c0bad53ea6384b0e6596a4356b2425e2b37,candlestick_04s.jpg
29,candlestick,00255_candlestick,00255_candlestick/candlestick_05s.jpg,object_images/candlestick/candlestick_05s.jpg,73894dcf24b87941bb991fd9d94020744c9fa11e2c0c00b98b9bd2b49b347f7e,candlestick_04s.jpg
29,candlestick,00255_candlestick,00255_candlestick/candlestick_06s.jpg,object_images/candlestick/candlestick_06s.jpg,a2a6f11a449b0fc1f739fa071e8f7533c092de26f4fe4da95c942331d22b2390,candlestick_04s.jpg
29,candlestick,00255_candlestick,00255_candlestick/candlestick_07s.jpg,object_images/candlestick/candlestick_07s.jpg,dba4ad2282e4a210225810b347e75826fc4a2c1d23c3c0f0c2f711bc37af4c84,candlestick_04s.jpg
29,candlestick,00255_candlestick,00255_candlestick/candlestick_08s.jpg,object_images/candlestick/candlestick_08s.jpg,ac524bb57e119dbb2356fb9dc5ed0c4d3a7a39f1198882b1c66254da5ab2ea82,candlestick_04s.jpg
29,candlestick,00255_candlestick,00255_candlestick/candlestick_09s.jpg,object_images/candlestick/candlestick_09s.jpg,bb42474cdb572a02365d3cd2c599d09e9ea7ab108cffc706fb518a193879a806,candlestick_04s.jpg
29,candlestick,00255_candlestick,00255_candlestick/candlestick_10s.jpg,object_images/candlestick/candlestick_10s.jpg,626cca8f9b45d79eb82f573ad16d2b9b5ec6e7890ee5eba66f527bb7d133722d,candlestick_04s.jpg
29,candlestick,00255_candlestick,00255_candlestick/candlestick_11s.jpg,object_images/candlestick/candlestick_11s.jpg,034907e56ded4cb5cea3b56cdab3f87732887c8ed19bbdcb69a401b59d797500,candlestick_04s.jpg
29,candlestick,00255_candlestick,00255_candlestick/candlestick_12s.jpg,object_images/candlestick/candlestick_12s.jpg,2ea74576897b35ea9d50518f3d58db47775f9863fa457e572cb441d47b5960f8,candlestick_04s.jpg
29,candlestick,00255_candlestick,00255_candlestick/candlestick_13s.jpg,object_images/candlestick/candlestick_13s.jpg,45bf37c58450e65d7c971401d691f807499ab267ec92994148e561fe482d4733,candlestick_04s.jpg
29,candlestick,00255_candlestick,00255_candlestick/candlestick_14s.jpg,object_images/candlestick/candlestick_14s.jpg,11101fb1f3b2fdf18c10eaf5c0310e64bcccbf27812ba2293b9c2a0c00e95231,candlestick_04s.jpg
30,cart,00279_cart,00279_cart/cart_01b.jpg,object_images/cart/cart_01b.jpg,cb320ca6492949b8c5bf8ae7cbdcfa64962e76bc2afc49124e794c5e62ea0a07,cart_09s.jpg
30,cart,00279_cart,00279_cart/cart_02s.jpg,object_images/cart/cart_02s.jpg,9d63f34d13b4656855d5bb3f3e91beef633a83b3f483dcb1915130cb6a003944,cart_09s.jpg
30,cart,00279_cart,00279_cart/cart_03s.jpg,object_images/cart/cart_03s.jpg,dd97e8e406c90c9fba8534e44a049e529db87fbaa223caf42797294cf8d3d7c6,cart_09s.jpg
30,cart,00279_cart,00279_cart/cart_04s.jpg,object_images/cart/cart_04s.jpg,b1a9a4e647bac5d983b10554e42b33724a8c5c062626f37ff71a9362bb2f4cc1,cart_09s.jpg
30,cart,00279_cart,00279_cart/cart_05s.jpg,object_images/cart/cart_05s.jpg,6b71d8221bbb6da04c600e02f0ce38e4c4415bd0e4035cf51523dbba4382d8b5,cart_09s.jpg
30,cart,00279_cart,00279_cart/cart_06s.jpg,object_images/cart/cart_06s.jpg,ad482ab38d84bcc5426b25d8736212963e6e20a136bdccac1a8f673c2911d228,cart_09s.jpg
30,cart,00279_cart,00279_cart/cart_07s.jpg,object_images/cart/cart_07s.jpg,0420082e41ad2df283efeb314c1aeb22158547ad7c053287d4acdb1c4fdccb74,cart_09s.jpg
30,cart,00279_cart,00279_cart/cart_08s.jpg,object_images/cart/cart_08s.jpg,e90c7573de7ab364d5969069d956157aa8ce2f437f5c91ea244618b963af0139,cart_09s.jpg
30,cart,00279_cart,00279_cart/cart_10s.jpg,object_images/cart/cart_10s.jpg,1481c6fe12baa8a0bdf75113f31ba3db0eff4f8b943238f1f483629851c810bb,cart_09s.jpg
30,cart,00279_cart,00279_cart/cart_11s.jpg,object_images/cart/cart_11s.jpg,aede5e59d480cb8745812187c14993f5b6e714850304174cb5d969053d489d2a,cart_09s.jpg
30,cart,00279_cart,00279_cart/cart_12s.jpg,object_images/cart/cart_12s.jpg,f1ab686cd73f8476cbcace9656450b56d2c4478858013de357356f10cc1ce69c,cart_09s.jpg
31,cashew,00282_cashew,00282_cashew/cashew_02s.jpg,object_images/cashew/cashew_02s.jpg,f447ed7b309952738040c33e0488acfba05462f3ffeb40cefecdf1b0ba0a19b0,cashew_01b.jpg
31,cashew,00282_cashew,00282_cashew/cashew_03s.jpg,object_images/cashew/cashew_03s.jpg,e209947a83fd745802e21bb66b54d523a09739c6c537f10374606cc264662e9f,cashew_01b.jpg
31,cashew,00282_cashew,00282_cashew/cashew_04s.jpg,object_images/cashew/cashew_04s.jpg,8a0551d49d6e8f76e806066dce22a6dc69d1c2310b87b91b78f133e4cbfaf0f0,cashew_01b.jpg
31,cashew,00282_cashew,00282_cashew/cashew_05s.jpg,object_images/cashew/cashew_05s.jpg,b9480a08899537c8dc0afb2be10003c2861b6766c14a2b957134e27db7f28483,cashew_01b.jpg
31,cashew,00282_cashew,00282_cashew/cashew_06s.jpg,object_images/cashew/cashew_06s.jpg,3f05d7325b37771148a55c8ddb3dec1e454f8a999e89e9754f9162769dd5ee0c,cashew_01b.jpg
31,cashew,00282_cashew,00282_cashew/cashew_07s.jpg,object_images/cashew/cashew_07s.jpg,0d6518d459b5d6c0ba109a5ecef5f3f187a1ca4e7793be234e6e9086499dba26,cashew_01b.jpg
31,cashew,00282_cashew,00282_cashew/cashew_08s.jpg,object_images/cashew/cashew_08s.jpg,7268d16119482fb4ffd131f61546bcb0c14929b8198a1b5624c045b278b4b682,cashew_01b.jpg
31,cashew,00282_cashew,00282_cashew/cashew_09s.jpg,object_images/cashew/cashew_09s.jpg,e27d72c2ad41c6fd7764e8e29ad4920be184795a320032235170a177a79b4f2f,cashew_01b.jpg
31,cashew,00282_cashew,00282_cashew/cashew_10s.jpg,object_images/cashew/cashew_10s.jpg,cb1604076868f46baffd3ec5805724e8bc6b9770b024a059fba698e548150223,cashew_01b.jpg
31,cashew,00282_cashew,00282_cashew/cashew_11s.jpg,object_images/cashew/cashew_11s.jpg,935d13608a58aa4b555e371b19e60a13a76d02f984913f8019ce35551affb846,cashew_01b.jpg
31,cashew,00282_cashew,00282_cashew/cashew_12s.jpg,object_images/cashew/cashew_12s.jpg,f27a81850ef6187fd5d7109501b11897c14d2f3c1736f69229fe88a610609fc1,cashew_01b.jpg
31,cashew,00282_cashew,00282_cashew/cashew_13s.jpg,object_images/cashew/cashew_13s.jpg,3eb287128a729271a5898cb7f0f9a44999d3e086822069ef9e045a8501ad5c71,cashew_01b.jpg
31,cashew,00282_cashew,00282_cashew/cashew_14s.jpg,object_images/cashew/cashew_14s.jpg,34d9506f84a827a14ddfc9eb124e7e1499e0e316810a48aee38626e83d6ce8fd,cashew_01b.jpg
31,cashew,00282_cashew,00282_cashew/cashew_15n.jpg,object_images/cashew/cashew_15n.jpg,a0ac139b041097cd22330cfe5bdf438edb413c880e53605817c5118d95b94454,cashew_01b.jpg
32,cat,00285_cat,00285_cat/cat_02s.jpg,object_images/cat/cat_02s.jpg,eeb5afd770039681e61978f699922c893ae97f54ba0bb0b987e5b279fabbef83,cat_01b.jpg
32,cat,00285_cat,00285_cat/cat_03s.jpg,object_images/cat/cat_03s.jpg,bb45f5d01fc068aae43e4eb27e77fa3d45df364478a7c4e7fad39fdd1539e38b,cat_01b.jpg
32,cat,00285_cat,00285_cat/cat_04s.jpg,object_images/cat/cat_04s.jpg,d2c761f3286cd12cd0268093cb65a91b6a8899e12a4fe47132da737f6afc8a2d,cat_01b.jpg
32,cat,00285_cat,00285_cat/cat_05s.jpg,object_images/cat/cat_05s.jpg,60e7f87d8814ac02e6b595b2be618350688bd03213eba332a6df388f2d9f204b,cat_01b.jpg
32,cat,00285_cat,00285_cat/cat_06s.jpg,object_images/cat/cat_06s.jpg,a9168d63bca02eb27210ad30f4c3efbe97d07f8438a88358bb160991ff108861,cat_01b.jpg
32,cat,00285_cat,00285_cat/cat_07s.jpg,object_images/cat/cat_07s.jpg,d0663b822236beef0aa37632d474ff156df9add337b9c99bcff2c0b1abc621ae,cat_01b.jpg
32,cat,00285_cat,00285_cat/cat_08s.jpg,object_images/cat/cat_08s.jpg,d8ba34169502058e37ace289ce65d194c7d54890aa3e914b4879382c689cd9a8,cat_01b.jpg
32,cat,00285_cat,00285_cat/cat_09s.jpg,object_images/cat/cat_09s.jpg,ebbbacb05e00907045955a91faa2241af610d2e045d96bd3f3bbfb2d8dd7eb08,cat_01b.jpg
32,cat,00285_cat,00285_cat/cat_10s.jpg,object_images/cat/cat_10s.jpg,204c8e12cd0a3da71c96bc1c500439a75548ea267c95a4afb703b4a49c3be006,cat_01b.jpg
32,cat,00285_cat,00285_cat/cat_11s.jpg,object_images/cat/cat_11s.jpg,609c774b52f8d6c14dc30e3d97cc897d28d8690b83d81a4826c4ad2e3730f5ba,cat_01b.jpg
32,cat,00285_cat,00285_cat/cat_12s.jpg,object_images/cat/cat_12s.jpg,360e44fbe2d84366f87f501fb770106e54c575a0bcc650050b147ebcfe090239,cat_01b.jpg
33,caterpillar,00287_caterpillar,00287_caterpillar/caterpillar_01b.jpg,object_images/caterpillar/caterpillar_01b.jpg,131f90873d112e99659ad8d074b6a6aa84e2f21ab84a5612c2ababc35cde6b75,caterpillar_03s.jpg
33,caterpillar,00287_caterpillar,00287_caterpillar/caterpillar_02s.jpg,object_images/caterpillar/caterpillar_02s.jpg,b0e99582027a7888f997b62725abbce2052246656835dcc50f2d0e330c548713,caterpillar_03s.jpg
33,caterpillar,00287_caterpillar,00287_caterpillar/caterpillar_04s.jpg,object_images/caterpillar/caterpillar_04s.jpg,9857314f95f513baf799913380be5f3a39b078b3efbad500c7b4ebbe57e4a8e3,caterpillar_03s.jpg
33,caterpillar,00287_caterpillar,00287_caterpillar/caterpillar_05s.jpg,object_images/caterpillar/caterpillar_05s.jpg,53fe7346b081e6a455d5d767243691ad60eff5f864f3d469f29777e0873c668b,caterpillar_03s.jpg
33,caterpillar,00287_caterpillar,00287_caterpillar/caterpillar_06s.jpg,object_images/caterpillar/caterpillar_06s.jpg,af760affdb0da9b066fdffad3c1a54992476b74b7c06b4974cd5038319c7ccf4,caterpillar_03s.jpg
33,caterpillar,00287_caterpillar,00287_caterpillar/caterpillar_07s.jpg,object_images/caterpillar/caterpillar_07s.jpg,d29417627e92e9148da88c7b322ebb97d5f81bb6d3857fad6a46b399fc514c2c,caterpillar_03s.jpg
33,caterpillar,00287_caterpillar,00287_caterpillar/caterpillar_08s.jpg,object_images/caterpillar/caterpillar_08s.jpg,25ee852c97631f27770a50d9acde4c23c9d71ba352a9f704c270d53aa12efe59,caterpillar_03s.jpg
33,caterpillar,00287_caterpillar,00287_caterpillar/caterpillar_09s.jpg,object_images/caterpillar/caterpillar_09s.jpg,d34cd839e7d219263c3c1ca8f7b7241d7cf6da94ac0c357474258468238d89a7,caterpillar_03s.jpg
33,caterpillar,00287_caterpillar,00287_caterpillar/caterpillar_10s.jpg,object_images/caterpillar/caterpillar_10s.jpg,48693c1d59119ea957debf3ee78f7d22f59ea8bff77ec771b689f902bbc7f1ab,caterpillar_03s.jpg
33,caterpillar,00287_caterpillar,00287_caterpillar/caterpillar_11s.jpg,object_images/caterpillar/caterpillar_11s.jpg,6c4cad35c2106f71daed4528ade57ba8d025c10019f917fa21c1aa699a600bfe,caterpillar_03s.jpg
33,caterpillar,00287_caterpillar,00287_caterpillar/caterpillar_12s.jpg,object_images/caterpillar/caterpillar_12s.jpg,ef82f9dc0c8d88a8178a61390546a248a51ceb5fa7cb81323ffe8826654b14d5,caterpillar_03s.jpg
33,caterpillar,00287_caterpillar,00287_caterpillar/caterpillar_13s.jpg,object_images/caterpillar/caterpillar_13s.jpg,ce9383910c6c7ef3e8393c67aace0a20cf584ac8ce2edbab82d18df3d3d5f4a4,caterpillar_03s.jpg
33,caterpillar,00287_caterpillar,00287_caterpillar/caterpillar_14s.jpg,object_images/caterpillar/caterpillar_14s.jpg,edf35453fb35991e7eb5e99f32afcb21436fa2ca051036fbd35e4d14f2fb8a37,caterpillar_03s.jpg
33,caterpillar,00287_caterpillar,00287_caterpillar/caterpillar_15s.jpg,object_images/caterpillar/caterpillar_15s.jpg,1d3389f5a36adfd97110b91f15dafaa134c8b2b39e01faa150ed81ee9cc8ad7e,caterpillar_03s.jpg
33,caterpillar,00287_caterpillar,00287_caterpillar/caterpillar_16s.jpg,object_images/caterpillar/caterpillar_16s.jpg,0a3804fec024e951ec824ad2ae06c6ea920590a282a9ed19f557f093ea7eb4b2,caterpillar_03s.jpg
33,caterpillar,00287_caterpillar,00287_caterpillar/caterpillar_17s.jpg,object_images/caterpillar/caterpillar_17s.jpg,90ba650606003adc173c6e3c453bbcb3ddc1e23c80d29ae97c7fa4cd1bbaecfb,caterpillar_03s.jpg
33,caterpillar,00287_caterpillar,00287_caterpillar/caterpillar_18s.jpg,object_images/caterpillar/caterpillar_18s.jpg,70813da792c14d13236ebd41670c97541b09216ceaf90de52d350be152f1d828,caterpillar_03s.jpg
33,caterpillar,00287_caterpillar,00287_caterpillar/caterpillar_19s.jpg,object_images/caterpillar/caterpillar_19s.jpg,7f7bc7777122639f4e70df3a092ed584e10ab33fbb80dc401149178ae6908839,caterpillar_03s.jpg
33,caterpillar,00287_caterpillar,00287_caterpillar/caterpillar_20s.jpg,object_images/caterpillar/caterpillar_20s.jpg,ffe81b231e784c4e1fd8dadd4e044df6c5ebda9aa8f4f0bca00027e67b17829a,caterpillar_03s.jpg
33,caterpillar,00287_caterpillar,00287_caterpillar/caterpillar_21n.jpg,object_images/caterpillar/caterpillar_21n.jpg,bf92329cfe6358f47dee1637d705f5b3f28dca2bf1af19579b72502f94512177,caterpillar_03s.jpg
34,cd player,00291_cd_player,00291_cd_player/cd_player_01b.jpg,object_images/cd_player/cd_player_01b.jpg,bbea58eb6c463162d856e612ccf91779aa1a4911b5adc116eb0885350c8ff436,cd_player_02s.jpg
34,cd player,00291_cd_player,00291_cd_player/cd_player_03s.jpg,object_images/cd_player/cd_player_03s.jpg,89cc60dd072a9db724283d8bdfabce36b5acde324a8fd39838bdd75f515d4331,cd_player_02s.jpg
34,cd player,00291_cd_player,00291_cd_player/cd_player_04s.jpg,object_images/cd_player/cd_player_04s.jpg,cba9ac9a0932e7483391727d6091f57d1de8bbf6d228c7dba6e1c7b72dd64c06,cd_player_02s.jpg
34,cd player,00291_cd_player,00291_cd_player/cd_player_05s.jpg,object_images/cd_player/cd_player_05s.jpg,f91dad0c6f64da910220620265789c8061910b77f593d438121921681573076f,cd_player_02s.jpg
34,cd player,00291_cd_player,00291_cd_player/cd_player_06s.jpg,object_images/cd_player/cd_player_06s.jpg,19324c034433b5f2e6cf1802022ab03f8f81df0cc8bae191d9588fef61dd8deb,cd_player_02s.jpg
34,cd player,00291_cd_player,00291_cd_player/cd_player_07s.jpg,object_images/cd_player/cd_player_07s.jpg,0d9062f4106ba61e3e10319da1efe1f3451cf9548df55e1e8dde9b3b760014f0,cd_player_02s.jpg
34,cd player,00291_cd_player,00291_cd_player/cd_player_08s.jpg,object_images/cd_player/cd_player_08s.jpg,e0ac2bb67cde7df799fa896347dbcc3638d231259d41b175dba57d8c2e7cd085,cd_player_02s.jpg
34,cd player,00291_cd_player,00291_cd_player/cd_player_09s.jpg,object_images/cd_player/cd_player_09s.jpg,e2112400d743bb8eb5090ef5e4f71c46a2fb9a2dcada7341b6e44ca0f1db9954,cd_player_02s.jpg
34,cd player,00291_cd_player,00291_cd_player/cd_player_10s.jpg,object_images/cd_player/cd_player_10s.jpg,a0446a0ede338758ec69fd43d1f867817c98aaaf34800388472179ac819c4d56,cd_player_02s.jpg
34,cd player,00291_cd_player,00291_cd_player/cd_player_11s.jpg,object_images/cd_player/cd_player_11s.jpg,5c37ac333ea55b0630f8371e4f1ff960200c88d3413158bd4234bfbec362f0ec,cd_player_02s.jpg
34,cd player,00291_cd_player,00291_cd_player/cd_player_12s.jpg,object_images/cd_player/cd_player_12s.jpg,25a0d04313faeffdcf9fd40c63de77ce67ca697cc7b4855f3a84a7d5d22eb26c,cd_player_02s.jpg
35,chain,00299_chain,00299_chain/chain_02s.jpg,object_images/chain/chain_02s.jpg,b1818a6744043a16d4211ea1aac2cc03fca43ce970ac84a9429238b9273152db,chain_01b.jpg
35,chain,00299_chain,00299_chain/chain_03s.jpg,object_images/chain/chain_03s.jpg,45a00387da41ea58f1fdb5116f9770da2f525ae30fed18d1e51245d2061f5724,chain_01b.jpg
35,chain,00299_chain,00299_chain/chain_04s.jpg,object_images/chain/chain_04s.jpg,e2dcec0c1b63b052b8d8dbaef03945bc1474ae1b0137b6ed07fdedb84ff830af,chain_01b.jpg
35,chain,00299_chain,00299_chain/chain_05s.jpg,object_images/chain/chain_05s.jpg,0d4e1228dd07f4b445cecec2aa14ececb64be7417218c8a1711ec167dc1d47e3,chain_01b.jpg
35,chain,00299_chain,00299_chain/chain_06s.jpg,object_images/chain/chain_06s.jpg,b149c5baae886fd232dbe37ecd6cd7a3d5cb39c7bdaa8952c8f294a7f66abc2f,chain_01b.jpg
35,chain,00299_chain,00299_chain/chain_07s.jpg,object_images/chain/chain_07s.jpg,64e28e6e5986553aed8041e07fc3ccdf362f0a03dab0e9a9c1e5357c0a1c8744,chain_01b.jpg
35,chain,00299_chain,00299_chain/chain_08s.jpg,object_images/chain/chain_08s.jpg,733aff38e3e113485e53fe72ebef8c62d0b9b5a9ae98bd5990c7970ee5e7c2e9,chain_01b.jpg
35,chain,00299_chain,00299_chain/chain_09s.jpg,object_images/chain/chain_09s.jpg,de6a7a36db7c30a8a940e540d8ba9f880a9e52beda3ea17b2fbfcbd5e992969f,chain_01b.jpg
35,chain,00299_chain,00299_chain/chain_10s.jpg,object_images/chain/chain_10s.jpg,507b44b9a5777d71abf302db9425997bdbd3739281dcc7948c2bb97ea314baa5,chain_01b.jpg
35,chain,00299_chain,00299_chain/chain_11s.jpg,object_images/chain/chain_11s.jpg,cd80a8308e59d2ed9b759fb905883d77d26ecef21c35772bbe36fcc3fa03679c,chain_01b.jpg
35,chain,00299_chain,00299_chain/chain_12s.jpg,object_images/chain/chain_12s.jpg,e92a3e5ea062eab965567e6e9cb32344922627bac225b3f4dd610ebdd35e2f95,chain_01b.jpg
35,chain,00299_chain,00299_chain/chain_13s.jpg,object_images/chain/chain_13s.jpg,3b1b9beffceca7af634ea3a4821e44c0c815d07d1ef985030b056d57922a1a1d,chain_01b.jpg
35,chain,00299_chain,00299_chain/chain_14s.jpg,object_images/chain/chain_14s.jpg,fa6be787555d335a763b839595519049d8b3ae70ff4a05de8dd2a3291007cd67,chain_01b.jpg
35,chain,00299_chain,00299_chain/chain_15s.jpg,object_images/chain/chain_15s.jpg,b48ce00fcbd9d610f4ef1d939aca63fd25049feb918c6f8b3073fd058b74beb0,chain_01b.jpg
35,chain,00299_chain,00299_chain/chain_16s.jpg,object_images/chain/chain_16s.jpg,11eae18bc9d18b4bb68c1a80e39114f0cb3f3728cbd668972489ba1dea683433,chain_01b.jpg
36,chaps,00307_chaps,00307_chaps/chaps_01s.jpg,object_images/chaps/chaps_01s.jpg,6d965d488bb5718df4bd5e587bcb9bbce8498f8d43e64c542dced7451b00bba6,chaps_18s.jpg
36,chaps,00307_chaps,00307_chaps/chaps_02s.jpg,object_images/chaps/chaps_02s.jpg,4db9ba8faeee8eb5f8e6445160a583fc4b2898e794e408bf2cd9eef4445df97c,chaps_18s.jpg
36,chaps,00307_chaps,00307_chaps/chaps_03s.jpg,object_images/chaps/chaps_03s.jpg,c54599083ca7b70e5ac0dd6ac867261a67be3124a255cb18785eed16bfa0339e,chaps_18s.jpg
36,chaps,00307_chaps,00307_chaps/chaps_04s.jpg,object_images/chaps/chaps_04s.jpg,0a8eab3fc11e6f78b9a5b62d0977d38abc490781791561eec831a0a577af7197,chaps_18s.jpg
36,chaps,00307_chaps,00307_chaps/chaps_05s.jpg,object_images/chaps/chaps_05s.jpg,e7c45edb49e59e5afa77f4bc4ebd43a230455312657c498e85c55c167e772413,chaps_18s.jpg
36,chaps,00307_chaps,00307_chaps/chaps_06s.jpg,object_images/chaps/chaps_06s.jpg,be4bbee7ef48b6ad1df070a50aae4e75a5585adb5e53e4bf2ec1bd72145b75cd,chaps_18s.jpg
36,chaps,00307_chaps,00307_chaps/chaps_07s.jpg,object_images/chaps/chaps_07s.jpg,4540564ba923ee4bd9e67461ad483e12b100a35b3434243033ea330070621c44,chaps_18s.jpg
36,chaps,00307_chaps,00307_chaps/chaps_08s.jpg,object_images/chaps/chaps_08s.jpg,76568a6718fb9e45bd09b5455f4887e2598325069a751ead992566833cec0334,chaps_18s.jpg
36,chaps,00307_chaps,00307_chaps/chaps_09s.jpg,object_images/chaps/chaps_09s.jpg,2501283c0942da7b6dcfcf7e08140ce4f8391ad9e8e3f47218f5742d71b7b4c4,chaps_18s.jpg
36,chaps,00307_chaps,00307_chaps/chaps_10s.jpg,object_images/chaps/chaps_10s.jpg,fec88abd6798ed1f68da0d91d2a2b4b6269bb992d20484fae3b759257aeb7371,chaps_18s.jpg
36,chaps,00307_chaps,00307_chaps/chaps_11s.jpg,object_images/chaps/chaps_11s.jpg,0a22a5b035ff9ecdc3754eeba1a8ee165a391e69545fa2b9f4d1f74a4c42a21f,chaps_18s.jpg
36,chaps,00307_chaps,00307_chaps/chaps_12s.jpg,object_images/chaps/chaps_12s.jpg,cd4ded25f21d8a36227f96be10e5c1345e944a05282ce09328aea0df9e59c8e7,chaps_18s.jpg
36,chaps,00307_chaps,00307_chaps/chaps_13s.jpg,object_images/chaps/chaps_13s.jpg,e358742041e22e3e8aef19c995c7ab8efc3c359bc08863078e70331cf5e695b5,chaps_18s.jpg
36,chaps,00307_chaps,00307_chaps/chaps_14s.jpg,object_images/chaps/chaps_14s.jpg,7d25c9f60d01ce9f9015ea89114c1edf32f61d3106041a33ad2d5844f2e31e89,chaps_18s.jpg
36,chaps,00307_chaps,00307_chaps/chaps_15s.jpg,object_images/chaps/chaps_15s.jpg,84ea4b2cb0be9b49019a9a5858f9129a3479720b13fbf9cc0d5c4f667a22dd5f,chaps_18s.jpg
36,chaps,00307_chaps,00307_chaps/chaps_16s.jpg,object_images/chaps/chaps_16s.jpg,d378beb5a6866af8702f21c37b0ae7c1ba2b39e726dfe47d7f3716212a19523a,chaps_18s.jpg
36,chaps,00307_chaps,00307_chaps/chaps_17s.jpg,object_images/chaps/chaps_17s.jpg,e378e6b9e5094c1ce38a18dbc2784ea338addd9e948a5883a8ef82b1ede9a4af,chaps_18s.jpg
36,chaps,00307_chaps,00307_chaps/chaps_19s.jpg,object_images/chaps/chaps_19s.jpg,458cdf4fc867dd0d5066872266f35831be73fcb3fc383bf082ff593ff361c88b,chaps_18s.jpg
37,cheese,00313_cheese,00313_cheese/cheese_01b.jpg,object_images/cheese/cheese_01b.jpg,dcba38dd19d1fc282a2551a4e7611f5c39f6ef2f340dceaee9f2baa63ac3b065,cheese_06s.jpg
37,cheese,00313_cheese,00313_cheese/cheese_02s.jpg,object_images/cheese/cheese_02s.jpg,088faa9eef57f320f7cc4caf8bcfc942c9719f71c7356a5a8861950810f6431f,cheese_06s.jpg
37,cheese,00313_cheese,00313_cheese/cheese_03s.jpg,object_images/cheese/cheese_03s.jpg,9b58e65c0a351fdce62cdeaa80fd3020ab7fc4b1914a9e49fd56aa86782ae4f0,cheese_06s.jpg
37,cheese,00313_cheese,00313_cheese/cheese_04s.jpg,object_images/cheese/cheese_04s.jpg,f06dc84459270919bae79acc0318e705e4e3c53617492ee6f2c439402f9be68e,cheese_06s.jpg
37,cheese,00313_cheese,00313_cheese/cheese_05n.jpg,object_images/cheese/cheese_05n.jpg,96817edc7091048989c16f2d8fe6a96e0478e5aaf95ca3e7bdc1e06821e42fa2,cheese_06s.jpg
37,cheese,00313_cheese,00313_cheese/cheese_07s.jpg,object_images/cheese/cheese_07s.jpg,f3408e1765a003747bb792ed3b77fd843ab232fcdbfb38a3149cf970e48036f7,cheese_06s.jpg
37,cheese,00313_cheese,00313_cheese/cheese_08s.jpg,object_images/cheese/cheese_08s.jpg,309626788f01dcf682f7c314be42ed32caf437402dda356c388cf9ef448b8304,cheese_06s.jpg
37,cheese,00313_cheese,00313_cheese/cheese_09s.jpg,object_images/cheese/cheese_09s.jpg,b98534e42eeecd12dcee0c5b90768902493bdf32768f168f16011ac952a3f03a,cheese_06s.jpg
37,cheese,00313_cheese,00313_cheese/cheese_10s.jpg,object_images/cheese/cheese_10s.jpg,97f12f1838e9920c4e08fd5b2830650ca82e7ed8b14ab435dc78670e3ed943f7,cheese_06s.jpg
37,cheese,00313_cheese,00313_cheese/cheese_11s.jpg,object_images/cheese/cheese_11s.jpg,8913f6099a8e9ed74b313888a015239184d28a2c1a7aa3b05d689276dacbb5ed,cheese_06s.jpg
37,cheese,00313_cheese,00313_cheese/cheese_12s.jpg,object_images/cheese/cheese_12s.jpg,787a33153ca68f62194ee7be99fb889765a1e365ddea004b862a29365d7dff8f,cheese_06s.jpg
37,cheese,00313_cheese,00313_cheese/cheese_13s.jpg,object_images/cheese/cheese_13s.jpg,4c2d19da7baef7efe497933c93f83b1616a777e7ed16fca7ec3cfd0b270b0721,cheese_06s.jpg
37,cheese,00313_cheese,00313_cheese/cheese_14n.jpg,object_images/cheese/cheese_14n.jpg,1be0779b85d6e60d71cd95d197d73c5074cd252f55131151edc2b23ae71ccb10,cheese_06s.jpg
37,cheese,00313_cheese,00313_cheese/cheese_15s.jpg,object_images/cheese/cheese_15s.jpg,570bbe0da65351bfa500887f0d546708046116611642ba0058f09f800dccb238,cheese_06s.jpg
38,cheetah,00316_cheetah,00316_cheetah/cheetah_01b.jpg,object_images/cheetah/cheetah_01b.jpg,ee348b69051773fe251c8c692e6952e7d36400c9b4490b8164302fe1ae0e7192,cheetah_05s.jpg
38,cheetah,00316_cheetah,00316_cheetah/cheetah_02s.jpg,object_images/cheetah/cheetah_02s.jpg,c113e7ce0a6972f8b01cd6b2b2af52da2d088d9279e5ee0a41fa64f223d88c09,cheetah_05s.jpg
38,cheetah,00316_cheetah,00316_cheetah/cheetah_03s.jpg,object_images/cheetah/cheetah_03s.jpg,5d0408a1c469b03c9400d3ab79e1bd7f38aa6edd5e69b55b4458af65da5b37a8,cheetah_05s.jpg
38,cheetah,00316_cheetah,00316_cheetah/cheetah_04s.jpg,object_images/cheetah/cheetah_04s.jpg,5b0791d5e25e9e8f28da661fd9ab9a7a5f8680a9fd2c9fa3754fc0105add3b64,cheetah_05s.jpg
38,cheetah,00316_cheetah,00316_cheetah/cheetah_06s.jpg,object_images/cheetah/cheetah_06s.jpg,52b2b5a19efdc99e7b973f221bb14f322bd2b243d7fbbd849c127e185810b0c5,cheetah_05s.jpg
38,cheetah,00316_cheetah,00316_cheetah/cheetah_07s.jpg,object_images/cheetah/cheetah_07s.jpg,490c98fab0dabe3fea0c20399407b4432c5c2868461a651f60ed191c4b1222a2,cheetah_05s.jpg
38,cheetah,00316_cheetah,00316_cheetah/cheetah_08s.jpg,object_images/cheetah/cheetah_08s.jpg,fb257259a945336fc5a7b88f6a4297fd6c4f7247f52f85bd2ea497d4032ca59b,cheetah_05s.jpg
38,cheetah,00316_cheetah,00316_cheetah/cheetah_09s.jpg,object_images/cheetah/cheetah_09s.jpg,cc604cc0c309c4689cd9ab010e28e9b56223cbeee75eb059a0beb1dd259e3287,cheetah_05s.jpg
38,cheetah,00316_cheetah,00316_cheetah/cheetah_10s.jpg,object_images/cheetah/cheetah_10s.jpg,4db4f0be69c33a22e93029cb631d0d0586e905e767f36218ba8eb47821f8cfc2,cheetah_05s.jpg
38,cheetah,00316_cheetah,00316_cheetah/cheetah_11s.jpg,object_images/cheetah/cheetah_11s.jpg,7805f1561c9443ca06eedd174d658ee8fedc759f0dbfcfc16805a3a5d15e6e26,cheetah_05s.jpg
38,cheetah,00316_cheetah,00316_cheetah/cheetah_12s.jpg,object_images/cheetah/cheetah_12s.jpg,3383d536ed6a69032e73019ead583bc8e9756848480a101272b4c9e138df2950,cheetah_05s.jpg
38,cheetah,00316_cheetah,00316_cheetah/cheetah_13n.jpg,object_images/cheetah/cheetah_13n.jpg,56b24b6a4949cef4b512ef4212f48d00a01c6bf493ca364af01aaa91f43a0e63,cheetah_05s.jpg
39,chest2,00321_chest2,00321_chest2/chest2_01b.jpg,object_images/chest2/chest2_01b.jpg,8b00f3c206eaa95e4b387c6e43363e31a8c5c8af7091278c2858da4ad7d2ebc0,chest2_02s.jpg
39,chest2,00321_chest2,00321_chest2/chest2_03s.jpg,object_images/chest2/chest2_03s.jpg,64a89c16414f4917337ce0b941c1b6c82b514d7d369184fcf2a35d49db1a0686,chest2_02s.jpg
39,chest2,00321_chest2,00321_chest2/chest2_04s.jpg,object_images/chest2/chest2_04s.jpg,89d35abef2dfbe7a30d0049374e2b086538f481b554e3ed8c7245dad6698c836,chest2_02s.jpg
39,chest2,00321_chest2,00321_chest2/chest2_05s.jpg,object_images/chest2/chest2_05s.jpg,0aab65b7ec59709929185eb5531deb11b0fb482530ee81daa9461c0dceec1465,chest2_02s.jpg
39,chest2,00321_chest2,00321_chest2/chest2_06s.jpg,object_images/chest2/chest2_06s.jpg,cc2a65ffa53f654bebcae96aab0382781e214e408c94d4466b5ea3d78a6c38e1,chest2_02s.jpg
39,chest2,00321_chest2,00321_chest2/chest2_07s.jpg,object_images/chest2/chest2_07s.jpg,0bb2eee20a7ad4713347401e6307369f173805e57d88d028f50d49866b18ca9d,chest2_02s.jpg
39,chest2,00321_chest2,00321_chest2/chest2_08s.jpg,object_images/chest2/chest2_08s.jpg,381a0031270c9ca8b8c8287024843544f8cd2327e290190d13be7617ee5bdb42,chest2_02s.jpg
39,chest2,00321_chest2,00321_chest2/chest2_09s.jpg,object_images/chest2/chest2_09s.jpg,521f0b2d30bd3dc418f5793ea6f8edbdc509d68a3ec8aea5efe128cfaec39a99,chest2_02s.jpg
39,chest2,00321_chest2,00321_chest2/chest2_10s.jpg,object_images/chest2/chest2_10s.jpg,f71664e57fbefb011bec60a789fe40fead3ba6986284947860ef249118a04d16,chest2_02s.jpg
39,chest2,00321_chest2,00321_chest2/chest2_11s.jpg,object_images/chest2/chest2_11s.jpg,c85d6dc3919cc69a218257f155ab919a0bda3e89e27cc4c2e7510c46eb72fe19,chest2_02s.jpg
39,chest2,00321_chest2,00321_chest2/chest2_12s.jpg,object_images/chest2/chest2_12s.jpg,a06159e70f9e5e1ebbb255ac714661a89f4f2b4ea285f3ebc0a07c5a91c0fda1,chest2_02s.jpg
40,chime,00329_chime,00329_chime/chime_01b.jpg,object_images/chime/chime_01b.jpg,46b9e48785e6095e5b5b966b20e86345c5907cc3f70483f9f60572623bedad73,chime_08s.jpg
40,chime,00329_chime,00329_chime/chime_02s.jpg,object_images/chime/chime_02s.jpg,dc4c56f41093da2ceeedd75c26cdcd2add956555558f35560863ea95781222a1,chime_08s.jpg
40,chime,00329_chime,00329_chime/chime_03s.jpg,object_images/chime/chime_03s.jpg,0cb7161dbd9f2ff008d2646634b8ef824ce9510af5cf8356ac0590e5542a5daf,chime_08s.jpg
40,chime,00329_chime,00329_chime/chime_04s.jpg,object_images/chime/chime_04s.jpg,3116acf363ea6b7e4dd46151adc44375409470a1874b17dcf4865e2928fbc625,chime_08s.jpg
40,chime,00329_chime,00329_chime/chime_05s.jpg,object_images/chime/chime_05s.jpg,1a35c693d6c7ae03650f6464ebf4443c1a83aab83027f307adf5db02ea12e9e9,chime_08s.jpg
40,chime,00329_chime,00329_chime/chime_06s.jpg,object_images/chime/chime_06s.jpg,9add8f1f9b4f2bf0797eee419e30d54591db553db241a27a6c04715783e85ed6,chime_08s.jpg
40,chime,00329_chime,00329_chime/chime_07s.jpg,object_images/chime/chime_07s.jpg,0f9d7345eb3245976efc4edd8a7834ba938e3695c1992da8471c826e094cfa01,chime_08s.jpg
40,chime,00329_chime,00329_chime/chime_09s.jpg,object_images/chime/chime_09s.jpg,75890a67bace49726fddd1b6c6563c70bc08b526be54592f5947a2ace9d6ea38,chime_08s.jpg
40,chime,00329_chime,00329_chime/chime_10s.jpg,object_images/chime/chime_10s.jpg,24de25cd5fd08e40616e54daaa511b64c316122dab85849fe121b71ad9c4a31f,chime_08s.jpg
40,chime,00329_chime,00329_chime/chime_11s.jpg,object_images/chime/chime_11s.jpg,ef1ce7afd02decc715cfedb7bfb5d255b855eaef6db549143facf1c984e286a9,chime_08s.jpg
40,chime,00329_chime,00329_chime/chime_12s.jpg,object_images/chime/chime_12s.jpg,b8ea54765a977eadf1fa14b9d71dc9acdc5a0c57cbf465397ead4338177e053d,chime_08s.jpg
41,chopsticks,00340_chopsticks,00340_chopsticks/chopsticks_01s.jpg,object_images/chopsticks/chopsticks_01s.jpg,59e3a8fa61fd11103d7ddd81ed2a4cb2ebeb0df5f7508ae22fac926d71553d35,chopsticks_11s.jpg
41,chopsticks,00340_chopsticks,00340_chopsticks/chopsticks_02s.jpg,object_images/chopsticks/chopsticks_02s.jpg,92ddd339777cedd5882d1a2a46c16a63e751250eec5c9704ce90e1b897ac3503,chopsticks_11s.jpg
41,chopsticks,00340_chopsticks,00340_chopsticks/chopsticks_03s.jpg,object_images/chopsticks/chopsticks_03s.jpg,8f14e3874f18217a1872dd21c074143988de5b1b87cc1025073d1534a691348c,chopsticks_11s.jpg
41,chopsticks,00340_chopsticks,00340_chopsticks/chopsticks_04s.jpg,object_images/chopsticks/chopsticks_04s.jpg,ae33062a5af259e03f8024f7c7af3a76df8689506cbb29289eaa111265a3a74a,chopsticks_11s.jpg
41,chopsticks,00340_chopsticks,00340_chopsticks/chopsticks_05s.jpg,object_images/chopsticks/chopsticks_05s.jpg,3720f9bad59593254f8affa95da93ce0cda116893ec3b0fe4e7c6adf9a3500c4,chopsticks_11s.jpg
41,chopsticks,00340_chopsticks,00340_chopsticks/chopsticks_06s.jpg,object_images/chopsticks/chopsticks_06s.jpg,2793e8813293b8f8c6b5151bdf3c160fb75acb8a15c1f6f6655434c271a9089f,chopsticks_11s.jpg
41,chopsticks,00340_chopsticks,00340_chopsticks/chopsticks_07s.jpg,object_images/chopsticks/chopsticks_07s.jpg,8341283d88ef3ff1ca2b1d3976a5942ca327e4dfb7aad430a21df7520aa338db,chopsticks_11s.jpg
41,chopsticks,00340_chopsticks,00340_chopsticks/chopsticks_08s.jpg,object_images/chopsticks/chopsticks_08s.jpg,b7efdfdc6e973e356bf1e31c91aa194ede61861e3668038f78fef2e95281ee6b,chopsticks_11s.jpg
41,chopsticks,00340_chopsticks,00340_chopsticks/chopsticks_09s.jpg,object_images/chopsticks/chopsticks_09s.jpg,fc422cc40823819b4fa2dcb73f7c53258422a493cd04036870311e0277561f42,chopsticks_11s.jpg
41,chopsticks,00340_chopsticks,00340_chopsticks/chopsticks_10s.jpg,object_images/chopsticks/chopsticks_10s.jpg,bbc965e83468d35abe0c9efdf9175856fdc9f4f440b3d1f6e9f3c65c2f8389d6,chopsticks_11s.jpg
41,chopsticks,00340_chopsticks,00340_chopsticks/chopsticks_12s.jpg,object_images/chopsticks/chopsticks_12s.jpg,2ff5a3f0ebe5b37abd434f8633454b7c68e9799929326c42b4afd149d8d933b0,chopsticks_11s.jpg
42,cleat,00354_cleat,00354_cleat/cleat_01b.jpg,object_images/cleat/cleat_01b.jpg,bce214bc17461fbcf90fa51fad672fcafdbf2d55a457b9434962353cd8451d96,cleat_09s.jpg
42,cleat,00354_cleat,00354_cleat/cleat_02s.jpg,object_images/cleat/cleat_02s.jpg,a78288ea15efd0ed29b8728dea997973995d124abcebaf2d20c51fb09854681e,cleat_09s.jpg
42,cleat,00354_cleat,00354_cleat/cleat_03s.jpg,object_images/cleat/cleat_03s.jpg,ec9b590c22b7ca631908d81a732459e6b89efabf092ff757c99ac288b7462b62,cleat_09s.jpg
42,cleat,00354_cleat,00354_cleat/cleat_04s.jpg,object_images/cleat/cleat_04s.jpg,2cd458f73a309e09c8c29a6b18465a68d9f36cac4297f1b878ef5650655e91b5,cleat_09s.jpg
42,cleat,00354_cleat,00354_cleat/cleat_05s.jpg,object_images/cleat/cleat_05s.jpg,1724630181ca15ef850264433affe879862e84031dc09d712708925aaa6d638d,cleat_09s.jpg
42,cleat,00354_cleat,00354_cleat/cleat_06s.jpg,object_images/cleat/cleat_06s.jpg,655e4fd160fbbee6d783653ebc103a9600aea3c6e8a0c495507a51d68efee33c,cleat_09s.jpg
42,cleat,00354_cleat,00354_cleat/cleat_07s.jpg,object_images/cleat/cleat_07s.jpg,70f77c26ffb0f74ba8d7d4f99391f95bb2bbfa51241838a63c7611687c42221a,cleat_09s.jpg
42,cleat,00354_cleat,00354_cleat/cleat_08s.jpg,object_images/cleat/cleat_08s.jpg,766e2987d81b91036f8308c482a450d1c3a09afb5a97d2d35234b0d41eb19695,cleat_09s.jpg
42,cleat,00354_cleat,00354_cleat/cleat_10s.jpg,object_images/cleat/cleat_10s.jpg,f55328596d02ca40a54a124dd7a05c64d8ff970be24f8ec9d05d5c6ddfcf9877,cleat_09s.jpg
42,cleat,00354_cleat,00354_cleat/cleat_11s.jpg,object_images/cleat/cleat_11s.jpg,b27b3d52371fc8d02a7df87b58a1364fc86465f3db5e597f27d3b55da58f30ba,cleat_09s.jpg
42,cleat,00354_cleat,00354_cleat/cleat_12s.jpg,object_images/cleat/cleat_12s.jpg,c47c8b7dccde04910c88e1226842f4feb8cc7929ecf0babdf9761a7d8cbf3041,cleat_09s.jpg
42,cleat,00354_cleat,00354_cleat/cleat_13s.jpg,object_images/cleat/cleat_13s.jpg,18cc60e7b27585e9c49142039e9cbff1b11a6872d4cbaa23d857fd0584ec0acf,cleat_09s.jpg
42,cleat,00354_cleat,00354_cleat/cleat_14s.jpg,object_images/cleat/cleat_14s.jpg,923d75b230c94758d47c898266e5617d5bc49a023d053ea81cd0f79585de5346,cleat_09s.jpg
42,cleat,00354_cleat,00354_cleat/cleat_15s.jpg,object_images/cleat/cleat_15s.jpg,3cd0bad1e6d3914155053bda8c5c992df1b7c466582b190891580223d2761826,cleat_09s.jpg
42,cleat,00354_cleat,00354_cleat/cleat_16s.jpg,object_images/cleat/cleat_16s.jpg,48214e41249ba432b6739f2a8909ee6d8d85efd28b9dd940d3a693b8c325e0ec,cleat_09s.jpg
42,cleat,00354_cleat,00354_cleat/cleat_17s.jpg,object_images/cleat/cleat_17s.jpg,e61d12236df5a6102121fce0fcf8327f8ef0b7bf5fd5f1a9fe84809758f7db6f,cleat_09s.jpg
42,cleat,00354_cleat,00354_cleat/cleat_18s.jpg,object_images/cleat/cleat_18s.jpg,666795beedf562227398623c2cf49207675c0a2733fceacc69d25c8269fc00ab,cleat_09s.jpg
42,cleat,00354_cleat,00354_cleat/cleat_19s.jpg,object_images/cleat/cleat_19s.jpg,92b436692360c52d97cbbfc14cf9c4ec614c3c40fb3dc62a8ef5a08639ac080d,cleat_09s.jpg
42,cleat,00354_cleat,00354_cleat/cleat_20s.jpg,object_images/cleat/cleat_20s.jpg,4e85f897df397a59f472b4333e3aa0c46b399275e644746483186a6f5e47dd8d,cleat_09s.jpg
42,cleat,00354_cleat,00354_cleat/cleat_21s.jpg,object_images/cleat/cleat_21s.jpg,51ef5718259882856c6bf1a9f2a63fdab41e9fbe4462559ea4427966953e0d6b,cleat_09s.jpg
42,cleat,00354_cleat,00354_cleat/cleat_22s.jpg,object_images/cleat/cleat_22s.jpg,46672db9f5ab341d20a922a1f8b49df5a67a769754e0f4fbb55bc4348dc1e115,cleat_09s.jpg
43,cleaver,00355_cleaver,00355_cleaver/cleaver_01b.jpg,object_images/cleaver/cleaver_01b.jpg,01e95e45f92acd15bada68009abfe518fb278a8e1701a0374e2fcb805294ee8f,cleaver_07s.jpg
43,cleaver,00355_cleaver,00355_cleaver/cleaver_02s.jpg,object_images/cleaver/cleaver_02s.jpg,63d4593908b9db39d29c65c7b808b60780e8aa9bb6b90a35e6193fce0b5cdcc5,cleaver_07s.jpg
43,cleaver,00355_cleaver,00355_cleaver/cleaver_03s.jpg,object_images/cleaver/cleaver_03s.jpg,1d449735aaabd583cb9a71e9786f5453b2ae7808b8dec8bc18af3f1b99d124be,cleaver_07s.jpg
43,cleaver,00355_cleaver,00355_cleaver/cleaver_04s.jpg,object_images/cleaver/cleaver_04s.jpg,cd1e68728188d623eddf0dbaa80f4d28c19df0292830bdce7846b88fbaf1c0ce,cleaver_07s.jpg
43,cleaver,00355_cleaver,00355_cleaver/cleaver_05s.jpg,object_images/cleaver/cleaver_05s.jpg,cfb5f57193cc5f2b22f63dbad560d4e09687a92a1033a6bb4b08f8fe83cffe59,cleaver_07s.jpg
43,cleaver,00355_cleaver,00355_cleaver/cleaver_06s.jpg,object_images/cleaver/cleaver_06s.jpg,7d7442f905da1d87e901fdbe4b77f11862628fcb967450cb0beb828e3751333b,cleaver_07s.jpg
43,cleaver,00355_cleaver,00355_cleaver/cleaver_08s.jpg,object_images/cleaver/cleaver_08s.jpg,2e7f6658f308cf350437e22ad7aa87477e4421b24f38d7aa1bbed51b4830fd13,cleaver_07s.jpg
43,cleaver,00355_cleaver,00355_cleaver/cleaver_09s.jpg,object_images/cleaver/cleaver_09s.jpg,d24e413599c56a8f551ae8f11e0b865a23648cdf26efd15c0098cfb8d32f2c74,cleaver_07s.jpg
43,cleaver,00355_cleaver,00355_cleaver/cleaver_10s.jpg,object_images/cleaver/cleaver_10s.jpg,76f5438bcf0eb5d1b32f7933b30b81d5ffb5dc9b8d0fa16335e2be9b4d994368,cleaver_07s.jpg
43,cleaver,00355_cleaver,00355_cleaver/cleaver_11s.jpg,object_images/cleaver/cleaver_11s.jpg,a07cf691c409dca9245bf8e4660153ed07da415bf2e1425bd586f8bc56e12706,cleaver_07s.jpg
43,cleaver,00355_cleaver,00355_cleaver/cleaver_12s.jpg,object_images/cleaver/cleaver_12s.jpg,f1fae1f44c5c52e0404aff64b2e8a2e83a09378b660bd03aee8b0a5dc391f762,cleaver_07s.jpg
43,cleaver,00355_cleaver,00355_cleaver/cleaver_13s.jpg,object_images/cleaver/cleaver_13s.jpg,2e39b438a39fdfae7df9f3662cb952db1deb13e71b6fb0aa7867362be8cc7c32,cleaver_07s.jpg
44,coat,00370_coat,00370_coat/coat_02s.jpg,object_images/coat/coat_02s.jpg,b65f95a5a5669d30306d6e0f35a6926d45cc53a48169b65ebe98c1628a54e9ca,coat_01b.jpg
44,coat,00370_coat,00370_coat/coat_03s.jpg,object_images/coat/coat_03s.jpg,0928d0d109e036b53bd79fdebd9ae5764f5f0baa3b2b96620bf9f280363a4eb2,coat_01b.jpg
44,coat,00370_coat,00370_coat/coat_04s.jpg,object_images/coat/coat_04s.jpg,4d2798288cfecd5c13997b9e304c3dec260207275af9f24f63ee6768fd9d4a54,coat_01b.jpg
44,coat,00370_coat,00370_coat/coat_05s.jpg,object_images/coat/coat_05s.jpg,6bd9cac3f1735cd4de24c8243c65a52024aacc43a4d02b237acfc5673b7463e6,coat_01b.jpg
44,coat,00370_coat,00370_coat/coat_06s.jpg,object_images/coat/coat_06s.jpg,1768dcfaeb21ec58971b968a7a246931958e53216ebe47850116829f8ff743e5,coat_01b.jpg
44,coat,00370_coat,00370_coat/coat_07s.jpg,object_images/coat/coat_07s.jpg,3442324cad2e7ecbe6dfc2b7c781ccf23b7985a1144d92c2117a7d83c0abd136,coat_01b.jpg
44,coat,00370_coat,00370_coat/coat_08s.jpg,object_images/coat/coat_08s.jpg,d93b937091d00f0da8dbbdf7f0c0406de971b0655308937a292f316596135836,coat_01b.jpg
44,coat,00370_coat,00370_coat/coat_09s.jpg,object_images/coat/coat_09s.jpg,12ca069bc6971fc8ebfb7fa6d893534ccd1e9aaf009528893ff12d28ea66390d,coat_01b.jpg
44,coat,00370_coat,00370_coat/coat_10s.jpg,object_images/coat/coat_10s.jpg,4a3a352433a41ac8341ca167b6fded918497518d2c9ab2cbffb1b9eed457a7ff,coat_01b.jpg
44,coat,00370_coat,00370_coat/coat_11s.jpg,object_images/coat/coat_11s.jpg,e078ce3352bf83d7d4fc4d9703b838d1f5a3b11935fffa06ed8c5a44f309f6bb,coat_01b.jpg
44,coat,00370_coat,00370_coat/coat_12s.jpg,object_images/coat/coat_12s.jpg,fe96707d1ac851a6f9f43ac0beafe393ca4cadd2704b7f04e489c1cdd99875d6,coat_01b.jpg
45,cobra,00372_cobra,00372_cobra/cobra_02s.jpg,object_images/cobra/cobra_02s.jpg,df1055554a4efdcc763fbe841c4e12eb670b3cbe417ee931527ad0bcd9e6f83b,cobra_01b.jpg
45,cobra,00372_cobra,00372_cobra/cobra_03s.jpg,object_images/cobra/cobra_03s.jpg,d4ad7e12e8a2e34e999115e92da249ef59059c0e8216006afb0c64b969951baa,cobra_01b.jpg
45,cobra,00372_cobra,00372_cobra/cobra_04s.jpg,object_images/cobra/cobra_04s.jpg,d334883c52971ed90af19a5b67f28473d1f0edaf6517109c8b7a42708ece9918,cobra_01b.jpg
45,cobra,00372_cobra,00372_cobra/cobra_05s.jpg,object_images/cobra/cobra_05s.jpg,1693d12a0bcc65630162494f9419875388d0518cbef7fd2093eb3c7d1454b900,cobra_01b.jpg
45,cobra,00372_cobra,00372_cobra/cobra_06s.jpg,object_images/cobra/cobra_06s.jpg,9f3ce936cd4160fcf4aee1bb656bbb322c886a833aba1d93d72b1ad17ccda13f,cobra_01b.jpg
45,cobra,00372_cobra,00372_cobra/cobra_07s.jpg,object_images/cobra/cobra_07s.jpg,91cb4aaa1bf7353a7f5ec08b5d9c3a2798325e9904a0ef690dfe99db72a0b67c,cobra_01b.jpg
45,cobra,00372_cobra,00372_cobra/cobra_08s.jpg,object_images/cobra/cobra_08s.jpg,df92e383db76d36fd1eebe0dab421f9b025191c9476e35ee3cd4a17fe39798d9,cobra_01b.jpg
45,cobra,00372_cobra,00372_cobra/cobra_09s.jpg,object_images/cobra/cobra_09s.jpg,c4d107ab827779e66c615eb2f3ad6c1e9141763695213a04d0a839855ba63cc0,cobra_01b.jpg
45,cobra,00372_cobra,00372_cobra/cobra_10s.jpg,object_images/cobra/cobra_10s.jpg,54fe9ad8a4d7524ba29f04bea569f95aa4063445ac0b4a92ff1cceee336e4f8e,cobra_01b.jpg
45,cobra,00372_cobra,00372_cobra/cobra_11s.jpg,object_images/cobra/cobra_11s.jpg,ce8b0667df340038efaca43902c547c1522658366eacf078f45009beedcb5479,cobra_01b.jpg
45,cobra,00372_cobra,00372_cobra/cobra_12s.jpg,object_images/cobra/cobra_12s.jpg,934141f7d1f719388bf11462075da6a0cb40bc8644cce2f6a3d381d1b04cd2cd,cobra_01b.jpg
45,cobra,00372_cobra,00372_cobra/cobra_13s.jpg,object_images/cobra/cobra_13s.jpg,6a39143a816a457f55b708348442d26b699700c55ea57b0ba173a64d0e4ed07c,cobra_01b.jpg
46,coconut,00376_coconut,00376_coconut/coconut_02s.jpg,object_images/coconut/coconut_02s.jpg,0f64df2be38fd1fc125383e805d5648b7e1f32e0ece5374105f0803797ec6899,coconut_01b.jpg
46,coconut,00376_coconut,00376_coconut/coconut_03s.jpg,object_images/coconut/coconut_03s.jpg,4aeaa15215fc18b808cac201b92b38b7368e843cb3d647240eca25cdbb7d1e8b,coconut_01b.jpg
46,coconut,00376_coconut,00376_coconut/coconut_04s.jpg,object_images/coconut/coconut_04s.jpg,9aebd9c6b4ef232737c2843d8df306e4b2447bd0e3c122fc0e4d91d845451a29,coconut_01b.jpg
46,coconut,00376_coconut,00376_coconut/coconut_05s.jpg,object_images/coconut/coconut_05s.jpg,2ea146bfa9504c4c68b949b1eb3bc66b68b99ac257e0cfcf3f32249e94ed0708,coconut_01b.jpg
46,coconut,00376_coconut,00376_coconut/coconut_06s.jpg,object_images/coconut/coconut_06s.jpg,9ee0ef6e0d319dfcfebf414544942b267a99e0c2bc1410058511f7e951288491,coconut_01b.jpg
46,coconut,00376_coconut,00376_coconut/coconut_07s.jpg,object_images/coconut/coconut_07s.jpg,4602c2c458e1d3d6e9a076ea5622cdd421919b022f1c872f08c80f9d5fcab757,coconut_01b.jpg
46,coconut,00376_coconut,00376_coconut/coconut_08s.jpg,object_images/coconut/coconut_08s.jpg,f4483c113d4350f4dcb1b1efd0aafae5dd565ab6d06332b781ad0b44377c6262,coconut_01b.jpg
46,coconut,00376_coconut,00376_coconut/coconut_09s.jpg,object_images/coconut/coconut_09s.jpg,657d41b5b68801c664c4fe0ed8c6b6a775fdaac46277cc7a968c36bbc8b4be00,coconut_01b.jpg
46,coconut,00376_coconut,00376_coconut/coconut_10s.jpg,object_images/coconut/coconut_10s.jpg,63b8f11d6e5029879c21b6c97e739803b14729178663b5aafaf03b523ae40324,coconut_01b.jpg
46,coconut,00376_coconut,00376_coconut/coconut_11s.jpg,object_images/coconut/coconut_11s.jpg,c51739ba05a949845daa97db30a5601c5c2d8882f85afdcc43dd6ce7c569927f,coconut_01b.jpg
46,coconut,00376_coconut,00376_coconut/coconut_12s.jpg,object_images/coconut/coconut_12s.jpg,5bd269c9694cc0edafec188914bf9520ab58b1be1bacc51210d209b06f0b9574,coconut_01b.jpg
46,coconut,00376_coconut,00376_coconut/coconut_13s.jpg,object_images/coconut/coconut_13s.jpg,2a2e2c9b267eaeaafeb94f43a8f7a45d926ee270aae18ae89aaaeb14ec29e23c,coconut_01b.jpg
46,coconut,00376_coconut,00376_coconut/coconut_14s.jpg,object_images/coconut/coconut_14s.jpg,0d8cf51ec8e7ee238c045dc8dd49155c33c5998b1c96a3f00e52182e0b4ade49,coconut_01b.jpg
46,coconut,00376_coconut,00376_coconut/coconut_15s.jpg,object_images/coconut/coconut_15s.jpg,3fb520978d13bbf70e84f75d6441b13e9055634a7fa0a6ca2a0a0c017425cf92,coconut_01b.jpg
46,coconut,00376_coconut,00376_coconut/coconut_16s.jpg,object_images/coconut/coconut_16s.jpg,b205b4b9b620f2bf335f7e97e705a082ebb5b996ef253558e521716a61e0a673,coconut_01b.jpg
46,coconut,00376_coconut,00376_coconut/coconut_17n.jpg,object_images/coconut/coconut_17n.jpg,34935cc9abfdefadbf3b2fa98ead73cfa2aaa133abf39322319436d1c6f48db3,coconut_01b.jpg
46,coconut,00376_coconut,00376_coconut/coconut_18s.jpg,object_images/coconut/coconut_18s.jpg,653c79e96f8a1c1cdc2fc09785f0146dfec12b2a4ce9ca9655dd393aad4833b1,coconut_01b.jpg
46,coconut,00376_coconut,00376_coconut/coconut_19s.jpg,object_images/coconut/coconut_19s.jpg,8074ee58e53da7081d3b31da5218bd849a71f57b95d7b0cb61e27a1a0322e322,coconut_01b.jpg
46,coconut,00376_coconut,00376_coconut/coconut_20s.jpg,object_images/coconut/coconut_20s.jpg,4899cb210319864f5b3f932291e813cd918130a626191aeba9fa85734f557bab,coconut_01b.jpg
47,coffee bean,00379_coffee_bean,00379_coffee_bean/coffee_bean_02s.jpg,object_images/coffee_bean/coffee_bean_02s.jpg,4846d32316a877654414c3df30150baa7715bac0a5589631837c7c1b11395eb5,coffee_bean_01b.jpg
47,coffee bean,00379_coffee_bean,00379_coffee_bean/coffee_bean_03s.jpg,object_images/coffee_bean/coffee_bean_03s.jpg,c7a21906955bae1f479b74f5f3b16f2b2c4e9990cc353591a67a5cf59f20ece6,coffee_bean_01b.jpg
47,coffee bean,00379_coffee_bean,00379_coffee_bean/coffee_bean_04s.jpg,object_images/coffee_bean/coffee_bean_04s.jpg,6b860929970aa1a48a921b20887ae71b7fa54779672b46b6e60af5e81991ee39,coffee_bean_01b.jpg
47,coffee bean,00379_coffee_bean,00379_coffee_bean/coffee_bean_05s.jpg,object_images/coffee_bean/coffee_bean_05s.jpg,5b825b4b7397c18d9c43bf1baa2b3083b30024c38915f2eb487508d7d1909ae9,coffee_bean_01b.jpg
47,coffee bean,00379_coffee_bean,00379_coffee_bean/coffee_bean_06s.jpg,object_images/coffee_bean/coffee_bean_06s.jpg,bfdcbfb1ef324657d37ba450a32953ece5c0db575dd6cc606de304ba93870f13,coffee_bean_01b.jpg
47,coffee bean,00379_coffee_bean,00379_coffee_bean/coffee_bean_07s.jpg,object_images/coffee_bean/coffee_bean_07s.jpg,c16e708620e84eacb92c2b4f25b607cdd818c5807f0a914224c0a1dfb1640f63,coffee_bean_01b.jpg
47,coffee bean,00379_coffee_bean,00379_coffee_bean/coffee_bean_08s.jpg,object_images/coffee_bean/coffee_bean_08s.jpg,a9c9fe4fcc17c0ee1d9b824210c9aae4ece0bf43921ce2496944e338084e6d24,coffee_bean_01b.jpg
47,coffee bean,00379_coffee_bean,00379_coffee_bean/coffee_bean_09s.jpg,object_images/coffee_bean/coffee_bean_09s.jpg,a252644669cc256002094a431afb15053aafeff8fb2071a47e336cdcf1ef17de,coffee_bean_01b.jpg
47,coffee bean,00379_coffee_bean,00379_coffee_bean/coffee_bean_10s.jpg,object_images/coffee_bean/coffee_bean_10s.jpg,98ce9f4034f5a779cd3c07f6996c166c15ac178950c196e88ffd38297e7c944f,coffee_bean_01b.jpg
47,coffee bean,00379_coffee_bean,00379_coffee_bean/coffee_bean_11s.jpg,object_images/coffee_bean/coffee_bean_11s.jpg,9394fb17d7eb84273a8a5343132a56de6e8ac1a9320f4025f67335ead35ee200,coffee_bean_01b.jpg
47,coffee bean,00379_coffee_bean,00379_coffee_bean/coffee_bean_12s.jpg,object_images/coffee_bean/coffee_bean_12s.jpg,b3b00be3a208983747040e764bbd1e5ab7f02b37d4c6dc5ca14e90a8f9df5b17,coffee_bean_01b.jpg
48,coffeemaker,00383_coffeemaker,00383_coffeemaker/coffeemaker_01b.jpg,object_images/coffeemaker/coffeemaker_01b.jpg,fa47d393d2ae33243668d773ff3ca3289f96b3fcbee26a84551c71960887db2b,coffeemaker_13s.jpg
48,coffeemaker,00383_coffeemaker,00383_coffeemaker/coffeemaker_02s.jpg,object_images/coffeemaker/coffeemaker_02s.jpg,4b404f19cc4a309b5ea8edc8012fe9c77e3611425b5696a0605da892e9d3b5e4,coffeemaker_13s.jpg
48,coffeemaker,00383_coffeemaker,00383_coffeemaker/coffeemaker_03s.jpg,object_images/coffeemaker/coffeemaker_03s.jpg,d12e0e030260c64005bfb445a8c9649a145a3bd06c84c953aaf42d0397b6fed0,coffeemaker_13s.jpg
48,coffeemaker,00383_coffeemaker,00383_coffeemaker/coffeemaker_04s.jpg,object_images/coffeemaker/coffeemaker_04s.jpg,091077c8478185260106520fed572bf8655d3d484e1f99fcf45e1957068d1090,coffeemaker_13s.jpg
48,coffeemaker,00383_coffeemaker,00383_coffeemaker/coffeemaker_05s.jpg,object_images/coffeemaker/coffeemaker_05s.jpg,f30c4456a18d11748931ef9fb52315cd04cf676797a40c9d0c674d6a8ada53f4,coffeemaker_13s.jpg
48,coffeemaker,00383_coffeemaker,00383_coffeemaker/coffeemaker_06s.jpg,object_images/coffeemaker/coffeemaker_06s.jpg,1729a87b2cdb56231249945119bf0485158ed22ef429c9d72e024e44f91efa3f,coffeemaker_13s.jpg
48,coffeemaker,00383_coffeemaker,00383_coffeemaker/coffeemaker_07s.jpg,object_images/coffeemaker/coffeemaker_07s.jpg,bbc73b28cab075bd41239f168021e369dbe1c85d6685685d942cb9dd5128fb96,coffeemaker_13s.jpg
48,coffeemaker,00383_coffeemaker,00383_coffeemaker/coffeemaker_08s.jpg,object_images/coffeemaker/coffeemaker_08s.jpg,22199bc50eba0693886d1e4aab34e2d83382ea99fa6b31117845fb41d3a832f4,coffeemaker_13s.jpg
48,coffeemaker,00383_coffeemaker,00383_coffeemaker/coffeemaker_09s.jpg,object_images/coffeemaker/coffeemaker_09s.jpg,cd034b06f56e6edb6e3ccdbd11ee39fe76f42be83e868ddaac78673160f355d9,coffeemaker_13s.jpg
48,coffeemaker,00383_coffeemaker,00383_coffeemaker/coffeemaker_10s.jpg,object_images/coffeemaker/coffeemaker_10s.jpg,af0f958f124bd332ef4d38faf183455344f18c92a626c53e5d160adf5a05b055,coffeemaker_13s.jpg
48,coffeemaker,00383_coffeemaker,00383_coffeemaker/coffeemaker_11s.jpg,object_images/coffeemaker/coffeemaker_11s.jpg,b58ca7cce919ea5bbab5e03796f5acf415166810462a3529e83729c76f3c832a,coffeemaker_13s.jpg
48,coffeemaker,00383_coffeemaker,00383_coffeemaker/coffeemaker_12s.jpg,object_images/coffeemaker/coffeemaker_12s.jpg,500b283226cde739e7dca58db12d843d21c0500d5989efe3b0dfc175520e0de6,coffeemaker_13s.jpg
48,coffeemaker,00383_coffeemaker,00383_coffeemaker/coffeemaker_14s.jpg,object_images/coffeemaker/coffeemaker_14s.jpg,7017e8e949e2663a8e64ef8fb615d7866e31952e515bde00fd181796b873a30f,coffeemaker_13s.jpg
49,cookie,00401_cookie,00401_cookie/cookie_01b.jpg,object_images/cookie/cookie_01b.jpg,5ef5f006aa173cdf0c7c4a69374bf32b80b3dc1aba5edc5c14949f19f67fe2d2,cookie_09s.jpg
49,cookie,00401_cookie,00401_cookie/cookie_02s.jpg,object_images/cookie/cookie_02s.jpg,4ac7bdb2e5c92d7077c37d1e8e33fa8a9f380b34da06333f7619fb20328a00cf,cookie_09s.jpg
49,cookie,00401_cookie,00401_cookie/cookie_03s.jpg,object_images/cookie/cookie_03s.jpg,67a00e6ff02a3ee799891be0dccb1d6241fa5e2a9de79c8cc23ce9787eba490b,cookie_09s.jpg
49,cookie,00401_cookie,00401_cookie/cookie_04s.jpg,object_images/cookie/cookie_04s.jpg,29958b1c38f54675cde45a92da5faf69c3354aab1e75bf898d3feefc1896c100,cookie_09s.jpg
49,cookie,00401_cookie,00401_cookie/cookie_05s.jpg,object_images/cookie/cookie_05s.jpg,3996842531080ffe6636b03f63b789aa20542a3775d0d16105bd3d820e1a5c46,cookie_09s.jpg
49,cookie,00401_cookie,00401_cookie/cookie_06s.jpg,object_images/cookie/cookie_06s.jpg,8072d4c3ab6ccc91a69e995ac36fb56ba3a24c25dd2bd25d7274115a83a5b8c9,cookie_09s.jpg
49,cookie,00401_cookie,00401_cookie/cookie_07s.jpg,object_images/cookie/cookie_07s.jpg,6a996c7d91c34ccb31f3a1723f844b889bb2dcf4e40507ea6b1656cdfb6b80a5,cookie_09s.jpg
49,cookie,00401_cookie,00401_cookie/cookie_08s.jpg,object_images/cookie/cookie_08s.jpg,098d8a8599c43d47b81da14ac89fe644cc231074c43519d8a39ef3fca4bc5ad5,cookie_09s.jpg
49,cookie,00401_cookie,00401_cookie/cookie_10s.jpg,object_images/cookie/cookie_10s.jpg,418f3d59e4b877f0e2576e7743aea9430f0a60e46c69d14efe2bac3a78b7ee17,cookie_09s.jpg
49,cookie,00401_cookie,00401_cookie/cookie_11s.jpg,object_images/cookie/cookie_11s.jpg,1358a98bb2b07d6f5ba169bbdfae660b0098176336569042f660c2b0ee57e2dd,cookie_09s.jpg
49,cookie,00401_cookie,00401_cookie/cookie_12s.jpg,object_images/cookie/cookie_12s.jpg,79271c121bdb8e75a8acd2cbe3f59aca04c1c3e8a4989576837f0b9dd4eebe1a,cookie_09s.jpg
49,cookie,00401_cookie,00401_cookie/cookie_13s.jpg,object_images/cookie/cookie_13s.jpg,5f6f3811fab14701a347dfcb0f0162848d4be58362f6f2b5d4fa0d1f6314db8f,cookie_09s.jpg
49,cookie,00401_cookie,00401_cookie/cookie_14s.jpg,object_images/cookie/cookie_14s.jpg,77f7e16be7c3788b0803e82d88b24f767d610ffcd4f8ad620f31c0d2bbc0f23e,cookie_09s.jpg
49,cookie,00401_cookie,00401_cookie/cookie_15s.jpg,object_images/cookie/cookie_15s.jpg,beef2ade3f4f34e8bca30af8c32c132e97885dbf84c7831493ce90522743d102,cookie_09s.jpg
50,cordon bleu,00409_cordon_bleu,00409_cordon_bleu/cordon_bleu_01b.jpg,object_images/cordon_bleu/cordon_bleu_01b.jpg,539ef9402c74050f34b810be69dd9e7711d2a11d3cb3b85efb839f2259de1824,cordon_bleu_08s.jpg
50,cordon bleu,00409_cordon_bleu,00409_cordon_bleu/cordon_bleu_02s.jpg,object_images/cordon_bleu/cordon_bleu_02s.jpg,fcb520d9c9266ce5d62ad0083b7c450fd030c2fe2b64d92f029baad2d5d3ec71,cordon_bleu_08s.jpg
50,cordon bleu,00409_cordon_bleu,00409_cordon_bleu/cordon_bleu_03s.jpg,object_images/cordon_bleu/cordon_bleu_03s.jpg,453036156032f6431834e4c195d4a8f6b81e30a3859d8cb80023cee4a17c1aba,cordon_bleu_08s.jpg
50,cordon bleu,00409_cordon_bleu,00409_cordon_bleu/cordon_bleu_04s.jpg,object_images/cordon_bleu/cordon_bleu_04s.jpg,14cae0f946184a03fb409cba05e3045c833ad17de23520c4912c76aecbfb7808,cordon_bleu_08s.jpg
50,cordon bleu,00409_cordon_bleu,00409_cordon_bleu/cordon_bleu_05s.jpg,object_images/cordon_bleu/cordon_bleu_05s.jpg,22c25edebd8f6caeead1f8bd1a95aba4d5dc3c0661d0172c1d02bb1748a431b2,cordon_bleu_08s.jpg
50,cordon bleu,00409_cordon_bleu,00409_cordon_bleu/cordon_bleu_06s.jpg,object_images/cordon_bleu/cordon_bleu_06s.jpg,e9f88ba7a409554c2659d334269ac9f340d54e83e8d67b570111ba0a06ebb96b,cordon_bleu_08s.jpg
50,cordon bleu,00409_cordon_bleu,00409_cordon_bleu/cordon_bleu_07s.jpg,object_images/cordon_bleu/cordon_bleu_07s.jpg,e060c0f8a97e06c978ec1299f6a7a49abf19c1eb9b2a9d52150ff1cc0f4db713,cordon_bleu_08s.jpg
50,cordon bleu,00409_cordon_bleu,00409_cordon_bleu/cordon_bleu_09s.jpg,object_images/cordon_bleu/cordon_bleu_09s.jpg,a361b1a7f69c474c7777283db3380cec3712fff7ec7163f36b5101c8c41d0f3d,cordon_bleu_08s.jpg
50,cordon bleu,00409_cordon_bleu,00409_cordon_bleu/cordon_bleu_10s.jpg,object_images/cordon_bleu/cordon_bleu_10s.jpg,dada5a5a45707590eab9ddaf9a1434635509ee07c90778f88c6fb08ac7178383,cordon_bleu_08s.jpg
50,cordon bleu,00409_cordon_bleu,00409_cordon_bleu/cordon_bleu_11s.jpg,object_images/cordon_bleu/cordon_bleu_11s.jpg,83afb18cd44a15232e21175538076a6695c297102acea02fd20c2a6d41213c7b,cordon_bleu_08s.jpg
50,cordon bleu,00409_cordon_bleu,00409_cordon_bleu/cordon_bleu_12s.jpg,object_images/cordon_bleu/cordon_bleu_12s.jpg,ac2fd83645542511fa582c1856d4ca9fa3c9ac5f13707920c5a845612f03037d,cordon_bleu_08s.jpg
51,coverall,00426_coverall,00426_coverall/coverall_01b.jpg,object_images/coverall/coverall_01b.jpg,b7eb87944b909ea293e0bb93068ed8c88d2d3f8913603b7cd226d172df545e65,coverall_06s.jpg
51,coverall,00426_coverall,00426_coverall/coverall_02s.jpg,object_images/coverall/coverall_02s.jpg,42de31ddc33fcc1d387df956cc03a0c007bf9c062120e9c0a1ceabf1727b382c,coverall_06s.jpg
51,coverall,00426_coverall,00426_coverall/coverall_03s.jpg,object_images/coverall/coverall_03s.jpg,f4e69fb95469ec87303b21c0a2ce5864249e5b392652078789d03109c9d5e96b,coverall_06s.jpg
51,coverall,00426_coverall,00426_coverall/coverall_04s.jpg,object_images/coverall/coverall_04s.jpg,386ed4c788e93e2ea9219e630b64f452737fa5ea5f9b11cf9aed8ace87955d08,coverall_06s.jpg
51,coverall,00426_coverall,00426_coverall/coverall_05s.jpg,object_images/coverall/coverall_05s.jpg,dbff7e5ace052e69cf78a43ed4e7cc97e61d98f48c4adfefcca79d8254161c06,coverall_06s.jpg
51,coverall,00426_coverall,00426_coverall/coverall_07s.jpg,object_images/coverall/coverall_07s.jpg,8b02cd848c9ad8407a2f1f9515a622b42f48177fc01dc56c84b51e56cd9fb776,coverall_06s.jpg
51,coverall,00426_coverall,00426_coverall/coverall_08s.jpg,object_images/coverall/coverall_08s.jpg,ebded8bc977b23bf934ae31480e6c4376d1c05c7f91d19100255c52e1ab3fad3,coverall_06s.jpg
51,coverall,00426_coverall,00426_coverall/coverall_09s.jpg,object_images/coverall/coverall_09s.jpg,c57804b15c78520f9c25ba9c43b463a68a6755d8d65ad19840cf33148e2c9514,coverall_06s.jpg
51,coverall,00426_coverall,00426_coverall/coverall_10s.jpg,object_images/coverall/coverall_10s.jpg,4870cd4a19b5fd1cd6bc5ecfbf3588049fdc8a9f56036c702424a9d70dd03c8d,coverall_06s.jpg
51,coverall,00426_coverall,00426_coverall/coverall_11s.jpg,object_images/coverall/coverall_11s.jpg,e42129cc3ffc9e643f631d5186183698ac6d864d02a31fa8168d54d414df935e,coverall_06s.jpg
51,coverall,00426_coverall,00426_coverall/coverall_12s.jpg,object_images/coverall/coverall_12s.jpg,88e75d698fa7898c6a6474a7d42e8045c8c484d8acb2deb6fbd84805817b01da,coverall_06s.jpg
51,coverall,00426_coverall,00426_coverall/coverall_13s.jpg,object_images/coverall/coverall_13s.jpg,344d4469efc8e671490aea65d9b45343d8ac49d5a4bc11fe131cecedbd7e6f40,coverall_06s.jpg
51,coverall,00426_coverall,00426_coverall/coverall_14s.jpg,object_images/coverall/coverall_14s.jpg,35e23541fd3660628a03853913dcfb6dc1483231bd5c1f52314ecb85682cbf45,coverall_06s.jpg
52,crab,00429_crab,00429_crab/crab_01b.jpg,object_images/crab/crab_01b.jpg,c022990ed3bcc6e669b4c94c96220cefecf5657154350d94d1d06157dd59a122,crab_17s.jpg
52,crab,00429_crab,00429_crab/crab_02s.jpg,object_images/crab/crab_02s.jpg,16e32524a58e2f2dfd36398a0ea9fafbdf3dfa4921c6d79c4d57289562732b6e,crab_17s.jpg
52,crab,00429_crab,00429_crab/crab_03s.jpg,object_images/crab/crab_03s.jpg,1973e5c336c689d2263ff31675e6fc3103d4827d670f737582e0e9d1918f375b,crab_17s.jpg
52,crab,00429_crab,00429_crab/crab_04s.jpg,object_images/crab/crab_04s.jpg,566412aea63b2fb0f68c3abd3c93e5346a17a2521766ab5fbf77d148b72dbfaa,crab_17s.jpg
52,crab,00429_crab,00429_crab/crab_05s.jpg,object_images/crab/crab_05s.jpg,9ee88de570ed0a3f873439cafd1888dab68681bc7be2d0d6d0ea0242dcc347ed,crab_17s.jpg
52,crab,00429_crab,00429_crab/crab_06s.jpg,object_images/crab/crab_06s.jpg,4f4d8a33a7ce1068302fa4cead9f333b0c1204310afc7ce639dfc5b2a318a5e7,crab_17s.jpg
52,crab,00429_crab,00429_crab/crab_07s.jpg,object_images/crab/crab_07s.jpg,a046d21abcbfb0eec0bbf55b4e362dbfacc04bd9cecee3630dd569ca35f27264,crab_17s.jpg
52,crab,00429_crab,00429_crab/crab_08s.jpg,object_images/crab/crab_08s.jpg,bc4dd3c94032657835c6695a0dacb3190c294fe62d4aa2278080970ee78c8d96,crab_17s.jpg
52,crab,00429_crab,00429_crab/crab_09s.jpg,object_images/crab/crab_09s.jpg,f9f082d1b63c698ecf4cbc2811f7907016d571c9eb6a7fbcbed6891bac4a3e53,crab_17s.jpg
52,crab,00429_crab,00429_crab/crab_10s.jpg,object_images/crab/crab_10s.jpg,72ad3c4f40c4989ed64ea91424e0bad8fd425e9d9af4930c29c04ededf1ed81c,crab_17s.jpg
52,crab,00429_crab,00429_crab/crab_11s.jpg,object_images/crab/crab_11s.jpg,756ce714e13cb8ba0cd79acc82e184e42c4ee58f77644d03c028fce9d47f8652,crab_17s.jpg
52,crab,00429_crab,00429_crab/crab_12s.jpg,object_images/crab/crab_12s.jpg,6caeffb818632924942b18ba1f5222bd1dcd1a4dffe2be58f8fbc88f6f59cb38,crab_17s.jpg
52,crab,00429_crab,00429_crab/crab_13s.jpg,object_images/crab/crab_13s.jpg,eb23cb17d8889832bc865e31d51401511ef7cc9a4d91fdd8fbc2c62d4817b95a,crab_17s.jpg
52,crab,00429_crab,00429_crab/crab_14s.jpg,object_images/crab/crab_14s.jpg,616b1e6fc9f9b06bac16d27866f72d5c56e9c0c82396e2b01d4146633b07654c,crab_17s.jpg
52,crab,00429_crab,00429_crab/crab_15s.jpg,object_images/crab/crab_15s.jpg,5e952e132de16ccd796314a59da92e1e5ef858a82336129d5479f37a46c1d9e8,crab_17s.jpg
52,crab,00429_crab,00429_crab/crab_16s.jpg,object_images/crab/crab_16s.jpg,21dcdec98147325348b1d6778b929ca0bfa11354029c92900ba236ba345f8b28,crab_17s.jpg
53,creme brulee,00440_creme_brulee,00440_creme_brulee/creme_brulee_02s.jpg,object_images/creme_brulee/creme_brulee_02s.jpg,e35841506211ef355536bfba813ffcf1a8dab7f568d109835e1825bbd737a615,creme_brulee_01b.jpg
53,creme brulee,00440_creme_brulee,00440_creme_brulee/creme_brulee_03s.jpg,object_images/creme_brulee/creme_brulee_03s.jpg,fbdf2550e9ecd64a6c718674555e511def3a28ea08428d0d2c427a2e1de4df51,creme_brulee_01b.jpg
53,creme brulee,00440_creme_brulee,00440_creme_brulee/creme_brulee_04s.jpg,object_images/creme_brulee/creme_brulee_04s.jpg,6a697c3ddfa9a12acf341ad4d789ec205008f8da21ea4bdc38c7eb44cf57a987,creme_brulee_01b.jpg
53,creme brulee,00440_creme_brulee,00440_creme_brulee/creme_brulee_05s.jpg,object_images/creme_brulee/creme_brulee_05s.jpg,24cee99d0bfb75308f10056ef3c76e186a72a68a12eb77035eefc360d0c0f03b,creme_brulee_01b.jpg
53,creme brulee,00440_creme_brulee,00440_creme_brulee/creme_brulee_06s.jpg,object_images/creme_brulee/creme_brulee_06s.jpg,f16327f0ad1206dc709bfa8f0aa0525baa723dca6aa9d24ea4df850e7a5cb17b,creme_brulee_01b.jpg
53,creme brulee,00440_creme_brulee,00440_creme_brulee/creme_brulee_07s.jpg,object_images/creme_brulee/creme_brulee_07s.jpg,dca39375e6ed205b7678d70660e395811b0b47ff4e71756a703ad8d9c4aa7c39,creme_brulee_01b.jpg
53,creme brulee,00440_creme_brulee,00440_creme_brulee/creme_brulee_08s.jpg,object_images/creme_brulee/creme_brulee_08s.jpg,64b229f2639b4a021b95dcb56e0eb305ed504e4f28d3860f441c7a7e5f772b40,creme_brulee_01b.jpg
53,creme brulee,00440_creme_brulee,00440_creme_brulee/creme_brulee_09s.jpg,object_images/creme_brulee/creme_brulee_09s.jpg,a3c1bfcedb3f4c9828beb87aecf1e775a9c08a5af614db382b4f37515e2ee00d,creme_brulee_01b.jpg
53,creme brulee,00440_creme_brulee,00440_creme_brulee/creme_brulee_10s.jpg,object_images/creme_brulee/creme_brulee_10s.jpg,0e4e54c5d3a778be6c9267639c9df2e6006cbc829f4ccad7723bd47c417aff37,creme_brulee_01b.jpg
53,creme brulee,00440_creme_brulee,00440_creme_brulee/creme_brulee_11s.jpg,object_images/creme_brulee/creme_brulee_11s.jpg,f4eada05925e3367e22a6c1787e5fee674a96ed93de598d06ebba1b23cb5224e,creme_brulee_01b.jpg
53,creme brulee,00440_creme_brulee,00440_creme_brulee/creme_brulee_12s.jpg,object_images/creme_brulee/creme_brulee_12s.jpg,38f2fa4ee2b22ea17451d7059586ed93e43811be6c1f6d11d2cd85a8cfa07e0d,creme_brulee_01b.jpg
53,creme brulee,00440_creme_brulee,00440_creme_brulee/creme_brulee_13s.jpg,object_images/creme_brulee/creme_brulee_13s.jpg,4d656d53245cca44a56b215df98541444aee6d5a8efc6dcbf4f40de2a1093264,creme_brulee_01b.jpg
53,creme brulee,00440_creme_brulee,00440_creme_brulee/creme_brulee_14s.jpg,object_images/creme_brulee/creme_brulee_14s.jpg,65b434aa1bfa20e4191eaf115285d0ba443cf53fa3d12493b396ec1718d61ffb,creme_brulee_01b.jpg
53,creme brulee,00440_creme_brulee,00440_creme_brulee/creme_brulee_15s.jpg,object_images/creme_brulee/creme_brulee_15s.jpg,dbbe760687fb2c6fc3c0de15b3bcd430bf4c2068fc69efb41280d86842e7d9be,creme_brulee_01b.jpg
53,creme brulee,00440_creme_brulee,00440_creme_brulee/creme_brulee_16s.jpg,object_images/creme_brulee/creme_brulee_16s.jpg,61654e6932514e05617849b772ac93b3e9b262621966da470e573aa97cfd42d1,creme_brulee_01b.jpg
53,creme brulee,00440_creme_brulee,00440_creme_brulee/creme_brulee_17s.jpg,object_images/creme_brulee/creme_brulee_17s.jpg,0ca266629ec1e3b293124a6fd7f4dc0eabc6c3c02aa3f2aae201276c44ca4937,creme_brulee_01b.jpg
53,creme brulee,00440_creme_brulee,00440_creme_brulee/creme_brulee_18s.jpg,object_images/creme_brulee/creme_brulee_18s.jpg,9b069a17b161e2a5807148e517b88385088bd6b28742bf6ccdc690635d59c0b6,creme_brulee_01b.jpg
53,creme brulee,00440_creme_brulee,00440_creme_brulee/creme_brulee_19s.jpg,object_images/creme_brulee/creme_brulee_19s.jpg,504651f79277e03e0167988aa6d8d566f11ed9e8faf468a5c1078be20007e4dd,creme_brulee_01b.jpg
54,crepe,00441_crepe,00441_crepe/crepe_01b.jpg,object_images/crepe/crepe_01b.jpg,244503388397eb6095193ebe3798870ca11cba58fff3f97cbf2dc9dd6b332d97,crepe_18s.jpg
54,crepe,00441_crepe,00441_crepe/crepe_02s.jpg,object_images/crepe/crepe_02s.jpg,15c7314ad52193ea97d295fc2a127acfa7262d032f336229db8a4cef82b90c05,crepe_18s.jpg
54,crepe,00441_crepe,00441_crepe/crepe_03s.jpg,object_images/crepe/crepe_03s.jpg,7a97e12969da71235d5e3a7014f0759486aa642997d0618405aca7cb801df707,crepe_18s.jpg
54,crepe,00441_crepe,00441_crepe/crepe_04s.jpg,object_images/crepe/crepe_04s.jpg,6c06b03ae063448da10fd7e4114e94e9cef5a02cef20418e30f26ea2f5b142e3,crepe_18s.jpg
54,crepe,00441_crepe,00441_crepe/crepe_05s.jpg,object_images/crepe/crepe_05s.jpg,d79aa6595f53df2a50cbdcae87e1884bbc21f8326a9f454b70bdf24b7179509d,crepe_18s.jpg
54,crepe,00441_crepe,00441_crepe/crepe_06s.jpg,object_images/crepe/crepe_06s.jpg,1cc47e4aca3d93bd19a9fd9f05fbc5b7b2f6c609df48d0d314c0bc19a2f0a5e2,crepe_18s.jpg
54,crepe,00441_crepe,00441_crepe/crepe_07s.jpg,object_images/crepe/crepe_07s.jpg,298b876d76adcbbf218c4343cdeaededf826d50eee0ead3ddee976c9de2a4bf6,crepe_18s.jpg
54,crepe,00441_crepe,00441_crepe/crepe_08s.jpg,object_images/crepe/crepe_08s.jpg,8ec8d23e93a283118ee39a61c69a72e071b6416d08776b0486cafc7d04c633ee,crepe_18s.jpg
54,crepe,00441_crepe,00441_crepe/crepe_09s.jpg,object_images/crepe/crepe_09s.jpg,52345efac8f368094888ade0c3280f8044906ddc84d6c68e2d19019764f4c660,crepe_18s.jpg
54,crepe,00441_crepe,00441_crepe/crepe_10s.jpg,object_images/crepe/crepe_10s.jpg,9f279208ab73034ec4b7ded7cc48bb45b204fd02f625ebc68c320b3c06a53d9c,crepe_18s.jpg
54,crepe,00441_crepe,00441_crepe/crepe_11s.jpg,object_images/crepe/crepe_11s.jpg,19efdb63812ce4a858f1957595c27e26b6a5c889e8280e2af2ca8f1fcedadf7e,crepe_18s.jpg
54,crepe,00441_crepe,00441_crepe/crepe_12s.jpg,object_images/crepe/crepe_12s.jpg,4e431af31f1d7bf48d494563d2d5fef40243ad6515d519f8339f485c2091c93a,crepe_18s.jpg
54,crepe,00441_crepe,00441_crepe/crepe_13s.jpg,object_images/crepe/crepe_13s.jpg,10fa182a947b40f27ff766bbf90bf1e4509dcb6f01c7efa5060fe574357b543d,crepe_18s.jpg
54,crepe,00441_crepe,00441_crepe/crepe_14s.jpg,object_images/crepe/crepe_14s.jpg,d183dd0620f2eb8c197fd8da95f639daaf31a099548eeedcd3b40df5d6cfff72,crepe_18s.jpg
54,crepe,00441_crepe,00441_crepe/crepe_15s.jpg,object_images/crepe/crepe_15s.jpg,45c1b8cfd32ca06b53de447a3d6caec7e2de6f30dc0bfa84c0c595f9140a431c,crepe_18s.jpg
54,crepe,00441_crepe,00441_crepe/crepe_16s.jpg,object_images/crepe/crepe_16s.jpg,b9a5bddd1c24c8f82bf8290bc6ae50b5046ce567bea8053a270b060b606a518e,crepe_18s.jpg
54,crepe,00441_crepe,00441_crepe/crepe_17s.jpg,object_images/crepe/crepe_17s.jpg,e42612c259c6774ce36c65db4e5e50d518f7f02ab1737cb01564174541c0cd01,crepe_18s.jpg
54,crepe,00441_crepe,00441_crepe/crepe_19s.jpg,object_images/crepe/crepe_19s.jpg,2a77816f44d9580ed95c50149cf1f9461ca2f5186c96a9e3e6a07ec566eec52c,crepe_18s.jpg
55,crib,00442_crib,00442_crib/crib_01b.jpg,object_images/crib/crib_01b.jpg,ce34026a0d37350dd7b33b9c7042b3b52b2cb73f5cd544572d36d45c087112c5,crib_14n.jpg
55,crib,00442_crib,00442_crib/crib_02s.jpg,object_images/crib/crib_02s.jpg,92646f11f9d969bca4c058f1d63cd3653ed916461a8d7de5bd9753131bb4d5a7,crib_14n.jpg
55,crib,00442_crib,00442_crib/crib_03s.jpg,object_images/crib/crib_03s.jpg,10815d680007150bd74e593b771e33b750dd46bfaa7ef4d86406f4a9ac6e348e,crib_14n.jpg
55,crib,00442_crib,00442_crib/crib_04s.jpg,object_images/crib/crib_04s.jpg,55e8d6e5b0bbbfd12e0b036dc541c7ff2cf54b1b2fa9c64f094f4e0b404d8f71,crib_14n.jpg
55,crib,00442_crib,00442_crib/crib_05s.jpg,object_images/crib/crib_05s.jpg,36c90f05154f102adad1b1d3b363b63ed5e03d8df361ac7375f0ab3b68596053,crib_14n.jpg
55,crib,00442_crib,00442_crib/crib_06s.jpg,object_images/crib/crib_06s.jpg,b7db4196f16592d095a0fe5e3b18a11fc0c78e902c670eebc504316f68acf858,crib_14n.jpg
55,crib,00442_crib,00442_crib/crib_07s.jpg,object_images/crib/crib_07s.jpg,639dec2796a52ab1a793e8c4e3ac799db666e34ea6ff3bb72702b013e67fa704,crib_14n.jpg
55,crib,00442_crib,00442_crib/crib_08s.jpg,object_images/crib/crib_08s.jpg,29eeebbfb2334b069766fc4f9798aa90f34c46771d27b6650d3df0cfa06d7390,crib_14n.jpg
55,crib,00442_crib,00442_crib/crib_09n.jpg,object_images/crib/crib_09n.jpg,1256df401c361fcb840033ca7a151556ae53ccda2bde820c19bba9beb0a9dd94,crib_14n.jpg
55,crib,00442_crib,00442_crib/crib_10s.jpg,object_images/crib/crib_10s.jpg,f0ccb3c048a1357c5cc8c5fd8576bad91182a61e916253788f8c978acb78db45,crib_14n.jpg
55,crib,00442_crib,00442_crib/crib_11n.jpg,object_images/crib/crib_11n.jpg,94ae0a1151031e4c7522e0ee6ed9aae82fc4cb455efb4ee51d7d814f37b64c5b,crib_14n.jpg
55,crib,00442_crib,00442_crib/crib_12s.jpg,object_images/crib/crib_12s.jpg,91aa03c41ebb4b678fa44af1a9df605b27a8c02d47b759b6065b43fe960f26e3,crib_14n.jpg
55,crib,00442_crib,00442_crib/crib_13n.jpg,object_images/crib/crib_13n.jpg,81cf9d75e7f94b181994c2136b3c2f2d67a2e810a8b330facdb0814c242ef8d9,crib_14n.jpg
55,crib,00442_crib,00442_crib/crib_15n.jpg,object_images/crib/crib_15n.jpg,bc8365901d2bb76ae44ba94af92ffcdd9fee6c784363b52085b1c310a6d9b5d3,crib_14n.jpg
55,crib,00442_crib,00442_crib/crib_16n.jpg,object_images/crib/crib_16n.jpg,183ff3d31f4616d6f2cbd7b767c4a47280f993fa05a2c82a961068a65e1b53f4,crib_14n.jpg
55,crib,00442_crib,00442_crib/crib_17n.jpg,object_images/crib/crib_17n.jpg,fd90a04a664e9ddd422a92885a514d92f9e355a6b31f0c78dce11e881793f9e7,crib_14n.jpg
56,croissant,00443_croissant,00443_croissant/croissant_01b.jpg,object_images/croissant/croissant_01b.jpg,b5794e72712398b991f9c9ea4e5e420040720879ee75d59a3acd6898fc19949e,croissant_06s.jpg
56,croissant,00443_croissant,00443_croissant/croissant_02s.jpg,object_images/croissant/croissant_02s.jpg,f89ecf71a2f27775573cd305548b08e043c8187c6ac95e04dac1ca868ac8bf13,croissant_06s.jpg
56,croissant,00443_croissant,00443_croissant/croissant_03s.jpg,object_images/croissant/croissant_03s.jpg,1870ccdd340bbf6834454250b5ce989ce8c316d96de5ad9705856df62f9318f1,croissant_06s.jpg
56,croissant,00443_croissant,00443_croissant/croissant_04s.jpg,object_images/croissant/croissant_04s.jpg,da3ed67651832c441493124cb087525eef65f9a428bb04e659695b0d389aea48,croissant_06s.jpg
56,croissant,00443_croissant,00443_croissant/croissant_05s.jpg,object_images/croissant/croissant_05s.jpg,0a71f2b6b3864abfbad347689d6bc9942e797189af73255942c9653ab2f2e574,croissant_06s.jpg
56,croissant,00443_croissant,00443_croissant/croissant_07s.jpg,object_images/croissant/croissant_07s.jpg,f1b3fcc24f71264c720afd0a47c5d03dd49f9f337f5229cd999621b922836e75,croissant_06s.jpg
56,croissant,00443_croissant,00443_croissant/croissant_08s.jpg,object_images/croissant/croissant_08s.jpg,e09d891b678384d79f4ca6284024db31caa32de572d9a79be2cd02c759df6e34,croissant_06s.jpg
56,croissant,00443_croissant,00443_croissant/croissant_09s.jpg,object_images/croissant/croissant_09s.jpg,88ec4d381d2340aca5a78969fe53f8a36931ce57bb5250ea16f3070e9af7b0b3,croissant_06s.jpg
56,croissant,00443_croissant,00443_croissant/croissant_10s.jpg,object_images/croissant/croissant_10s.jpg,cd91fa412f9a7342a0259aac25b51f877123f0ea7ac6302d3322a1df5be16ba6,croissant_06s.jpg
56,croissant,00443_croissant,00443_croissant/croissant_11s.jpg,object_images/croissant/croissant_11s.jpg,0829b3218d86cef1dd4e1785ab2b45a6e3e27d653e3786a6bc05b7bc0cf2334e,croissant_06s.jpg
56,croissant,00443_croissant,00443_croissant/croissant_12s.jpg,object_images/croissant/croissant_12s.jpg,c6fd1a57220262d382727b8ea1cac815a5132e77eea6ccce021b5b253da2ed7f,croissant_06s.jpg
56,croissant,00443_croissant,00443_croissant/croissant_13s.jpg,object_images/croissant/croissant_13s.jpg,43688447eefb433c55c9f4e2bfba7fce49bd8ad884728c4bc4694be7befb037a,croissant_06s.jpg
56,croissant,00443_croissant,00443_croissant/croissant_14s.jpg,object_images/croissant/croissant_14s.jpg,50adbd696007f8e2d48073c8703b4a3999dacee49a94edaa57f29431d98cf7b0,croissant_06s.jpg
57,crow,00447_crow,00447_crow/crow_01b.jpg,object_images/crow/crow_01b.jpg,2a99b8aa8515d4d6a1dad2fde25926bc239a88aff69123eca9dc99b461d10144,crow_11s.jpg
57,crow,00447_crow,00447_crow/crow_02s.jpg,object_images/crow/crow_02s.jpg,d6e532b56bd52856fd6e80ad12ffd2d8740b3c0f85396b79b780601120fac87b,crow_11s.jpg
57,crow,00447_crow,00447_crow/crow_03s.jpg,object_images/crow/crow_03s.jpg,390928b164587484193c101d66d19a9c9d8739fe77a78490cd3cf9d825d77827,crow_11s.jpg
57,crow,00447_crow,00447_crow/crow_04s.jpg,object_images/crow/crow_04s.jpg,bab89a19f3e36e2ca6bf5dc84d9af1691325ea0ba2fb9e320616195aae24a7b9,crow_11s.jpg
57,crow,00447_crow,00447_crow/crow_05s.jpg,object_images/crow/crow_05s.jpg,243624ef6f2b2d0ea4a711368e0d86f2c6d0053efb84cce5e4098c8233706c0e,crow_11s.jpg
57,crow,00447_crow,00447_crow/crow_06s.jpg,object_images/crow/crow_06s.jpg,f04aa18402b0f069317d5df3c2c633a7147405235d63c7e177c26aadb98e7dd2,crow_11s.jpg
57,crow,00447_crow,00447_crow/crow_07s.jpg,object_images/crow/crow_07s.jpg,b62b4d33ea634a02a61b2fd4b1578867ab75ecb06a0cfba2d87e101046a703c9,crow_11s.jpg
57,crow,00447_crow,00447_crow/crow_08s.jpg,object_images/crow/crow_08s.jpg,7c8c25a75becb11cda5003ef635ec70d7098556de5cd1288ea3a94478cf2b826,crow_11s.jpg
57,crow,00447_crow,00447_crow/crow_09s.jpg,object_images/crow/crow_09s.jpg,9c6664336ace46d68954ebee9e525916432684122dcb440d7878844c29cb854c,crow_11s.jpg
57,crow,00447_crow,00447_crow/crow_10s.jpg,object_images/crow/crow_10s.jpg,2c13eee62094b5806775fe78e50249f628391ea312cbebbcd4a01d5e3971871b,crow_11s.jpg
57,crow,00447_crow,00447_crow/crow_12s.jpg,object_images/crow/crow_12s.jpg,2ecd67885e8213341123f759ef5d958d6ceaf683b4876b97c0cb52bfa7092bd2,crow_11s.jpg
57,crow,00447_crow,00447_crow/crow_13s.jpg,object_images/crow/crow_13s.jpg,13e6045dc3663e6763dca1c2afc82ace076e0174296093be8de3fddc7beee74e,crow_11s.jpg
57,crow,00447_crow,00447_crow/crow_14s.jpg,object_images/crow/crow_14s.jpg,968a39bb8eb5f2f1959642a2a10b564fdbe8cfb903b3e0694dfc839873d09409,crow_11s.jpg
57,crow,00447_crow,00447_crow/crow_15s.jpg,object_images/crow/crow_15s.jpg,6a2a9fcb0d0347fcd29864370d33fa2d3faa3d9718bddb605a046ab85528321d,crow_11s.jpg
57,crow,00447_crow,00447_crow/crow_16s.jpg,object_images/crow/crow_16s.jpg,f70d0a063525f3fbec75977659652c2406b8648360190f9343f45008e187ce87,crow_11s.jpg
57,crow,00447_crow,00447_crow/crow_17s.jpg,object_images/crow/crow_17s.jpg,e46e63f95e17617d6ec542571bcdef353d4e38013100be9a2d49e3b2dc15fff0,crow_11s.jpg
57,crow,00447_crow,00447_crow/crow_18s.jpg,object_images/crow/crow_18s.jpg,63495498d1a6f5931de4c99066f361b837903c43c7bf34e628ba27fad3bf10fe,crow_11s.jpg
57,crow,00447_crow,00447_crow/crow_19s.jpg,object_images/crow/crow_19s.jpg,05bfb0419d00024900be32d99dea9caed2247b0a4dec1320417dc06e368af0e1,crow_11s.jpg
57,crow,00447_crow,00447_crow/crow_20s.jpg,object_images/crow/crow_20s.jpg,25181bf0970f2c0b52b8be850708cb19a1d36f1703cb47397b88802b249af29a,crow_11s.jpg
57,crow,00447_crow,00447_crow/crow_21s.jpg,object_images/crow/crow_21s.jpg,676282c0aae41d8b36b625375b85cd59fcae410a5acd749b70d60a3bb4110315,crow_11s.jpg
58,cruise ship,00451_cruise_ship,00451_cruise_ship/cruise_ship_01b.jpg,object_images/cruise_ship/cruise_ship_01b.jpg,b7d7e2bf299d396e5512ee3de2ccae5d256bc96b026aedf6d94a93097086a37e,cruise_ship_03s.jpg
58,cruise ship,00451_cruise_ship,00451_cruise_ship/cruise_ship_02s.jpg,object_images/cruise_ship/cruise_ship_02s.jpg,e1aa45744f4e8f3fe5dde685c2a402de6b7d65f9f160372e1541d2c43f2dab06,cruise_ship_03s.jpg
58,cruise ship,00451_cruise_ship,00451_cruise_ship/cruise_ship_04s.jpg,object_images/cruise_ship/cruise_ship_04s.jpg,3d18568de6be1c217925c406c0bab031f5a53755c9ebe9e2975ea12fa367d9a0,cruise_ship_03s.jpg
58,cruise ship,00451_cruise_ship,00451_cruise_ship/cruise_ship_05s.jpg,object_images/cruise_ship/cruise_ship_05s.jpg,fa45c141ebd58ed33a2278f8a699fa041330bbb83cf0639956473412821523fe,cruise_ship_03s.jpg
58,cruise ship,00451_cruise_ship,00451_cruise_ship/cruise_ship_06s.jpg,object_images/cruise_ship/cruise_ship_06s.jpg,fa3da42d2f1c2fe72482da58a51d24bed5111411df4ca0fdca9a803a2e07988b,cruise_ship_03s.jpg
58,cruise ship,00451_cruise_ship,00451_cruise_ship/cruise_ship_07s.jpg,object_images/cruise_ship/cruise_ship_07s.jpg,4f03504e16f8ac41fe6d41f9b21aab69050169d9232dab6d554cc6254d826a93,cruise_ship_03s.jpg
58,cruise ship,00451_cruise_ship,00451_cruise_ship/cruise_ship_08s.jpg,object_images/cruise_ship/cruise_ship_08s.jpg,a510306c27cc022d04fba249cb1e34500c756caa802c54abfa433f0288104cae,cruise_ship_03s.jpg
58,cruise ship,00451_cruise_ship,00451_cruise_ship/cruise_ship_09s.jpg,object_images/cruise_ship/cruise_ship_09s.jpg,6fd7eec3a1c3fd1d367c3193c5a8f394c49b78a8f99c3cfc7dc1620c5008a819,cruise_ship_03s.jpg
58,cruise ship,00451_cruise_ship,00451_cruise_ship/cruise_ship_10s.jpg,object_images/cruise_ship/cruise_ship_10s.jpg,c94ef39fbe5abdc1b06fa58cee4d4ab968177bf9a4b3ab8082bc2fed6b070cd6,cruise_ship_03s.jpg
58,cruise ship,00451_cruise_ship,00451_cruise_ship/cruise_ship_11s.jpg,object_images/cruise_ship/cruise_ship_11s.jpg,b53da8331e2120f97a4619df7f4e4fa0aefe24285403e5e3529a917c309de363,cruise_ship_03s.jpg
58,cruise ship,00451_cruise_ship,00451_cruise_ship/cruise_ship_12s.jpg,object_images/cruise_ship/cruise_ship_12s.jpg,fc32bbaaa20432e8c7e1d615f6b7a1e54db09a7c6edcc22f4abdd50b13497246,cruise_ship_03s.jpg
59,crumb,00452_crumb,00452_crumb/crumb_01b.jpg,object_images/crumb/crumb_01b.jpg,b9ec75bc3a6e7a48545e6516420a062c6ee60e77ff1870005a71cfa4f2433d95,crumb_12s.jpg
59,crumb,00452_crumb,00452_crumb/crumb_02s.jpg,object_images/crumb/crumb_02s.jpg,ca7e3135f440b412b36422e0add30a84883bb48f1a7f553023faa1e352a63db9,crumb_12s.jpg
59,crumb,00452_crumb,00452_crumb/crumb_03s.jpg,object_images/crumb/crumb_03s.jpg,1cef96f535b0960a25bba0467c5cbdb6cbf220177a8022031eacf65364609932,crumb_12s.jpg
59,crumb,00452_crumb,00452_crumb/crumb_04s.jpg,object_images/crumb/crumb_04s.jpg,d9d494643eb853f135ecce5eb9da6183d9d21bec29c8c6a6349624cbeb8e64a4,crumb_12s.jpg
59,crumb,00452_crumb,00452_crumb/crumb_05s.jpg,object_images/crumb/crumb_05s.jpg,24c946fc8363dd7179a3759965fff6e6d311a1dea62ade7caa74b4e590a700a4,crumb_12s.jpg
59,crumb,00452_crumb,00452_crumb/crumb_06s.jpg,object_images/crumb/crumb_06s.jpg,954f003a7212f6369c01f520343491fee6b653c2f245468819dbd229104460ae,crumb_12s.jpg
59,crumb,00452_crumb,00452_crumb/crumb_07s.jpg,object_images/crumb/crumb_07s.jpg,ac6e6d766006783e32b9f684bc7011ea8ea631aca6482512783dc5e265a69c91,crumb_12s.jpg
59,crumb,00452_crumb,00452_crumb/crumb_08s.jpg,object_images/crumb/crumb_08s.jpg,c65fee70587526871884bb8e72fdce00a03418d373ec70b47b3888f894595c28,crumb_12s.jpg
59,crumb,00452_crumb,00452_crumb/crumb_09s.jpg,object_images/crumb/crumb_09s.jpg,ed788b29db5ebcd62b6022abc0453f222f378b0221e1110e66ce42f4015bbfff,crumb_12s.jpg
59,crumb,00452_crumb,00452_crumb/crumb_10s.jpg,object_images/crumb/crumb_10s.jpg,4dd3b51ac71b7402dae8d4d97b2dba3ca0114911878efb07e79c710b80571f6a,crumb_12s.jpg
59,crumb,00452_crumb,00452_crumb/crumb_11s.jpg,object_images/crumb/crumb_11s.jpg,7dcd03e619bc9c905b237da2d32e9760924c27bb731d5bb0f4d3038dc1af3be0,crumb_12s.jpg
60,cupcake,00462_cupcake,00462_cupcake/cupcake_01b.jpg,object_images/cupcake/cupcake_01b.jpg,9f2046f8ec119ec246b283e86d0eb3662cac4a91627f5d226c1bdd2e04b60864,cupcake_11s.jpg
60,cupcake,00462_cupcake,00462_cupcake/cupcake_02s.jpg,object_images/cupcake/cupcake_02s.jpg,ce7d688be34cb3498847dbc0bd6e553cd9625e7052b2a6e7547d3a39ea5f9b3c,cupcake_11s.jpg
60,cupcake,00462_cupcake,00462_cupcake/cupcake_03s.jpg,object_images/cupcake/cupcake_03s.jpg,5ae9b2f1772117b95911e4b89ca5350685124f94d1cce5b1db506cc124fb7e48,cupcake_11s.jpg
60,cupcake,00462_cupcake,00462_cupcake/cupcake_04s.jpg,object_images/cupcake/cupcake_04s.jpg,c8a65d890723e1a09649f51b1ad02cae55268028f9dd7ab562c8d55750179949,cupcake_11s.jpg
60,cupcake,00462_cupcake,00462_cupcake/cupcake_05s.jpg,object_images/cupcake/cupcake_05s.jpg,0ef3d698c887960d14a87341a11cf01337338aba14d1bb8067e2ffbe6292e520,cupcake_11s.jpg
60,cupcake,00462_cupcake,00462_cupcake/cupcake_06s.jpg,object_images/cupcake/cupcake_06s.jpg,5f1400d48a272551595946e132b303b5a7f99c2d7709a96ef2235370a0b27490,cupcake_11s.jpg
60,cupcake,00462_cupcake,00462_cupcake/cupcake_07s.jpg,object_images/cupcake/cupcake_07s.jpg,e49c5e3e1a63172d33a84c79047fa13ba6bb0e6e49197f1f22b3807301f63d90,cupcake_11s.jpg
60,cupcake,00462_cupcake,00462_cupcake/cupcake_08s.jpg,object_images/cupcake/cupcake_08s.jpg,d4fb6e810a905faaa72d45f27f830b2bf19b215c3c0be57c4aeccf20d177ba68,cupcake_11s.jpg
60,cupcake,00462_cupcake,00462_cupcake/cupcake_09s.jpg,object_images/cupcake/cupcake_09s.jpg,a9f8c95b2271a66826255f96d8b8b62e9516210827fa247f06f6b4e91075e458,cupcake_11s.jpg
60,cupcake,00462_cupcake,00462_cupcake/cupcake_10s.jpg,object_images/cupcake/cupcake_10s.jpg,468685b69eb5cddc28cb36dc85f9ed7b9a55f37ab1b0f94c2ed249bd48d2e6f0,cupcake_11s.jpg
60,cupcake,00462_cupcake,00462_cupcake/cupcake_12s.jpg,object_images/cupcake/cupcake_12s.jpg,0dda9f6f668d05f0e118d5abe361463942bc5a39e44b62f6d276f32f020ee1e7,cupcake_11s.jpg
60,cupcake,00462_cupcake,00462_cupcake/cupcake_13s.jpg,object_images/cupcake/cupcake_13s.jpg,1cea1c5aa1ee4b2cd6c67472ddac657c8c87328f957eb0933b3a4912909f9bab,cupcake_11s.jpg
60,cupcake,00462_cupcake,00462_cupcake/cupcake_14s.jpg,object_images/cupcake/cupcake_14s.jpg,7fbb005ad1bd64c83d0aeb97e7ac4698e4494e60932ea90ed3dce7ea05a9daa4,cupcake_11s.jpg
60,cupcake,00462_cupcake,00462_cupcake/cupcake_15s.jpg,object_images/cupcake/cupcake_15s.jpg,db24cca94c4c97fd405b8540a68bd7632e14139a7c9f49dfc5b02c35b70c32e8,cupcake_11s.jpg
60,cupcake,00462_cupcake,00462_cupcake/cupcake_16s.jpg,object_images/cupcake/cupcake_16s.jpg,9ff48efbfa1c27740d116fef15d00fa1f80a8b544b45fe522b9345a2d5040378,cupcake_11s.jpg
60,cupcake,00462_cupcake,00462_cupcake/cupcake_17s.jpg,object_images/cupcake/cupcake_17s.jpg,d122db1bd441b8ef99b5c123e1a0f61d461065ef3951b3e98beac280438de09e,cupcake_11s.jpg
61,dagger,00470_dagger,00470_dagger/dagger_01b.jpg,object_images/dagger/dagger_01b.jpg,14f2ad5e4f8d76d81d85134b07ac5275d8e03812febaa11243ebf8b6c7dfd2bc,dagger_06s.jpg
61,dagger,00470_dagger,00470_dagger/dagger_02s.jpg,object_images/dagger/dagger_02s.jpg,182b2b1ff2b0c60bbf94623fbbd783760111e7fe2755bf08ba9316c61eb85972,dagger_06s.jpg
61,dagger,00470_dagger,00470_dagger/dagger_03s.jpg,object_images/dagger/dagger_03s.jpg,b2036111d6a736134c3d7834a1fab9a138c97e3a4222f47992aa4ad78a3e37df,dagger_06s.jpg
61,dagger,00470_dagger,00470_dagger/dagger_04s.jpg,object_images/dagger/dagger_04s.jpg,aa1ea63c86d02bbaebca091f67ea6d8e3be5f1d19e6982ffef0783c31015b484,dagger_06s.jpg
61,dagger,00470_dagger,00470_dagger/dagger_05s.jpg,object_images/dagger/dagger_05s.jpg,cddb5402b521eec13997e179e7aa3aaef3c9c42d8eeeacc8c96c1259778c1fbb,dagger_06s.jpg
61,dagger,00470_dagger,00470_dagger/dagger_07s.jpg,object_images/dagger/dagger_07s.jpg,45fb785dc040ff1a799e6bbd6192b06c14edf194c3c075ada4454b8793d2572e,dagger_06s.jpg
61,dagger,00470_dagger,00470_dagger/dagger_08s.jpg,object_images/dagger/dagger_08s.jpg,cb73a18dadc4379f0dd279312fe4096cac54715c7d7146870d86a688ebc1d434,dagger_06s.jpg
61,dagger,00470_dagger,00470_dagger/dagger_09s.jpg,object_images/dagger/dagger_09s.jpg,7d39c57251d63a52fc9020e63402213eb02dad2f7796edc19792917922e6c554,dagger_06s.jpg
61,dagger,00470_dagger,00470_dagger/dagger_10s.jpg,object_images/dagger/dagger_10s.jpg,70fe2a6f03ad153786ee5b154c39824057f429e3481476a74e2d0d1233ab7a4f,dagger_06s.jpg
61,dagger,00470_dagger,00470_dagger/dagger_11s.jpg,object_images/dagger/dagger_11s.jpg,b92974ae22e5dfbb182fbd03a07c6683e244bcad497c1824d28d6213080f2da2,dagger_06s.jpg
61,dagger,00470_dagger,00470_dagger/dagger_12s.jpg,object_images/dagger/dagger_12s.jpg,bffa6890efb570663bf3949bafaa3d0838af40280428ea769f1334b875a5666a,dagger_06s.jpg
61,dagger,00470_dagger,00470_dagger/dagger_13s.jpg,object_images/dagger/dagger_13s.jpg,af397ed12712a4f3371d816eb8b8803f5b031c2705f0f5320ba4a645001b8a3b,dagger_06s.jpg
61,dagger,00470_dagger,00470_dagger/dagger_14s.jpg,object_images/dagger/dagger_14s.jpg,ed4dc17a3e31abf28b98887b0a8bf5e6a7e6a4edb315447251a8162b516a5b7e,dagger_06s.jpg
62,dalmatian,00472_dalmatian,00472_dalmatian/dalmatian_01b.jpg,object_images/dalmatian/dalmatian_01b.jpg,14b04e19126ebe57e1464347babd290aae0d1496004bba8428349476966788ae,dalmatian_12s.jpg
62,dalmatian,00472_dalmatian,00472_dalmatian/dalmatian_02s.jpg,object_images/dalmatian/dalmatian_02s.jpg,4fa8a94b97421d4e98d9ee746e2786c99a79a3e5b5024bd3a51855d05b389a65,dalmatian_12s.jpg
62,dalmatian,00472_dalmatian,00472_dalmatian/dalmatian_03s.jpg,object_images/dalmatian/dalmatian_03s.jpg,7ab28d6fe384af3ded062802cf1fdbcb53608a3bae0fb497103972cb53c41516,dalmatian_12s.jpg
62,dalmatian,00472_dalmatian,00472_dalmatian/dalmatian_04s.jpg,object_images/dalmatian/dalmatian_04s.jpg,899f5b65f95940b3b15185bf9ef80a9ad0d9cd04e48ed87d129717ba1b64f978,dalmatian_12s.jpg
62,dalmatian,00472_dalmatian,00472_dalmatian/dalmatian_05s.jpg,object_images/dalmatian/dalmatian_05s.jpg,f763ae1326e3f84dd57821c110c489996a9914038e29e4aed1b1b24e76089387,dalmatian_12s.jpg
62,dalmatian,00472_dalmatian,00472_dalmatian/dalmatian_06s.jpg,object_images/dalmatian/dalmatian_06s.jpg,5522c6151c94ccabf0e84e85234e46babb275bc7a819962ba8f5288b638ee5fe,dalmatian_12s.jpg
62,dalmatian,00472_dalmatian,00472_dalmatian/dalmatian_07s.jpg,object_images/dalmatian/dalmatian_07s.jpg,de0de844642faffadab251b56eeb1ec4bace51ba4e91db5a8eb63e8379f6b831,dalmatian_12s.jpg
62,dalmatian,00472_dalmatian,00472_dalmatian/dalmatian_08s.jpg,object_images/dalmatian/dalmatian_08s.jpg,e37ee8cc9fa6f48e37731717cf2f3270f174b1dcf30c9971d7640b33f722190d,dalmatian_12s.jpg
62,dalmatian,00472_dalmatian,00472_dalmatian/dalmatian_09s.jpg,object_images/dalmatian/dalmatian_09s.jpg,e82524651a624f3d4cccb6e572171dfee87720124befd3166972a0fc67b41eef,dalmatian_12s.jpg
62,dalmatian,00472_dalmatian,00472_dalmatian/dalmatian_10s.jpg,object_images/dalmatian/dalmatian_10s.jpg,ec5ec673170ce4a95da857ab2bfaa96f7ed4cdb413fb61f4880baa496ee8ab3e,dalmatian_12s.jpg
62,dalmatian,00472_dalmatian,00472_dalmatian/dalmatian_11s.jpg,object_images/dalmatian/dalmatian_11s.jpg,8d51dd8af4033a3a6939055fab526f97534b967a8061d582f1963b7a2c64c43c,dalmatian_12s.jpg
63,dessert,00482_dessert,00482_dessert/dessert_02s.jpg,object_images/dessert/dessert_02s.jpg,946eafe8d2c466d9212b637c2f4200b46aad848689cfe2f940c79d7c1bac53c1,dessert_01b.jpg
63,dessert,00482_dessert,00482_dessert/dessert_03s.jpg,object_images/dessert/dessert_03s.jpg,9d648b3394d5205a5aa9e21acde9fbfbdb1ea60ad7366fe45ec425c476aa9752,dessert_01b.jpg
63,dessert,00482_dessert,00482_dessert/dessert_04s.jpg,object_images/dessert/dessert_04s.jpg,1b3c330c9486b2c65fc831f30596ecad61555e833359912ac427117a45fe218e,dessert_01b.jpg
63,dessert,00482_dessert,00482_dessert/dessert_05s.jpg,object_images/dessert/dessert_05s.jpg,4e940e3acc657d305b2672a3f7f93ee8c56d2eec271ccc5177897431e6b89f1e,dessert_01b.jpg
63,dessert,00482_dessert,00482_dessert/dessert_06s.jpg,object_images/dessert/dessert_06s.jpg,d82a8aa3fc7fb7ed82dec49b3625ddc67b1678e8dfaffc859227b02c3e30ff9a,dessert_01b.jpg
63,dessert,00482_dessert,00482_dessert/dessert_07s.jpg,object_images/dessert/dessert_07s.jpg,9b8f25e3abfa741ba00263599c3f1396b9ae0e2891f52a1ca762c275e945763c,dessert_01b.jpg
63,dessert,00482_dessert,00482_dessert/dessert_08s.jpg,object_images/dessert/dessert_08s.jpg,e680699aa2ce6d9511fea25dff8d753dae18fbcf75de37cf00d804f796d0d989,dessert_01b.jpg
63,dessert,00482_dessert,00482_dessert/dessert_09s.jpg,object_images/dessert/dessert_09s.jpg,53955bd527d5dbb8dfa949ee35a001e524ebc50fa23666597397f93fd04cfb67,dessert_01b.jpg
63,dessert,00482_dessert,00482_dessert/dessert_10s.jpg,object_images/dessert/dessert_10s.jpg,b5ed42e28b8200512a4d54229274c47fc85430c6699576ae57b4ff8b9422c82d,dessert_01b.jpg
63,dessert,00482_dessert,00482_dessert/dessert_11s.jpg,object_images/dessert/dessert_11s.jpg,1b000739795dc187fe8589dc62e0dd21982d23b0f43240faa0612e05f371840a,dessert_01b.jpg
63,dessert,00482_dessert,00482_dessert/dessert_12s.jpg,object_images/dessert/dessert_12s.jpg,feb5d41731021d1f210d7bc80d4b3251d5b98a83916e80ffe3ee1df0dee9bf66,dessert_01b.jpg
63,dessert,00482_dessert,00482_dessert/dessert_13s.jpg,object_images/dessert/dessert_13s.jpg,5d25db2d9c9f2717a2e510b415e38ec0e3a735118e0e17638f34f3fbbc73cd86,dessert_01b.jpg
63,dessert,00482_dessert,00482_dessert/dessert_14s.jpg,object_images/dessert/dessert_14s.jpg,094df809ad94acb61a6e84df78b916695514bebe47ebeeeed4eaa98cb37d699f,dessert_01b.jpg
63,dessert,00482_dessert,00482_dessert/dessert_15s.jpg,object_images/dessert/dessert_15s.jpg,2bece87107f78df634511c7f9bf3a3722b6031b4b20dcce71c8eb7c4df3650ae,dessert_01b.jpg
63,dessert,00482_dessert,00482_dessert/dessert_16s.jpg,object_images/dessert/dessert_16s.jpg,92dba2e28521a4700bde254e3ed022cc23519c5b8aebcc0ae1d84153c8eaa534,dessert_01b.jpg
63,dessert,00482_dessert,00482_dessert/dessert_17s.jpg,object_images/dessert/dessert_17s.jpg,937eef7d406e639ae7073612307e0744e3abe137d5096d0bb293bbc2dea572cf,dessert_01b.jpg
63,dessert,00482_dessert,00482_dessert/dessert_18s.jpg,object_images/dessert/dessert_18s.jpg,1a0d84e7361a8cf29b22dee6fd7e7e1e5299845ed4dbf85d82dd4549b880d757,dessert_01b.jpg
63,dessert,00482_dessert,00482_dessert/dessert_19s.jpg,object_images/dessert/dessert_19s.jpg,3050776c75212576a4aa911cef7af681f97c8630d1f4810269e2a1ac7f60e832,dessert_01b.jpg
63,dessert,00482_dessert,00482_dessert/dessert_20s.jpg,object_images/dessert/dessert_20s.jpg,724bc69447b72582434a64e86f0a0418fe085ed16232ca26a28fe5017449763f,dessert_01b.jpg
63,dessert,00482_dessert,00482_dessert/dessert_21s.jpg,object_images/dessert/dessert_21s.jpg,6c8a0e44a4b7320743523cacd513058d22a73988875f212965b71018f87f4a54,dessert_01b.jpg
63,dessert,00482_dessert,00482_dessert/dessert_22s.jpg,object_images/dessert/dessert_22s.jpg,73eacbce304895b996bab703eade4ee8e6403d3e4c9d55be488c378cbe176a7a,dessert_01b.jpg
64,dragonfly,00515_dragonfly,00515_dragonfly/dragonfly_02s.jpg,object_images/dragonfly/dragonfly_02s.jpg,94e6539ce9aa1016d36157fab23dd62ab61b69a2203dc2b5e50b4b65c331e1b9,dragonfly_01b.jpg
64,dragonfly,00515_dragonfly,00515_dragonfly/dragonfly_03s.jpg,object_images/dragonfly/dragonfly_03s.jpg,c6f894daf245e5bede769d6c8c6c11904b3966dc034ed2dbd3e53efa82dfaa0a,dragonfly_01b.jpg
64,dragonfly,00515_dragonfly,00515_dragonfly/dragonfly_04s.jpg,object_images/dragonfly/dragonfly_04s.jpg,2f80baa5190216784b6a14cccdc8c08e40f4ddf7d6e584930db067ddc9fb966c,dragonfly_01b.jpg
64,dragonfly,00515_dragonfly,00515_dragonfly/dragonfly_05n.jpg,object_images/dragonfly/dragonfly_05n.jpg,af5d333305e340f014d01d77b99bc420a6f21be460d6677f631064e832d582f0,dragonfly_01b.jpg
64,dragonfly,00515_dragonfly,00515_dragonfly/dragonfly_06s.jpg,object_images/dragonfly/dragonfly_06s.jpg,66127494381b3e07eb1a25e11ba26a53d0a41fb7bb67e91fc830b6bab8fb2c22,dragonfly_01b.jpg
64,dragonfly,00515_dragonfly,00515_dragonfly/dragonfly_07s.jpg,object_images/dragonfly/dragonfly_07s.jpg,b702f6027aeef13384b34d18ec7f0ffdf0b7077d924fa3efde54efeb65a79017,dragonfly_01b.jpg
64,dragonfly,00515_dragonfly,00515_dragonfly/dragonfly_08s.jpg,object_images/dragonfly/dragonfly_08s.jpg,9006d53471519aaed0a211645db074f3b196ac64692c5c1a37505ae004dad621,dragonfly_01b.jpg
64,dragonfly,00515_dragonfly,00515_dragonfly/dragonfly_09s.jpg,object_images/dragonfly/dragonfly_09s.jpg,b1c222462fba2b047d90d22348df7c9b8f50db13c39ed3c469f99e7ba3284d78,dragonfly_01b.jpg
64,dragonfly,00515_dragonfly,00515_dragonfly/dragonfly_10s.jpg,object_images/dragonfly/dragonfly_10s.jpg,b40351dd8e86f056f144db41490bc7955cc847f19ab96b1ed9013d017c307aff,dragonfly_01b.jpg
64,dragonfly,00515_dragonfly,00515_dragonfly/dragonfly_11n.jpg,object_images/dragonfly/dragonfly_11n.jpg,8514d741fd240c6bda5f681d9e76cf1fb719a48fa57c29a1592688ec1f160018,dragonfly_01b.jpg
64,dragonfly,00515_dragonfly,00515_dragonfly/dragonfly_12s.jpg,object_images/dragonfly/dragonfly_12s.jpg,04493fa430d2f8d7ba78126c8085c4fe7b7baa06e0e3dbbc68e17cc28c6631d8,dragonfly_01b.jpg
64,dragonfly,00515_dragonfly,00515_dragonfly/dragonfly_13s.jpg,object_images/dragonfly/dragonfly_13s.jpg,6119910059fbe62359d75eef85134323ad559a794c9ba25d8dff726aef33cace,dragonfly_01b.jpg
64,dragonfly,00515_dragonfly,00515_dragonfly/dragonfly_14n.jpg,object_images/dragonfly/dragonfly_14n.jpg,1ec2762cd03e8a5077c5ec4dc9a043b224e0ac1749f097abf0334d1fd49ad8c3,dragonfly_01b.jpg
64,dragonfly,00515_dragonfly,00515_dragonfly/dragonfly_15n.jpg,object_images/dragonfly/dragonfly_15n.jpg,a9d23b9b10ef5f367c96da816e3a4f35cf633622fae5f9801e7a66d994a97e78,dragonfly_01b.jpg
64,dragonfly,00515_dragonfly,00515_dragonfly/dragonfly_16n.jpg,object_images/dragonfly/dragonfly_16n.jpg,77cc1fcf3f1a2ffd8a478ae10490cac5345f714f76f9db8619e411eb8ac51455,dragonfly_01b.jpg
65,dreidel,00518_dreidel,00518_dreidel/dreidel_02s.jpg,object_images/dreidel/dreidel_02s.jpg,25c7c6f67ebfd1cc094b2a42c25d21388e24ec872bdaa123d89e863c5cc9c3d8,dreidel_01b.jpg
65,dreidel,00518_dreidel,00518_dreidel/dreidel_03s.jpg,object_images/dreidel/dreidel_03s.jpg,49d798707d4f02e66d5f1deddf7abfa3d5ac556546ec3706ed767239f7e79465,dreidel_01b.jpg
65,dreidel,00518_dreidel,00518_dreidel/dreidel_04s.jpg,object_images/dreidel/dreidel_04s.jpg,aeb8b3b581c53857421a5c642b403e8277309460384fcbf9dfdf426a62311d66,dreidel_01b.jpg
65,dreidel,00518_dreidel,00518_dreidel/dreidel_05s.jpg,object_images/dreidel/dreidel_05s.jpg,3ba58f5ce62f5b5e65a3122498ddfb3e7d66766985f66ffd9b1df38b9196cfc2,dreidel_01b.jpg
65,dreidel,00518_dreidel,00518_dreidel/dreidel_06s.jpg,object_images/dreidel/dreidel_06s.jpg,ef17178c21362f815ff5de5d4d2afcd69bf1019927b34ca820479a8d4f156f8c,dreidel_01b.jpg
65,dreidel,00518_dreidel,00518_dreidel/dreidel_07s.jpg,object_images/dreidel/dreidel_07s.jpg,c33437f511bd1fadd5bde58ed0e50dff88b06429c6f8d8679f6b381a1eb77594,dreidel_01b.jpg
65,dreidel,00518_dreidel,00518_dreidel/dreidel_08s.jpg,object_images/dreidel/dreidel_08s.jpg,7c6f265eeb632659e05127bb1dd23abb685dfcc896d645c5a14ef6ef378b638f,dreidel_01b.jpg
65,dreidel,00518_dreidel,00518_dreidel/dreidel_09s.jpg,object_images/dreidel/dreidel_09s.jpg,828ec452119776bc7ef1ec7f316b6c98f14bb448910729e91779c319232ee348,dreidel_01b.jpg
65,dreidel,00518_dreidel,00518_dreidel/dreidel_10s.jpg,object_images/dreidel/dreidel_10s.jpg,958c564d5357b62aae003789a51767d76489dc5c5346d590fbf5a263fb629ec8,dreidel_01b.jpg
65,dreidel,00518_dreidel,00518_dreidel/dreidel_11s.jpg,object_images/dreidel/dreidel_11s.jpg,a06f7703e310f835dfcbcc5d133df8ceabcfce40c80aceab7a613dad36dac76c,dreidel_01b.jpg
65,dreidel,00518_dreidel,00518_dreidel/dreidel_12s.jpg,object_images/dreidel/dreidel_12s.jpg,c70cae68e46e528dadf3ad7466b28e3078afaeae0cc3a8cd0e3ec424b24f93d0,dreidel_01b.jpg
65,dreidel,00518_dreidel,00518_dreidel/dreidel_13s.jpg,object_images/dreidel/dreidel_13s.jpg,69ca60dc6b34f9179a922e57218d4722118e40c4db4a83c6a7f55238455755a6,dreidel_01b.jpg
66,drum,00523_drum,00523_drum/drum_02s.jpg,object_images/drum/drum_02s.jpg,1ac805c14b99aa1ab4b23dea93525e481b896009c3526cd0c16e0c6968aaffdf,drum_01b.jpg
66,drum,00523_drum,00523_drum/drum_03n.jpg,object_images/drum/drum_03n.jpg,cce5dbe3cda8046cba4a8008c7fe7ba669f09092200c197a2e7b9cf5c1dc2cfe,drum_01b.jpg
66,drum,00523_drum,00523_drum/drum_04s.jpg,object_images/drum/drum_04s.jpg,94a486211e2ba13c6f60276090ec6c23d708f5d94040d3d95e5822e763c1a69e,drum_01b.jpg
66,drum,00523_drum,00523_drum/drum_05s.jpg,object_images/drum/drum_05s.jpg,6a4d4855b07834f3fedf0ecb8d61d33199fdd86b270ecb5613d14529e7cdc52e,drum_01b.jpg
66,drum,00523_drum,00523_drum/drum_06s.jpg,object_images/drum/drum_06s.jpg,cb1038bf068162fc4464a42f1ffea9b22656e676c2f0b8930efe72c81f45a67c,drum_01b.jpg
66,drum,00523_drum,00523_drum/drum_07s.jpg,object_images/drum/drum_07s.jpg,9784b8ab06713f2225c58ca4694e9651738ea13dcddd50a52b19fb872d9baf5b,drum_01b.jpg
66,drum,00523_drum,00523_drum/drum_08s.jpg,object_images/drum/drum_08s.jpg,f396ae90ecc324998df6ff87bd9f58bf5df0ef9a0eead036ff41725ff8ce686e,drum_01b.jpg
66,drum,00523_drum,00523_drum/drum_09s.jpg,object_images/drum/drum_09s.jpg,5b772bd5ffe2a6c8993fbca411b6bf99607d2e87179d0ca03993883076f3cd64,drum_01b.jpg
66,drum,00523_drum,00523_drum/drum_10n.jpg,object_images/drum/drum_10n.jpg,24e4f013826fa387d0024d8f785411615364da863097b038796373756de3d576,drum_01b.jpg
66,drum,00523_drum,00523_drum/drum_11n.jpg,object_images/drum/drum_11n.jpg,59d59123ecca8d8779b7bb06376c1ef7347b4bd44e5cf8b4ff097e22af042927,drum_01b.jpg
66,drum,00523_drum,00523_drum/drum_12s.jpg,object_images/drum/drum_12s.jpg,afc26bcd56313cbfb2af9c32adc9c2c879144b611ed685c6da614646ec2af740,drum_01b.jpg
66,drum,00523_drum,00523_drum/drum_13n.jpg,object_images/drum/drum_13n.jpg,175d15b16c9dc5cbdfa81c8b59824f66677025d1c947ee7592001771331857ef,drum_01b.jpg
66,drum,00523_drum,00523_drum/drum_14s.jpg,object_images/drum/drum_14s.jpg,29753126a96e5381df7104f3f60483f996ab484755c0cbaee9b46c32621b692f,drum_01b.jpg
66,drum,00523_drum,00523_drum/drum_15n.jpg,object_images/drum/drum_15n.jpg,b490a0411199ec85977718e2a144087b9c05c99cd915752a7cab40ac0edf21e4,drum_01b.jpg
67,duffel bag,00530_duffel_bag,00530_duffel_bag/duffel_bag_01b.jpg,object_images/duffel_bag/duffel_bag_01b.jpg,a5d704dd18d8a614252d794f9b9f6866de4a02b98118f08f841d6b853e663671,duffel_bag_03s.jpg
67,duffel bag,00530_duffel_bag,00530_duffel_bag/duffel_bag_02s.jpg,object_images/duffel_bag/duffel_bag_02s.jpg,d2f544f30cde15a2926860d8649270d38107b4ede3feabb72fb881417e270455,duffel_bag_03s.jpg
67,duffel bag,00530_duffel_bag,00530_duffel_bag/duffel_bag_04s.jpg,object_images/duffel_bag/duffel_bag_04s.jpg,99451c619f148718d9519c57ea2dba26e0643b80275ee81a91b5dc1742c713e6,duffel_bag_03s.jpg
67,duffel bag,00530_duffel_bag,00530_duffel_bag/duffel_bag_05s.jpg,object_images/duffel_bag/duffel_bag_05s.jpg,71a80b372ef6f98c670335d0c32708b1dbe0e6a290db2847c5a6aa673101766d,duffel_bag_03s.jpg
67,duffel bag,00530_duffel_bag,00530_duffel_bag/duffel_bag_06s.jpg,object_images/duffel_bag/duffel_bag_06s.jpg,496dd5bac06d08ccb94866b475b52ded13bb5b5076bef5ebf5a20d3885eecec0,duffel_bag_03s.jpg
67,duffel bag,00530_duffel_bag,00530_duffel_bag/duffel_bag_07s.jpg,object_images/duffel_bag/duffel_bag_07s.jpg,9f01825ce67355b8908a530f118e20d81e0d8e890cbbd6b1fed12480aea976ac,duffel_bag_03s.jpg
67,duffel bag,00530_duffel_bag,00530_duffel_bag/duffel_bag_08s.jpg,object_images/duffel_bag/duffel_bag_08s.jpg,5006c587fe7d5a088d62077486cb212f740c05a5c75d6cf4014bb967823b6c59,duffel_bag_03s.jpg
67,duffel bag,00530_duffel_bag,00530_duffel_bag/duffel_bag_09s.jpg,object_images/duffel_bag/duffel_bag_09s.jpg,6e0fa2e829d3bbcfecd546448492c009be8b53785d1782bf9adff66561b312da,duffel_bag_03s.jpg
67,duffel bag,00530_duffel_bag,00530_duffel_bag/duffel_bag_10s.jpg,object_images/duffel_bag/duffel_bag_10s.jpg,4b154d68260330d99bcbebbec2b2350dad79e356eba99dd9a6bfa97fe6cca809,duffel_bag_03s.jpg
67,duffel bag,00530_duffel_bag,00530_duffel_bag/duffel_bag_11s.jpg,object_images/duffel_bag/duffel_bag_11s.jpg,4e82b7a6e4cb1ba069a79a2425f1941c9ea9986be0e8fb16762ae8bcbf8fa93a,duffel_bag_03s.jpg
67,duffel bag,00530_duffel_bag,00530_duffel_bag/duffel_bag_12s.jpg,object_images/duffel_bag/duffel_bag_12s.jpg,1eca72371da5761d46c68958ee73fb96f95c1527e78c2664efdcc5c671b42e05,duffel_bag_03s.jpg
67,duffel bag,00530_duffel_bag,00530_duffel_bag/duffel_bag_13s.jpg,object_images/duffel_bag/duffel_bag_13s.jpg,890f62e6d0ddbbb6cb200042b32edfaa7ea61145151adad3e44582ceb7b82897,duffel_bag_03s.jpg
68,eagle,00538_eagle,00538_eagle/eagle_01b.jpg,object_images/eagle/eagle_01b.jpg,56cf24632874aed2eb7533d85d146dddeda7512479b08ed81b275670c36dcf25,eagle_06s.jpg
68,eagle,00538_eagle,00538_eagle/eagle_02s.jpg,object_images/eagle/eagle_02s.jpg,643619f378131d72692656989c3e39a4d384c8b5c142295e6f2514ce906b2451,eagle_06s.jpg
68,eagle,00538_eagle,00538_eagle/eagle_03s.jpg,object_images/eagle/eagle_03s.jpg,9ce419f9877182252f803337a807ab3ab19d434a46ee7866ca0e47b95cd28a4c,eagle_06s.jpg
68,eagle,00538_eagle,00538_eagle/eagle_04s.jpg,object_images/eagle/eagle_04s.jpg,7d6c6d0e24c7f28b6dfc90fd0c3c198e069de244d69c223de8e0fdebcc239097,eagle_06s.jpg
68,eagle,00538_eagle,00538_eagle/eagle_05s.jpg,object_images/eagle/eagle_05s.jpg,1900087a3837562a8885169f4e1fccceb3e16df6f517daebc70b97bda33abcdd,eagle_06s.jpg
68,eagle,00538_eagle,00538_eagle/eagle_07s.jpg,object_images/eagle/eagle_07s.jpg,53386a14fec62841ba9cd00b228fad994edf80c44b5e23ee73e43eb647e210e2,eagle_06s.jpg
68,eagle,00538_eagle,00538_eagle/eagle_08s.jpg,object_images/eagle/eagle_08s.jpg,07e7b5680fafb52384c3cc6f13eada6bf676dd39cc300956fb652b2b6e511035,eagle_06s.jpg
68,eagle,00538_eagle,00538_eagle/eagle_09s.jpg,object_images/eagle/eagle_09s.jpg,95d915be55d987dbc6cade5822cadd50a5bb57e33a64ad1dee35626e96d30fba,eagle_06s.jpg
68,eagle,00538_eagle,00538_eagle/eagle_10s.jpg,object_images/eagle/eagle_10s.jpg,c73914f4427cd67f017dbf259f10d19527c36418936544d90c65938f8059dfd0,eagle_06s.jpg
68,eagle,00538_eagle,00538_eagle/eagle_11s.jpg,object_images/eagle/eagle_11s.jpg,e041e8c7ae824ac8b1dc41296a30f0ae676054a018606f58a5c5cbac314a707f,eagle_06s.jpg
68,eagle,00538_eagle,00538_eagle/eagle_12s.jpg,object_images/eagle/eagle_12s.jpg,095080a2697952046d03a9ded7b7490a56b6b38bda6b80ec1cd66e34c94be2a1,eagle_06s.jpg
68,eagle,00538_eagle,00538_eagle/eagle_13s.jpg,object_images/eagle/eagle_13s.jpg,be39bc892c256ee69e2cdfbe12d08ce22b8022778a30bd4055d804ff5882b4f3,eagle_06s.jpg
68,eagle,00538_eagle,00538_eagle/eagle_14s.jpg,object_images/eagle/eagle_14s.jpg,e79362304ad15a1fd8a219d277cb9dff9072708e57c71727e28a3136a0c3fbd5,eagle_06s.jpg
68,eagle,00538_eagle,00538_eagle/eagle_15s.jpg,object_images/eagle/eagle_15s.jpg,17fb90f83e52e69d32959b4620099f2e1741a23a03902625f18cb3022d96bea4,eagle_06s.jpg
68,eagle,00538_eagle,00538_eagle/eagle_16s.jpg,object_images/eagle/eagle_16s.jpg,8289d1c206831a0844055fa34b883ca1d62e42fb6ff1c79a740f761e41f306c5,eagle_06s.jpg
68,eagle,00538_eagle,00538_eagle/eagle_17s.jpg,object_images/eagle/eagle_17s.jpg,e94cd05af83ff86f26c9514fd0ae6b2d4a48c1501faa25a1b21674be21d390dd,eagle_06s.jpg
68,eagle,00538_eagle,00538_eagle/eagle_18s.jpg,object_images/eagle/eagle_18s.jpg,8968c9ec6d5fda89ca7e8da02c283271c760c5d8759d8daf0812cadc70351516,eagle_06s.jpg
68,eagle,00538_eagle,00538_eagle/eagle_19s.jpg,object_images/eagle/eagle_19s.jpg,b0bbf4f291ef41d8933c9cf59d9b35adbf2499f0d6c7e9109cc1ba7bc15ff209,eagle_06s.jpg
68,eagle,00538_eagle,00538_eagle/eagle_20s.jpg,object_images/eagle/eagle_20s.jpg,aeeccfcbbc3f410f3eb8aff76e10c2f0b92d45b0bc4453da4d60ab9398edca3a,eagle_06s.jpg
68,eagle,00538_eagle,00538_eagle/eagle_21s.jpg,object_images/eagle/eagle_21s.jpg,4d27cdd61c18b37f6b0c0db6f8c3d11d61e827d07f8a1ebb6a11772013e70fa4,eagle_06s.jpg
69,eel,00546_eel,00546_eel/eel_01b.jpg,object_images/eel/eel_01b.jpg,355e34d0077a25cffed9dc86d668ffb2da0daa21e63c479e43272a3233f21918,eel_02s.jpg
69,eel,00546_eel,00546_eel/eel_03s.jpg,object_images/eel/eel_03s.jpg,66caf7290a298702d0daa4f3152f90446a304c52d357a2bf2d2180047fca8090,eel_02s.jpg
69,eel,00546_eel,00546_eel/eel_04s.jpg,object_images/eel/eel_04s.jpg,ee14d25eb2593ff839c7970f70ce0eab39390bfe4fe41b425c533da4d682f1b1,eel_02s.jpg
69,eel,00546_eel,00546_eel/eel_05s.jpg,object_images/eel/eel_05s.jpg,6dae0a47b353ec1837fbd1c24eec1ff1b5a173b775164ac6898a2be17d77f8be,eel_02s.jpg
69,eel,00546_eel,00546_eel/eel_06s.jpg,object_images/eel/eel_06s.jpg,8bcc555b0b399ecab4aa252ee34373f384550255ab4f7ae2bddb099551f5b0a7,eel_02s.jpg
69,eel,00546_eel,00546_eel/eel_07s.jpg,object_images/eel/eel_07s.jpg,4a36582ff99a9c0dd91c98b6b571adce7c21d9ccc699a0973c06a1c113552fea,eel_02s.jpg
69,eel,00546_eel,00546_eel/eel_08s.jpg,object_images/eel/eel_08s.jpg,4ecb1e1d6970b963fbbbe8798ed3671936b2e94ed766dc5c4e0bd4ec59c2b7af,eel_02s.jpg
69,eel,00546_eel,00546_eel/eel_09s.jpg,object_images/eel/eel_09s.jpg,a97ed3f08822c9eacb324e99fa7855959ad64ed7b80cbee68c93a532ad51ce69,eel_02s.jpg
69,eel,00546_eel,00546_eel/eel_10s.jpg,object_images/eel/eel_10s.jpg,4b08a4e0fb3af16ae059823e42a81636867f0158471b16105935cced68ed70b9,eel_02s.jpg
69,eel,00546_eel,00546_eel/eel_11s.jpg,object_images/eel/eel_11s.jpg,c9e0f15b8b8ff3557dcb2de7d12ca47811879622123a078df50f06971740f1e2,eel_02s.jpg
69,eel,00546_eel,00546_eel/eel_12s.jpg,object_images/eel/eel_12s.jpg,81c30abcda89ac82cc9874fcd678b2784498e45269ef67700ff6bbeb95777904,eel_02s.jpg
70,egg,00547_egg,00547_egg/egg_01b.jpg,object_images/egg/egg_01b.jpg,8e99079340c607f40e7a8a5e8bd1fdab5b52f64abb1be3638555455e002accf0,egg_12s.jpg
70,egg,00547_egg,00547_egg/egg_02s.jpg,object_images/egg/egg_02s.jpg,c30c2ea6ce3fa7bbf1401e21e481c8d6d41279b28076f31e66c19242dd5d089e,egg_12s.jpg
70,egg,00547_egg,00547_egg/egg_03s.jpg,object_images/egg/egg_03s.jpg,94eb7181b0fd74ad6b36093cbc5fe6d178e8187173a4a4fcf5a4f4386a3c1c50,egg_12s.jpg
70,egg,00547_egg,00547_egg/egg_04s.jpg,object_images/egg/egg_04s.jpg,135ed17efae6d387e8d474d93a82fecd308feb0833664d636d0cae4b818fd35f,egg_12s.jpg
70,egg,00547_egg,00547_egg/egg_05s.jpg,object_images/egg/egg_05s.jpg,085dda0bc1ce3eb107178a91d12c7a5617263f0bcebefcfd402f9fccc37f3ca2,egg_12s.jpg
70,egg,00547_egg,00547_egg/egg_06s.jpg,object_images/egg/egg_06s.jpg,6e2c27f84e22bfad9a65949700135a6dc3f1877c6f6b2833e2d6ef08c566f72f,egg_12s.jpg
70,egg,00547_egg,00547_egg/egg_07s.jpg,object_images/egg/egg_07s.jpg,f003f4b4f21cda8bf12502d24b182052921a1fb962fd450efd4b0fb9d3c83490,egg_12s.jpg
70,egg,00547_egg,00547_egg/egg_08s.jpg,object_images/egg/egg_08s.jpg,34afbbca3652fea87bc3f8ae5bb8dcf55ba241acd7ea4bfa78cbd2d72a8485ba,egg_12s.jpg
70,egg,00547_egg,00547_egg/egg_09s.jpg,object_images/egg/egg_09s.jpg,7646fe4050a66e16659c6125071f471d3c49b2e0e4eb07ff6a48a4dcbc711f4e,egg_12s.jpg
70,egg,00547_egg,00547_egg/egg_10s.jpg,object_images/egg/egg_10s.jpg,b91b79690b9e40e551596bf31e641ae569fcc4673fa85d668e4d729f596fb190,egg_12s.jpg
70,egg,00547_egg,00547_egg/egg_11s.jpg,object_images/egg/egg_11s.jpg,e69b6fbedeb92b996b8ebfcf96feec21b6fdee5a2ea8d1188eb0db63ec2e1f4e,egg_12s.jpg
70,egg,00547_egg,00547_egg/egg_13s.jpg,object_images/egg/egg_13s.jpg,016fc9b8fa6f034e5bc2ec2ad40ea2a29535d7890999bac5199e5b5dbd68c960,egg_12s.jpg
70,egg,00547_egg,00547_egg/egg_14s.jpg,object_images/egg/egg_14s.jpg,3fbe33f18fb645c9d1fc9334f0e903fbc075fd1f381ea38a7a3a82d3637f0216,egg_12s.jpg
70,egg,00547_egg,00547_egg/egg_15s.jpg,object_images/egg/egg_15s.jpg,81c70f77c024c279fdefdc8c576fa4f4cb2cd5e43357ca1c9c63012b3e0c7421,egg_12s.jpg
71,elephant,00555_elephant,00555_elephant/elephant_01b.jpg,object_images/elephant/elephant_01b.jpg,45a154d0b94a0ee3a673b1706e04dd60924e2ef69c507ccb3eabff4b95d11301,elephant_11n.jpg
71,elephant,00555_elephant,00555_elephant/elephant_02n.jpg,object_images/elephant/elephant_02n.jpg,e9e5f844c916c201d8065de058c4c3ac002bb2c01ade9070c9a5e90fb1936c35,elephant_11n.jpg
71,elephant,00555_elephant,00555_elephant/elephant_03n.jpg,object_images/elephant/elephant_03n.jpg,a213642f7a8a14aa4c08cc44e8e7e09c01cf8e02e38e6b9807d00acfe342e83c,elephant_11n.jpg
71,elephant,00555_elephant,00555_elephant/elephant_04n.jpg,object_images/elephant/elephant_04n.jpg,a6a02aa6bdf4982d09f3eb0aeec540103d8314aa85c0c1a55769c71b1c838f16,elephant_11n.jpg
71,elephant,00555_elephant,00555_elephant/elephant_05n.jpg,object_images/elephant/elephant_05n.jpg,ed7404a6b85c410ae6f6fd782d339d820ae2c0402ee4bb7b0c2791bb6f29110a,elephant_11n.jpg
71,elephant,00555_elephant,00555_elephant/elephant_06n.jpg,object_images/elephant/elephant_06n.jpg,db58985520627921c7d7d48018a8516693983d7b228853859a855a34d148e2c9,elephant_11n.jpg
71,elephant,00555_elephant,00555_elephant/elephant_07n.jpg,object_images/elephant/elephant_07n.jpg,fd57cb1e5a2884aa8d98dd76d86cfc04ecc57616c91eaa7c999e31098bf3de79,elephant_11n.jpg
71,elephant,00555_elephant,00555_elephant/elephant_08n.jpg,object_images/elephant/elephant_08n.jpg,5245a98329ad20b8d1e542869d02b1772b55d19c28c3b211b8f2db981fa94cea,elephant_11n.jpg
71,elephant,00555_elephant,00555_elephant/elephant_09n.jpg,object_images/elephant/elephant_09n.jpg,7418bf81b03bbb22dddceca0c409c09136fed55e97c7cdd76583437ece957965,elephant_11n.jpg
71,elephant,00555_elephant,00555_elephant/elephant_10n.jpg,object_images/elephant/elephant_10n.jpg,8f54144dc9b0a45ca898b1e9169639fe9da141ca68381fb00a46071520020078,elephant_11n.jpg
71,elephant,00555_elephant,00555_elephant/elephant_12n.jpg,object_images/elephant/elephant_12n.jpg,bece7354c81ae251400564ff346a0f9dee971c464b2a1c49502473c732eca314,elephant_11n.jpg
72,espresso,00561_espresso,00561_espresso/espresso_02s.jpg,object_images/espresso/espresso_02s.jpg,be365d5cf1ee2b2bcbc51b3bb7cb32a67f9bddcdc5535be8c1b189caabe7c7ba,espresso_01b.jpg
72,espresso,00561_espresso,00561_espresso/espresso_03s.jpg,object_images/espresso/espresso_03s.jpg,23945095bd354b30efd1acc472c25e0b0f1d3488fbb652f5528490d917609bc7,espresso_01b.jpg
72,espresso,00561_espresso,00561_espresso/espresso_04s.jpg,object_images/espresso/espresso_04s.jpg,80c4a7e50ceaa0626eaefc9718569302aa125d79de240bb6d422c47a584babaa,espresso_01b.jpg
72,espresso,00561_espresso,00561_espresso/espresso_05s.jpg,object_images/espresso/espresso_05s.jpg,dc76b34e50312c7247ad71aa1223c6237c985b6be14f7a68e5df00b9e7c7c57d,espresso_01b.jpg
72,espresso,00561_espresso,00561_espresso/espresso_06s.jpg,object_images/espresso/espresso_06s.jpg,40eac3f614541dc1e41ba2090dd991a696369a6588583a1db6248328dbff09e0,espresso_01b.jpg
72,espresso,00561_espresso,00561_espresso/espresso_07s.jpg,object_images/espresso/espresso_07s.jpg,772156a6a51dc0b109b720163f6cb5b56f26abd99c61b981177fd9ba803ca2f7,espresso_01b.jpg
72,espresso,00561_espresso,00561_espresso/espresso_08s.jpg,object_images/espresso/espresso_08s.jpg,59518c5ffada00e7574077ecfa2517d9c2f0bb9e91a38550ddba322f9edeb5a7,espresso_01b.jpg
72,espresso,00561_espresso,00561_espresso/espresso_09s.jpg,object_images/espresso/espresso_09s.jpg,95b0045c37defd96522305cdb24d191601bfa86fe57f0b672f212a200d14fee4,espresso_01b.jpg
72,espresso,00561_espresso,00561_espresso/espresso_10s.jpg,object_images/espresso/espresso_10s.jpg,017563acb493d827bc394d9a6c2073b8ae38b98311d9751bfc6be751062ec052,espresso_01b.jpg
72,espresso,00561_espresso,00561_espresso/espresso_11s.jpg,object_images/espresso/espresso_11s.jpg,43e70acf89457a91d76419ea3b3361372b9ce18b37733a67e8a5e765ff386733,espresso_01b.jpg
72,espresso,00561_espresso,00561_espresso/espresso_12s.jpg,object_images/espresso/espresso_12s.jpg,e3759dbd8e4fcf30d868085e3c4930d0316149302bfa66cff724158dbcfcdeea,espresso_01b.jpg
73,face mask,00571_face_mask,00571_face_mask/face_mask_01b.jpg,object_images/face_mask/face_mask_01b.jpg,49bec13a2f89e2d59f52c610869f85efcb31be954645dc15cfd0e4d65849471a,face_mask_12s.jpg
73,face mask,00571_face_mask,00571_face_mask/face_mask_02s.jpg,object_images/face_mask/face_mask_02s.jpg,ef837fc56e111f17888fc9981d50d262a4b39d8ac0a8ed3a90acf98eaa3d3bb9,face_mask_12s.jpg
73,face mask,00571_face_mask,00571_face_mask/face_mask_03s.jpg,object_images/face_mask/face_mask_03s.jpg,0f0d92b8e7ffaa59b253c764e0320eec52a2d7fe90988f0f334ba86d0453c84d,face_mask_12s.jpg
73,face mask,00571_face_mask,00571_face_mask/face_mask_04s.jpg,object_images/face_mask/face_mask_04s.jpg,0bed4775567d044c71cc0a339c8c016b58bc305cb12cfd86fc914a955a7d0fe5,face_mask_12s.jpg
73,face mask,00571_face_mask,00571_face_mask/face_mask_05s.jpg,object_images/face_mask/face_mask_05s.jpg,743fe41b1c1db89675e6ef6fe0076c3b888776d6f89c201879cb507913ae05cc,face_mask_12s.jpg
73,face mask,00571_face_mask,00571_face_mask/face_mask_06s.jpg,object_images/face_mask/face_mask_06s.jpg,d03a66d410748865e2c263f3c22a6de9ce5130ae0215d6c4f16ec218db564182,face_mask_12s.jpg
73,face mask,00571_face_mask,00571_face_mask/face_mask_07s.jpg,object_images/face_mask/face_mask_07s.jpg,9493771108a4b6829e32f02e47c88319a0fd7d1e32152b15c68f793629276183,face_mask_12s.jpg
73,face mask,00571_face_mask,00571_face_mask/face_mask_08s.jpg,object_images/face_mask/face_mask_08s.jpg,d711f7a8d3b6834468f3d64dfe251074358702f3808d5beb43a58a3e5089b066,face_mask_12s.jpg
73,face mask,00571_face_mask,00571_face_mask/face_mask_09s.jpg,object_images/face_mask/face_mask_09s.jpg,d1a1a619dda0a903788771af4590ce581bf673f1f8f1e82d3ab5aa2382f996da,face_mask_12s.jpg
73,face mask,00571_face_mask,00571_face_mask/face_mask_10s.jpg,object_images/face_mask/face_mask_10s.jpg,d1a8d2af3f3fc2734de745075b5a148ba3ff3557e2b940302d3377e64f2298c6,face_mask_12s.jpg
73,face mask,00571_face_mask,00571_face_mask/face_mask_11s.jpg,object_images/face_mask/face_mask_11s.jpg,303f8ac5197e54e702450910344b024f36d4edd544de122cfa09be6a612dcab0,face_mask_12s.jpg
74,ferry,00581_ferry,00581_ferry/ferry_01b.jpg,object_images/ferry/ferry_01b.jpg,b1db7568b4107d2440b82cf164467d2aacc68660959b77fde58992391d58d734,ferry_06s.jpg
74,ferry,00581_ferry,00581_ferry/ferry_02s.jpg,object_images/ferry/ferry_02s.jpg,cb111a82a9cdf58a6acd9ded8d0a49bccf2aab7fbc8f9ea93895f1a48b90f275,ferry_06s.jpg
74,ferry,00581_ferry,00581_ferry/ferry_03s.jpg,object_images/ferry/ferry_03s.jpg,968908e9f3c622a32e7f190f27e6e19e20f3db2ee8a6da090cccaf9c2337d72f,ferry_06s.jpg
74,ferry,00581_ferry,00581_ferry/ferry_04s.jpg,object_images/ferry/ferry_04s.jpg,82deab78a047713f2963559f89bec3c5acc358ae67b37cd19d5a99d0b0b0a1f6,ferry_06s.jpg
74,ferry,00581_ferry,00581_ferry/ferry_05s.jpg,object_images/ferry/ferry_05s.jpg,4a4c190cee6e00c1f81184b1f19543923566f93b8bc0c7677698a810c64870fd,ferry_06s.jpg
74,ferry,00581_ferry,00581_ferry/ferry_07s.jpg,object_images/ferry/ferry_07s.jpg,1512b11ec4cc24a0366b0b432b4f72a96da88ae0beeccd3d01fc650dfbd02981,ferry_06s.jpg
74,ferry,00581_ferry,00581_ferry/ferry_08s.jpg,object_images/ferry/ferry_08s.jpg,cf031ce6aad8d6c91461de59e1a5b1b02a856329f400b73439f50759ccf4b9a7,ferry_06s.jpg
74,ferry,00581_ferry,00581_ferry/ferry_09s.jpg,object_images/ferry/ferry_09s.jpg,32fe306ab58e4bfb407babee5935edd2ce1409afd6e09e6b4232b1cf6d4b82b2,ferry_06s.jpg
74,ferry,00581_ferry,00581_ferry/ferry_10s.jpg,object_images/ferry/ferry_10s.jpg,ebf215f56867f26b19d321363cd14790a4fb38b951ae130557c2c225e3ede504,ferry_06s.jpg
74,ferry,00581_ferry,00581_ferry/ferry_11s.jpg,object_images/ferry/ferry_11s.jpg,408eeabb2daeccffa60a3be5852a0149583a70ab9b38cd5bce092381bb046421,ferry_06s.jpg
74,ferry,00581_ferry,00581_ferry/ferry_12s.jpg,object_images/ferry/ferry_12s.jpg,fbbcffb4a411227a7fc30186f8feefc723007c9de0be99da07caeb1462cb21a0,ferry_06s.jpg
75,flamingo,00609_flamingo,00609_flamingo/flamingo_01b.jpg,object_images/flamingo/flamingo_01b.jpg,f3bd0518867ec0d2eebd4dc85ad5a15edc0938d3140efb7f848a12a7c8b42188,flamingo_05s.jpg
75,flamingo,00609_flamingo,00609_flamingo/flamingo_02s.jpg,object_images/flamingo/flamingo_02s.jpg,323a17c096b946bac121b31c4995ea9fbab9302298a5a892f885a357f01aa9ca,flamingo_05s.jpg
75,flamingo,00609_flamingo,00609_flamingo/flamingo_03s.jpg,object_images/flamingo/flamingo_03s.jpg,c01cc58ac3c90ea8a61a80bbedf6c9e72f7c9d0896a79b377f8be9f504adf431,flamingo_05s.jpg
75,flamingo,00609_flamingo,00609_flamingo/flamingo_04s.jpg,object_images/flamingo/flamingo_04s.jpg,0f72b38797e6d4219d6285efb748a4bdf18efe3763a9d133d4ae6a65f0f4dddf,flamingo_05s.jpg
75,flamingo,00609_flamingo,00609_flamingo/flamingo_06s.jpg,object_images/flamingo/flamingo_06s.jpg,10c17d118962ea2d41d21c1fdbb1d1f100d989da75dcc5bd7729f79f3ff1471c,flamingo_05s.jpg
75,flamingo,00609_flamingo,00609_flamingo/flamingo_07s.jpg,object_images/flamingo/flamingo_07s.jpg,37da11790fdc49be27e9ea1c3db2326e5517c4b654f7358418c3530a692e3b93,flamingo_05s.jpg
75,flamingo,00609_flamingo,00609_flamingo/flamingo_08s.jpg,object_images/flamingo/flamingo_08s.jpg,d52b777d6025880d53d74698d7382df9d6d0fa8918f1b4d21b27ce8d1cc7b3f6,flamingo_05s.jpg
75,flamingo,00609_flamingo,00609_flamingo/flamingo_09s.jpg,object_images/flamingo/flamingo_09s.jpg,9c2b0731092ffef56bd40a7656a7dc94c19cb1fbb77668be424c26d02d6ed96c,flamingo_05s.jpg
75,flamingo,00609_flamingo,00609_flamingo/flamingo_10s.jpg,object_images/flamingo/flamingo_10s.jpg,3357407104b3e9fde7d05ee8a3b3d96b436a32f2145fd138ed7b0256746973af,flamingo_05s.jpg
75,flamingo,00609_flamingo,00609_flamingo/flamingo_11s.jpg,object_images/flamingo/flamingo_11s.jpg,86572af3890f3f029d7d2aebfaf7437906d3e4b0aba3f610c043af3a3a7a26a0,flamingo_05s.jpg
75,flamingo,00609_flamingo,00609_flamingo/flamingo_12s.jpg,object_images/flamingo/flamingo_12s.jpg,6f01d5f651a32958ebd84bfd877306a5406fc736ceb8b38e165fe68435a4f9f7,flamingo_05s.jpg
75,flamingo,00609_flamingo,00609_flamingo/flamingo_13s.jpg,object_images/flamingo/flamingo_13s.jpg,12c7e550b2631ad08aa0c4740026107b11ec8e94c02044d7acaeea4c49552512,flamingo_05s.jpg
75,flamingo,00609_flamingo,00609_flamingo/flamingo_14s.jpg,object_images/flamingo/flamingo_14s.jpg,f2fc7336a2391402a7696379ad8ed1bf5d9934bf9d6bb6011c4e3c6e262ae091,flamingo_05s.jpg
75,flamingo,00609_flamingo,00609_flamingo/flamingo_15s.jpg,object_images/flamingo/flamingo_15s.jpg,7bc8a130a2009f43289b078af30fba900eff2910293213668254ac27ee3d7674,flamingo_05s.jpg
75,flamingo,00609_flamingo,00609_flamingo/flamingo_16s.jpg,object_images/flamingo/flamingo_16s.jpg,47d0643ba4c78245c08e382d0ea3c068b34db16da5e1aab11f6c7329ca30e752,flamingo_05s.jpg
75,flamingo,00609_flamingo,00609_flamingo/flamingo_17s.jpg,object_images/flamingo/flamingo_17s.jpg,fb02381c41ccbe5ca8b9635362c6862835122dbf435d8d49391f915a4b7f65fd,flamingo_05s.jpg
75,flamingo,00609_flamingo,00609_flamingo/flamingo_18s.jpg,object_images/flamingo/flamingo_18s.jpg,fe11af653a7135877a0eb656e90fa00ae62b0fb52c88d200eaf3580e338831e3,flamingo_05s.jpg
75,flamingo,00609_flamingo,00609_flamingo/flamingo_19s.jpg,object_images/flamingo/flamingo_19s.jpg,050931013e105dcf0e4edc94a46078f3f4fa61f40f0df51dc0b749cf2d5b70e9,flamingo_05s.jpg
75,flamingo,00609_flamingo,00609_flamingo/flamingo_20s.jpg,object_images/flamingo/flamingo_20s.jpg,7ec69e5b6cb5039be91c8310cfe277363c6302d458c251f4ac22e0e3f44a4f5b,flamingo_05s.jpg
75,flamingo,00609_flamingo,00609_flamingo/flamingo_21s.jpg,object_images/flamingo/flamingo_21s.jpg,7fc5246a35496de8dd2174fb0beec514166d2815ef9a11d3e8c38db84217fba5,flamingo_05s.jpg
75,flamingo,00609_flamingo,00609_flamingo/flamingo_22s.jpg,object_images/flamingo/flamingo_22s.jpg,318f7a576f01660fe052570f4853696d86cb011d345bb4f5cf683a18c8b23eee,flamingo_05s.jpg
76,folder,00626_folder,00626_folder/folder_01b.jpg,object_images/folder/folder_01b.jpg,e4a7d10ad398ef77b458ed045faee250cda89876b93355c09f50e3e3394efe64,folder_11s.jpg
76,folder,00626_folder,00626_folder/folder_02s.jpg,object_images/folder/folder_02s.jpg,524b06651762f4d6c2bb0558a3fd23a4de3ea938f02d9c21feb765294510cc01,folder_11s.jpg
76,folder,00626_folder,00626_folder/folder_03s.jpg,object_images/folder/folder_03s.jpg,5521053ac931d20428fba844b81de9b0af5f973e7651c655a61493c820d700e6,folder_11s.jpg
76,folder,00626_folder,00626_folder/folder_04s.jpg,object_images/folder/folder_04s.jpg,7aff2325e8a6feb488dbdd492c72d5168f0ee4d773658c30032f1104fb5adf9a,folder_11s.jpg
76,folder,00626_folder,00626_folder/folder_05s.jpg,object_images/folder/folder_05s.jpg,fb7c16ade708107cd52688c1867058e7141fac3f44a25e27671931c39cb68ad1,folder_11s.jpg
76,folder,00626_folder,00626_folder/folder_06s.jpg,object_images/folder/folder_06s.jpg,cefb7e77c24adda29d14ed50b4b6e154a4e13884a9ce4ad5be9fea3eaa09bd92,folder_11s.jpg
76,folder,00626_folder,00626_folder/folder_07s.jpg,object_images/folder/folder_07s.jpg,2bad602f61463b6b039c19282daf253bd1643648709641635fadca2de6fb2251,folder_11s.jpg
76,folder,00626_folder,00626_folder/folder_08s.jpg,object_images/folder/folder_08s.jpg,bae6eb3cee2f7b43762028debd769ad7672290f70bd8fa8fff9447c2b9a63efe,folder_11s.jpg
76,folder,00626_folder,00626_folder/folder_09s.jpg,object_images/folder/folder_09s.jpg,60b091c4d33c967b58156ac4510338ef4421731a946a95dd881f8e00002df964,folder_11s.jpg
76,folder,00626_folder,00626_folder/folder_10s.jpg,object_images/folder/folder_10s.jpg,6abd399d5bdc1d0fae2a78c5e2a6df7e0303776a6def84a2b9d43024bbd59d9c,folder_11s.jpg
76,folder,00626_folder,00626_folder/folder_12s.jpg,object_images/folder/folder_12s.jpg,83c378105cfc5574c5e22a349e0d3943bae62b4e7d3934c6a453f866176ed4b7,folder_11s.jpg
76,folder,00626_folder,00626_folder/folder_13s.jpg,object_images/folder/folder_13s.jpg,910ee76011d91a1c33fe5da14eea6870468a2c89b64e865c8ff13c4667c430d6,folder_11s.jpg
76,folder,00626_folder,00626_folder/folder_14s.jpg,object_images/folder/folder_14s.jpg,66ddb17576aa0ae8b5059e2469d60251ba0d39dd74e5b3904f4819c2487b6f0f,folder_11s.jpg
76,folder,00626_folder,00626_folder/folder_15s.jpg,object_images/folder/folder_15s.jpg,4e360ff8520e3bbf5ded1e0dfef4db4e988974437195ff8e582592d95fefa2b3,folder_11s.jpg
76,folder,00626_folder,00626_folder/folder_16s.jpg,object_images/folder/folder_16s.jpg,ff788f6a3681c44357c526490e7585b9c6588bdd164780eca2be15b116dfd906,folder_11s.jpg
76,folder,00626_folder,00626_folder/folder_17s.jpg,object_images/folder/folder_17s.jpg,14226901b5212e71912d7cbadf6027d9024e63dc3cafe4a8d7a98be7d7dc1297,folder_11s.jpg
76,folder,00626_folder,00626_folder/folder_18s.jpg,object_images/folder/folder_18s.jpg,8f122de7a797f5e3ab31e2b6996b0d7e3e37a46a1678f7bb550cc27322c49f30,folder_11s.jpg
76,folder,00626_folder,00626_folder/folder_19s.jpg,object_images/folder/folder_19s.jpg,f30104392d174da18a98333ce71e47d0170f8c9e9368394c42933e008d748731,folder_11s.jpg
77,fork,00635_fork,00635_fork/fork_01b.jpg,object_images/fork/fork_01b.jpg,cf081d7c4e6b014b2dad6b479924df5597fcd32f3735471409aa5582046db05d,fork_07s.jpg
77,fork,00635_fork,00635_fork/fork_02s.jpg,object_images/fork/fork_02s.jpg,476ff2e58500bced916de7c0b0830408f0732f6958da0bfa2d573211727b479f,fork_07s.jpg
77,fork,00635_fork,00635_fork/fork_03s.jpg,object_images/fork/fork_03s.jpg,85222716808c11f3956a6e4e846d075a6842c3d9882149f848fa389948df0e94,fork_07s.jpg
77,fork,00635_fork,00635_fork/fork_04s.jpg,object_images/fork/fork_04s.jpg,84f6567f0236aa76dc5abb4492a4cc929dca82f138e80622f0aecb8744ec26ea,fork_07s.jpg
77,fork,00635_fork,00635_fork/fork_05s.jpg,object_images/fork/fork_05s.jpg,a0353ac319753e19f9e7c9591daa7277d38e3fdbb2548abc4c82d537e2d4637d,fork_07s.jpg
77,fork,00635_fork,00635_fork/fork_06s.jpg,object_images/fork/fork_06s.jpg,8dc9e2b66a923fa38741d380ed41cfce02a977f6805127dafa92c2882bc97f36,fork_07s.jpg
77,fork,00635_fork,00635_fork/fork_08s.jpg,object_images/fork/fork_08s.jpg,c40145df5c0db93bb7fd07a0ed248dceb918ca0bb8e5979379ff969ccc0a8735,fork_07s.jpg
77,fork,00635_fork,00635_fork/fork_09s.jpg,object_images/fork/fork_09s.jpg,387d1f25d88b4da1ea4a470b563b1815b4e6e788e44f41322203d183fb7ede27,fork_07s.jpg
77,fork,00635_fork,00635_fork/fork_10s.jpg,object_images/fork/fork_10s.jpg,50f50690c42a11caed5a64bd3bcab54b1888afc405b91cef58aa92ba2083ff0f,fork_07s.jpg
77,fork,00635_fork,00635_fork/fork_11s.jpg,object_images/fork/fork_11s.jpg,a9ef359f5f90eb71e4b715187f1e05b7de52a6a621d34ad45af67f5db72528c7,fork_07s.jpg
77,fork,00635_fork,00635_fork/fork_12s.jpg,object_images/fork/fork_12s.jpg,e12d6602b95b2ae936b8561c28d61baef3d7d4a18ea9b8ec42fd81692653bdd4,fork_07s.jpg
78,freezer,00641_freezer,00641_freezer/freezer_01b.jpg,object_images/freezer/freezer_01b.jpg,831fc35c25d36e824ad2897fb28dc1358667ed3c497239490585d8271f665092,freezer_04s.jpg
78,freezer,00641_freezer,00641_freezer/freezer_02s.jpg,object_images/freezer/freezer_02s.jpg,429f21f61ddf1e8c91b9f0ff65e20b3a4468be1cd7418636d8317559aa6957c6,freezer_04s.jpg
78,freezer,00641_freezer,00641_freezer/freezer_03s.jpg,object_images/freezer/freezer_03s.jpg,d1e7a0817293b308fce249208987f938a85f4482eb08b2b74252dfddd224d83e,freezer_04s.jpg
78,freezer,00641_freezer,00641_freezer/freezer_05s.jpg,object_images/freezer/freezer_05s.jpg,61d3c96c93264a3593be9d05ce622bee5e7b2a3d758cdd3b675f3b8c8a56e482,freezer_04s.jpg
78,freezer,00641_freezer,00641_freezer/freezer_06s.jpg,object_images/freezer/freezer_06s.jpg,1e3f4d1d52588c01ebef201a89c8d6c7f626ec4d1cc068e65e6f22ddd328bb62,freezer_04s.jpg
78,freezer,00641_freezer,00641_freezer/freezer_07s.jpg,object_images/freezer/freezer_07s.jpg,275698169a4402c8e6a89384278c69c904d3dcbee03ddf08408ff8d5784e8d94,freezer_04s.jpg
78,freezer,00641_freezer,00641_freezer/freezer_08s.jpg,object_images/freezer/freezer_08s.jpg,c3434e7c7888be5050902e2e1d3e0f8d70d23407e961ed951f73de052f5506ec,freezer_04s.jpg
78,freezer,00641_freezer,00641_freezer/freezer_09s.jpg,object_images/freezer/freezer_09s.jpg,769ca6fbf5893d58799f41433e3d9ec9325616ddccd4864c4598d59c0fe4c479,freezer_04s.jpg
78,freezer,00641_freezer,00641_freezer/freezer_10s.jpg,object_images/freezer/freezer_10s.jpg,edcea66eaaa050b2e8caf06e9bc149a295d9d27b658cfbbe83c84becf8478f3c,freezer_04s.jpg
78,freezer,00641_freezer,00641_freezer/freezer_11s.jpg,object_images/freezer/freezer_11s.jpg,93fba95205e5bedcbd99346be21f4b4b87adb2669b70e1df2b9df15da7b8cab6,freezer_04s.jpg
78,freezer,00641_freezer,00641_freezer/freezer_12s.jpg,object_images/freezer/freezer_12s.jpg,520412ec22b5bb883b1079822c7f65ca04e3fc537d7a79b9e9b7cd438e13f0d9,freezer_04s.jpg
79,french horn,00643_french_horn,00643_french_horn/french_horn_01s.jpg,object_images/french_horn/french_horn_01s.jpg,466ae05e97c3d6a818625057441373b966fc55b4f1e155ef7c23c65044ed729e,french_horn_03s.jpg
79,french horn,00643_french_horn,00643_french_horn/french_horn_02s.jpg,object_images/french_horn/french_horn_02s.jpg,9b30431d6fe279fa9bf2c6c1f7ffed34174627fb63084d08304970c9f98f3bea,french_horn_03s.jpg
79,french horn,00643_french_horn,00643_french_horn/french_horn_04s.jpg,object_images/french_horn/french_horn_04s.jpg,c3fb2885a1de57e293e48049fd169f669646488ff290f534d665f8c9c6c9950f,french_horn_03s.jpg
79,french horn,00643_french_horn,00643_french_horn/french_horn_05s.jpg,object_images/french_horn/french_horn_05s.jpg,1ae932e520859c2c209d98e23b364e15fe61d26585ca8cb2fd1def8066ce3c71,french_horn_03s.jpg
79,french horn,00643_french_horn,00643_french_horn/french_horn_06s.jpg,object_images/french_horn/french_horn_06s.jpg,9abc34830155f8dcea607de3487ec13abc24edb98d1483296acb386f494a7fcd,french_horn_03s.jpg
79,french horn,00643_french_horn,00643_french_horn/french_horn_07s.jpg,object_images/french_horn/french_horn_07s.jpg,4bcc19e85d68318e28ed0207d4df7ef456fabefc23ed038efdb0fc43221e572e,french_horn_03s.jpg
79,french horn,00643_french_horn,00643_french_horn/french_horn_08s.jpg,object_images/french_horn/french_horn_08s.jpg,f06e9d4e3c91600a88c84dff2043487e5848a93782ecbde2f61a557a82fc36eb,french_horn_03s.jpg
79,french horn,00643_french_horn,00643_french_horn/french_horn_09s.jpg,object_images/french_horn/french_horn_09s.jpg,08ecc91925227cef2c19d2a77a0d69a9819d97b00ff036a53e25734509f5aea8,french_horn_03s.jpg
79,french horn,00643_french_horn,00643_french_horn/french_horn_10s.jpg,object_images/french_horn/french_horn_10s.jpg,78968922d3cf4190dbf9376648063f472275082b6154856a093237e6b4ff7f8c,french_horn_03s.jpg
79,french horn,00643_french_horn,00643_french_horn/french_horn_11s.jpg,object_images/french_horn/french_horn_11s.jpg,bbff57b4fd42718dae9b2abc163e59b0fac98389a2c89e151c79ff7f832f7bb2,french_horn_03s.jpg
79,french horn,00643_french_horn,00643_french_horn/french_horn_12s.jpg,object_images/french_horn/french_horn_12s.jpg,ff1bed6e341f0644bd62992cfca783a8dc9b0a7c1f947bc8a40a5f21e10a7a26,french_horn_03s.jpg
80,fruit,00646_fruit,00646_fruit/fruit_02s.jpg,object_images/fruit/fruit_02s.jpg,c9ae839555eec47b121aaf6896a767513342f5c473c09417b6b7414bf72cbc5a,fruit_01b.jpg
80,fruit,00646_fruit,00646_fruit/fruit_03s.jpg,object_images/fruit/fruit_03s.jpg,abc27d04bd80fa941daa7ca3c8ac4936bcac96b3cdbdc8acfd3ecd0da6d3a31f,fruit_01b.jpg
80,fruit,00646_fruit,00646_fruit/fruit_04s.jpg,object_images/fruit/fruit_04s.jpg,633fc7610da742b1047d064e790e60634a8dc76a8583e71554dc3849d75dea90,fruit_01b.jpg
80,fruit,00646_fruit,00646_fruit/fruit_05s.jpg,object_images/fruit/fruit_05s.jpg,bf4ee3f7d14d6ffb6f3e03022ea686005422b8867b1e41a00e258392a5ab538f,fruit_01b.jpg
80,fruit,00646_fruit,00646_fruit/fruit_06s.jpg,object_images/fruit/fruit_06s.jpg,f7b8396f87c41d2b8c63612038feafc75059d9cd1c7404126c96ad15f2df5f0b,fruit_01b.jpg
80,fruit,00646_fruit,00646_fruit/fruit_07s.jpg,object_images/fruit/fruit_07s.jpg,89455f65acc3e62a47943fd56f10c79b411993c1c27c588035fdfda953eeaf37,fruit_01b.jpg
80,fruit,00646_fruit,00646_fruit/fruit_08s.jpg,object_images/fruit/fruit_08s.jpg,a67a2f699c4768d7248c90e1675908c5bbdf40a405a7f30e5f8c8bdf55177ccc,fruit_01b.jpg
80,fruit,00646_fruit,00646_fruit/fruit_09s.jpg,object_images/fruit/fruit_09s.jpg,8cb866c5b704436fe4f965a86e82990e7baeb81226d6a9f4f30d20220d4ea693,fruit_01b.jpg
80,fruit,00646_fruit,00646_fruit/fruit_10s.jpg,object_images/fruit/fruit_10s.jpg,2a67a25636b578279a3374e935e1e87458076e2d261924d599ca332e2fb9b3cd,fruit_01b.jpg
80,fruit,00646_fruit,00646_fruit/fruit_11s.jpg,object_images/fruit/fruit_11s.jpg,7cc313c9d596f48144297956a1f893e69c915377ee4fd608c29b3b84363ca0d0,fruit_01b.jpg
80,fruit,00646_fruit,00646_fruit/fruit_12s.jpg,object_images/fruit/fruit_12s.jpg,61ef26d26e9c276a88a8bd1917bd8f3977da9a47844aa67523c592c7a0543e12,fruit_01b.jpg
81,garlic,00659_garlic,00659_garlic/garlic_01b.jpg,object_images/garlic/garlic_01b.jpg,31492529db8cfb79c2ccfab4596a65ae8e495af318c79c5939d9d72d40065fa9,garlic_12n.jpg
81,garlic,00659_garlic,00659_garlic/garlic_02s.jpg,object_images/garlic/garlic_02s.jpg,982ebb190afe1b81915cb3f8226704b7f51ce1908e4b61fedca5a718b3ba0bc0,garlic_12n.jpg
81,garlic,00659_garlic,00659_garlic/garlic_03s.jpg,object_images/garlic/garlic_03s.jpg,3d1d426188f3c634b52452b460207fb831a3166c910e8e691179ba06d7306fce,garlic_12n.jpg
81,garlic,00659_garlic,00659_garlic/garlic_04s.jpg,object_images/garlic/garlic_04s.jpg,5727a24439970a295b03004290f20f382ea8dd81359d3219a72133d10cb9baab,garlic_12n.jpg
81,garlic,00659_garlic,00659_garlic/garlic_05s.jpg,object_images/garlic/garlic_05s.jpg,a04eca3135833d40a454aefb5a4855dc85527324dcd18a0933194d3b35f32ac4,garlic_12n.jpg
81,garlic,00659_garlic,00659_garlic/garlic_06s.jpg,object_images/garlic/garlic_06s.jpg,9c25701d41b212653c28e031ad69b736c00eff7b18186765264c21025fc6f1f7,garlic_12n.jpg
81,garlic,00659_garlic,00659_garlic/garlic_07s.jpg,object_images/garlic/garlic_07s.jpg,f935ca10a95b7e76a6209a4e22da1027bfa7c41291693a219e124db0df036e52,garlic_12n.jpg
81,garlic,00659_garlic,00659_garlic/garlic_08n.jpg,object_images/garlic/garlic_08n.jpg,8cc2437511852aef4fbcc4178bde05d05629d78c1c1727eac1a9dc03978744ff,garlic_12n.jpg
81,garlic,00659_garlic,00659_garlic/garlic_09s.jpg,object_images/garlic/garlic_09s.jpg,5f2d6ae9c0ce9851683419fd3d0ac9756faccccec430de5e9ee1ddace336656d,garlic_12n.jpg
81,garlic,00659_garlic,00659_garlic/garlic_10n.jpg,object_images/garlic/garlic_10n.jpg,d89f3c6d15f3a1f7053969c8a9e399b069a0516d437c64c670e538a89dc0ea73,garlic_12n.jpg
81,garlic,00659_garlic,00659_garlic/garlic_11s.jpg,object_images/garlic/garlic_11s.jpg,1a0888e2e1987d862be33b4575dd90cb13324272bed7cab3a014bccdc410eca4,garlic_12n.jpg
82,glove,00681_glove,00681_glove/glove_01b.jpg,object_images/glove/glove_01b.jpg,41f0f47fe7cf02b4d1012f28f0558bb3fa68c55643d89f4ce3f810e564cd34d5,glove_11s.jpg
82,glove,00681_glove,00681_glove/glove_02s.jpg,object_images/glove/glove_02s.jpg,8ff77f43ac3bb207531c4939516eb58cd7880dbcbcee83cff51db5eb87b6bebf,glove_11s.jpg
82,glove,00681_glove,00681_glove/glove_03s.jpg,object_images/glove/glove_03s.jpg,11a7da4a031245926dea028077346361841b6b80880f3ee89c7587d5940d1ba1,glove_11s.jpg
82,glove,00681_glove,00681_glove/glove_04s.jpg,object_images/glove/glove_04s.jpg,4d80064c7137a17ffa0c2d41cf75759f5bb8c807a56b6a765339bb43cda2d224,glove_11s.jpg
82,glove,00681_glove,00681_glove/glove_05s.jpg,object_images/glove/glove_05s.jpg,2ac412db194c44bb1ce9b4de2f6833ad80f28142651982e1a840fcf9ed39e890,glove_11s.jpg
82,glove,00681_glove,00681_glove/glove_06s.jpg,object_images/glove/glove_06s.jpg,ec6bd15ee152606a40dcef7f90e6b50c42104af8562114430f0d7d90ca7825d7,glove_11s.jpg
82,glove,00681_glove,00681_glove/glove_07s.jpg,object_images/glove/glove_07s.jpg,8dbf93ad8121a5e794041d5965a984831565585e79c25c027611f045f92e037e,glove_11s.jpg
82,glove,00681_glove,00681_glove/glove_08s.jpg,object_images/glove/glove_08s.jpg,de7ece11862a8a98bcb65b416d46c937b8c28b00ca7212151f9b77e95dfabbda,glove_11s.jpg
82,glove,00681_glove,00681_glove/glove_09s.jpg,object_images/glove/glove_09s.jpg,e0de6b6e35c3d972619b4ac5646f6da7173888face0490afa8d63091e0d7cafc,glove_11s.jpg
82,glove,00681_glove,00681_glove/glove_10s.jpg,object_images/glove/glove_10s.jpg,7e8dcb98486699a295675a1a27da47a91575cbb7fa9177f1ba2a6c46c89409d5,glove_11s.jpg
82,glove,00681_glove,00681_glove/glove_12s.jpg,object_images/glove/glove_12s.jpg,1d81184387bcc39b4ec311f9512b7a9a567324d79e12bbaa9a23505a9d7f45ee,glove_11s.jpg
82,glove,00681_glove,00681_glove/glove_13s.jpg,object_images/glove/glove_13s.jpg,2081a3b17b2353ff2558d328a463aa719a91b7b2913078c49fbb6d6d08a7dda2,glove_11s.jpg
82,glove,00681_glove,00681_glove/glove_14s.jpg,object_images/glove/glove_14s.jpg,7fd55f8954cf63d9266f038b94e8c227117391a562f5f57c2c44fa2c3da703de,glove_11s.jpg
82,glove,00681_glove,00681_glove/glove_15s.jpg,object_images/glove/glove_15s.jpg,f780dddba39d13b8ebe8b085949ef8db289d2e2dd3f56b7f391142a6e89082a9,glove_11s.jpg
82,glove,00681_glove,00681_glove/glove_16s.jpg,object_images/glove/glove_16s.jpg,25b067838ae1a8997d65a10d25d313442ceac6bf6913c43a8390c563dc721ff4,glove_11s.jpg
83,golf cart,00690_golf_cart,00690_golf_cart/golf_cart_01b.jpg,object_images/golf_cart/golf_cart_01b.jpg,c8830240a3cbdcdba2155f6484f83f1841031dd00e5b7a5de73dec4c77b2ab4d,golf_cart_06s.jpg
83,golf cart,00690_golf_cart,00690_golf_cart/golf_cart_02s.jpg,object_images/golf_cart/golf_cart_02s.jpg,aa5cf9bf645f3c36944cc92b11c8a083111aa49d7934549c0d16b5782dfe4768,golf_cart_06s.jpg
83,golf cart,00690_golf_cart,00690_golf_cart/golf_cart_03s.jpg,object_images/golf_cart/golf_cart_03s.jpg,4fb2a7eabfa4fb9aa3d57444544c093f53481a1b00954287f6b678fba80eb9c5,golf_cart_06s.jpg
83,golf cart,00690_golf_cart,00690_golf_cart/golf_cart_04s.jpg,object_images/golf_cart/golf_cart_04s.jpg,04ff1342d4dc7c6302d59e4a5fc6b2fd73d3b32268ac3e2bb41b88bdc46b30cf,golf_cart_06s.jpg
83,golf cart,00690_golf_cart,00690_golf_cart/golf_cart_05s.jpg,object_images/golf_cart/golf_cart_05s.jpg,c22063b0945119448899cabdea88674af46d6ae1ebf1dc9636ff96bcef5190d3,golf_cart_06s.jpg
83,golf cart,00690_golf_cart,00690_golf_cart/golf_cart_07s.jpg,object_images/golf_cart/golf_cart_07s.jpg,9a74604df223381bf9750935bb9d013ec20f0188901f0188bfe8f7bc7bbd7ca6,golf_cart_06s.jpg
83,golf cart,00690_golf_cart,00690_golf_cart/golf_cart_08s.jpg,object_images/golf_cart/golf_cart_08s.jpg,190bc97eac7927fbabca2659282ecfc29b9e4058788a8a3eaf7415ce66fc9a6f,golf_cart_06s.jpg
83,golf cart,00690_golf_cart,00690_golf_cart/golf_cart_09s.jpg,object_images/golf_cart/golf_cart_09s.jpg,8f976be84a2cde73686282eeedc63227ef854ba1da42bea51c4530c3f4484f59,golf_cart_06s.jpg
83,golf cart,00690_golf_cart,00690_golf_cart/golf_cart_10s.jpg,object_images/golf_cart/golf_cart_10s.jpg,92bcebe4b556a9f65d3d68a6fa0c48da65a009a91ab952bbe4a1e479a2558c59,golf_cart_06s.jpg
83,golf cart,00690_golf_cart,00690_golf_cart/golf_cart_11s.jpg,object_images/golf_cart/golf_cart_11s.jpg,623b6dfcb779b88878bc6bf825dc37b43183e7dd3b12dbab7f39daffb0121cd9,golf_cart_06s.jpg
83,golf cart,00690_golf_cart,00690_golf_cart/golf_cart_12s.jpg,object_images/golf_cart/golf_cart_12s.jpg,d7e6e7e9bcec007a88f2b353c05744fc38dc8da0cc7383e42e0169337da6b8aa,golf_cart_06s.jpg
84,gondola,00692_gondola,00692_gondola/gondola_01b.jpg,object_images/gondola/gondola_01b.jpg,9b096693d21c7e6ce0839d30cbf2573491a51c7253ad916097e86afc5a5f117f,gondola_11s.jpg
84,gondola,00692_gondola,00692_gondola/gondola_02s.jpg,object_images/gondola/gondola_02s.jpg,010adbcc4ae76a97ae71c1cc985a1828abcce08ce77c70e4911bf583291c0062,gondola_11s.jpg
84,gondola,00692_gondola,00692_gondola/gondola_03s.jpg,object_images/gondola/gondola_03s.jpg,4c2a97642a0a2821ef6440a33c6e2794b88e1581734346ebf4744bdf636aa3ac,gondola_11s.jpg
84,gondola,00692_gondola,00692_gondola/gondola_04s.jpg,object_images/gondola/gondola_04s.jpg,1c294f15c4dfe7ed0553692510db4d5e06d36aa236cb62708358c5b7ad0376bd,gondola_11s.jpg
84,gondola,00692_gondola,00692_gondola/gondola_05s.jpg,object_images/gondola/gondola_05s.jpg,8dd1e992fe95ba1245a4b9275fea3c3a67bc9e8ac890723d88827f0c5b5790db,gondola_11s.jpg
84,gondola,00692_gondola,00692_gondola/gondola_06s.jpg,object_images/gondola/gondola_06s.jpg,eb0120d0d32668c45881885cff0080bf292116185d1265c4e8629969424ce34b,gondola_11s.jpg
84,gondola,00692_gondola,00692_gondola/gondola_07s.jpg,object_images/gondola/gondola_07s.jpg,6354b3696b7c3212d2900e02248144b9b5e434f4466aa476fd2781c44a1fc346,gondola_11s.jpg
84,gondola,00692_gondola,00692_gondola/gondola_08s.jpg,object_images/gondola/gondola_08s.jpg,e84f894be7c785e5f851234d05609af288f52e44a82f516336e952911410c3df,gondola_11s.jpg
84,gondola,00692_gondola,00692_gondola/gondola_09s.jpg,object_images/gondola/gondola_09s.jpg,fb982a47f865af910061c853ee5c21238749e3215155ac6cca055b2b855a2ae0,gondola_11s.jpg
84,gondola,00692_gondola,00692_gondola/gondola_10s.jpg,object_images/gondola/gondola_10s.jpg,ee962667b0076ab735498808c2be54126c5937d1095955a8c9d7093c32e195d3,gondola_11s.jpg
84,gondola,00692_gondola,00692_gondola/gondola_12s.jpg,object_images/gondola/gondola_12s.jpg,9188d489c2623c059a411171b9e27cb74d346b3f83a12e3e592fc3b10e07e3a8,gondola_11s.jpg
85,goose,00694_goose,00694_goose/goose_01b.jpg,object_images/goose/goose_01b.jpg,c9b4c52aff6bc28d8a3f62f9c924cbbfce2d4fdfe167e8ab60fad4f1c3fd82a5,goose_02s.jpg
85,goose,00694_goose,00694_goose/goose_03s.jpg,object_images/goose/goose_03s.jpg,3a4b2898d4e03ee3fa71cbdb8c056284d9b2da3b77c988766f7f0d77cc44bbb0,goose_02s.jpg
85,goose,00694_goose,00694_goose/goose_04s.jpg,object_images/goose/goose_04s.jpg,f29e2aa467cb3926db44c75a8ab0fd59d39ba767a2c8d59cb5233a9d15fe0fa3,goose_02s.jpg
85,goose,00694_goose,00694_goose/goose_05s.jpg,object_images/goose/goose_05s.jpg,0fba6c00d0c0a26b8222982f200aa079cd417ddf78f9c15e1793f7d9d407a272,goose_02s.jpg
85,goose,00694_goose,00694_goose/goose_06s.jpg,object_images/goose/goose_06s.jpg,1a6f5c4ca3ecd291082c7ba2bcfcc65bdd6e109e5253357d17b1029fbff6ef6a,goose_02s.jpg
85,goose,00694_goose,00694_goose/goose_07s.jpg,object_images/goose/goose_07s.jpg,7f17c6313eb72d6eb72c45a06fe1f44aec56d8b687160a2ef35a8753e6cc845f,goose_02s.jpg
85,goose,00694_goose,00694_goose/goose_08s.jpg,object_images/goose/goose_08s.jpg,eefa1417eccf930ac802849533a3f07c8811bb6c91554374bcb015cbdc19109c,goose_02s.jpg
85,goose,00694_goose,00694_goose/goose_09s.jpg,object_images/goose/goose_09s.jpg,d166558c17385c1011ba175703a442aca2566280870062c7290a9fa8c3035254,goose_02s.jpg
85,goose,00694_goose,00694_goose/goose_10s.jpg,object_images/goose/goose_10s.jpg,c9b36989ca10a51813cdd94ce2d534295d9409fd1e6758ab7bfd4c0f6174cae0,goose_02s.jpg
85,goose,00694_goose,00694_goose/goose_11s.jpg,object_images/goose/goose_11s.jpg,1bd45e94fd6376efee9ae113744922a542e10b3349e4c85a3eca26bdff935ae7,goose_02s.jpg
85,goose,00694_goose,00694_goose/goose_12s.jpg,object_images/goose/goose_12s.jpg,5e1f4e112d845ea192a93490b8d167b8a1fb430701da2ad12fc35e9763ed2787,goose_02s.jpg
85,goose,00694_goose,00694_goose/goose_13s.jpg,object_images/goose/goose_13s.jpg,129ae749404fd801f2eb24ecf67c259ebe8d7d44c731a51311df78ff6403a691,goose_02s.jpg
85,goose,00694_goose,00694_goose/goose_14s.jpg,object_images/goose/goose_14s.jpg,77093d93f4a6b9cd6a2e30bf582186576b1470c8ca805e71266acafa3a04b56a,goose_02s.jpg
85,goose,00694_goose,00694_goose/goose_15s.jpg,object_images/goose/goose_15s.jpg,649438b4682f130e1e48130ca55b2fd5ef4a01535e50a66bafcf55a8892a63a1,goose_02s.jpg
85,goose,00694_goose,00694_goose/goose_16s.jpg,object_images/goose/goose_16s.jpg,80f04bf6b992428ed2e176b43a6b7b17fe8bae5cbd4a4c2e2ab1b6f61f9d4465,goose_02s.jpg
86,gopher,00695_gopher,00695_gopher/gopher_01b.jpg,object_images/gopher/gopher_01b.jpg,a1fc83346ae0b927351dc0d6af3063d8da90c6d85a2ea158f6ab2dc06bb8ef86,gopher_09s.jpg
86,gopher,00695_gopher,00695_gopher/gopher_02s.jpg,object_images/gopher/gopher_02s.jpg,20d187c217c8b330df2af27861af3dc0b57d9697611d10030da130ca35a133fc,gopher_09s.jpg
86,gopher,00695_gopher,00695_gopher/gopher_03s.jpg,object_images/gopher/gopher_03s.jpg,d52650164b4ca42a2f17684634639373d81a64e4162762bf206cfc8ab7cc0c15,gopher_09s.jpg
86,gopher,00695_gopher,00695_gopher/gopher_04s.jpg,object_images/gopher/gopher_04s.jpg,69f1de850ad60a95d75107ca5cd50c87b603b38486008bf9b6692db7b44f8a44,gopher_09s.jpg
86,gopher,00695_gopher,00695_gopher/gopher_05s.jpg,object_images/gopher/gopher_05s.jpg,8e8e7e150e41ffd159ea778f1f71164bb79a1405395f0ad10655f7835ce9083d,gopher_09s.jpg
86,gopher,00695_gopher,00695_gopher/gopher_06s.jpg,object_images/gopher/gopher_06s.jpg,34767385d5a61ea99b868557cfca849f5ca95bd9f65591298b6a48c573fef1fe,gopher_09s.jpg
86,gopher,00695_gopher,00695_gopher/gopher_07s.jpg,object_images/gopher/gopher_07s.jpg,f918014a7b7e2c771932e0594f475d09ef5b65aadc1647d2ddcdc2fee2ade6d6,gopher_09s.jpg
86,gopher,00695_gopher,00695_gopher/gopher_08s.jpg,object_images/gopher/gopher_08s.jpg,b3e331ef828d52609e74d267f3039bb5310acfc1835a089bc0ad31fab27e659e,gopher_09s.jpg
86,gopher,00695_gopher,00695_gopher/gopher_10s.jpg,object_images/gopher/gopher_10s.jpg,42188193749868f9a37a23a6fe96199ada862b06d3474ddf605a61d52be7dc84,gopher_09s.jpg
86,gopher,00695_gopher,00695_gopher/gopher_11s.jpg,object_images/gopher/gopher_11s.jpg,6b5770700b5bb893006ea665884c43cf8982bb10c6a4d6f29baf21d1ce5f871e,gopher_09s.jpg
86,gopher,00695_gopher,00695_gopher/gopher_12s.jpg,object_images/gopher/gopher_12s.jpg,050ae98b85d21b51de2cbba069a61f91e9c15e31548191c2de803788a195a75a,gopher_09s.jpg
86,gopher,00695_gopher,00695_gopher/gopher_13s.jpg,object_images/gopher/gopher_13s.jpg,00010539e6198aa43ec6a62acaf18a99271ed976d1cc38af23eb768b7bf35108,gopher_09s.jpg
86,gopher,00695_gopher,00695_gopher/gopher_14s.jpg,object_images/gopher/gopher_14s.jpg,b24d7e17380c5a05e8df0c9da9e12de12cf59687b1288e5a612eec246d5e0d76,gopher_09s.jpg
86,gopher,00695_gopher,00695_gopher/gopher_15s.jpg,object_images/gopher/gopher_15s.jpg,adc3d01b96ac3209697d4675b253a79e55003ad89ba5ec76cad67a86c8dc848a,gopher_09s.jpg
86,gopher,00695_gopher,00695_gopher/gopher_16s.jpg,object_images/gopher/gopher_16s.jpg,d452f5fa27e86a07c759d447dd4c9e9a2abc9f980d5e58e4c6d96ee8e1b1569d,gopher_09s.jpg
87,gorilla,00696_gorilla,00696_gorilla/gorilla_01b.jpg,object_images/gorilla/gorilla_01b.jpg,0608f722287f5de23a2c87632d2709e7ba9d3c5912ceb922fff4b8d811332ea1,gorilla_18s.jpg
87,gorilla,00696_gorilla,00696_gorilla/gorilla_02s.jpg,object_images/gorilla/gorilla_02s.jpg,b4ee6db77640588a39516751d60075f0aff9ba36216a0d33849754903a635271,gorilla_18s.jpg
87,gorilla,00696_gorilla,00696_gorilla/gorilla_03s.jpg,object_images/gorilla/gorilla_03s.jpg,f8a87745c8137e365ad55bfdaf9aef34b62c4dc8e406747e251d6f42f63796cb,gorilla_18s.jpg
87,gorilla,00696_gorilla,00696_gorilla/gorilla_04s.jpg,object_images/gorilla/gorilla_04s.jpg,1eac61c2bcdbb5ba44f4621903ad051a6150ac72f23ef708baac99227bc64199,gorilla_18s.jpg
87,gorilla,00696_gorilla,00696_gorilla/gorilla_05s.jpg,object_images/gorilla/gorilla_05s.jpg,4480bc47f1dfa278c06e7dae760e46e8de59b2192fffa3ab857e8efac7378b5c,gorilla_18s.jpg
87,gorilla,00696_gorilla,00696_gorilla/gorilla_06s.jpg,object_images/gorilla/gorilla_06s.jpg,b6a394701e957c8412435b9011a0629fb2cffd3781ce1aa1cc758bc81d7e80c1,gorilla_18s.jpg
87,gorilla,00696_gorilla,00696_gorilla/gorilla_07s.jpg,object_images/gorilla/gorilla_07s.jpg,c050e9b962bcbc96269065867d42c5fc8ac08ea868105b58e9b3e07e41b43220,gorilla_18s.jpg
87,gorilla,00696_gorilla,00696_gorilla/gorilla_08s.jpg,object_images/gorilla/gorilla_08s.jpg,549f91ffdbcbdbcfe96d498d3e5adfc254ba5086b20580221e9b0547bfdb8a2b,gorilla_18s.jpg
87,gorilla,00696_gorilla,00696_gorilla/gorilla_09s.jpg,object_images/gorilla/gorilla_09s.jpg,04b6e569723561e4fa81ceb22da0b7f2c16b7fff52265330c79ff8b681c0310c,gorilla_18s.jpg
87,gorilla,00696_gorilla,00696_gorilla/gorilla_10s.jpg,object_images/gorilla/gorilla_10s.jpg,0361fa78bee37be22c15c03605d86a519b9d5fbc869e53d1fad0155e65d868ef,gorilla_18s.jpg
87,gorilla,00696_gorilla,00696_gorilla/gorilla_11s.jpg,object_images/gorilla/gorilla_11s.jpg,07ea85f11d3a81e3104cc5d8c893e84991f025a604d9ea48a040754b345875a7,gorilla_18s.jpg
87,gorilla,00696_gorilla,00696_gorilla/gorilla_12s.jpg,object_images/gorilla/gorilla_12s.jpg,669e07e397b5830716bd0a44f749342aab52799f4c16524885ba28e74177e8e9,gorilla_18s.jpg
87,gorilla,00696_gorilla,00696_gorilla/gorilla_13s.jpg,object_images/gorilla/gorilla_13s.jpg,fc1838183e91ea657a5ea1be2594328d8fb0ac1f64c5b21a95ff3b4f696085c1,gorilla_18s.jpg
87,gorilla,00696_gorilla,00696_gorilla/gorilla_14s.jpg,object_images/gorilla/gorilla_14s.jpg,6f0a4b4ea707d21174bad5192bb591d04fa4adb2099e1588b389c6aa7b5b1a6c,gorilla_18s.jpg
87,gorilla,00696_gorilla,00696_gorilla/gorilla_15s.jpg,object_images/gorilla/gorilla_15s.jpg,26b065cd1b7e986a0a902381769dfbbb24fde188a8582e7c6e470db0263c3543,gorilla_18s.jpg
87,gorilla,00696_gorilla,00696_gorilla/gorilla_16s.jpg,object_images/gorilla/gorilla_16s.jpg,cf450776fccd888acb4b1d0b090af5eb6710aab5e1776725a40a3e8b9775939f,gorilla_18s.jpg
87,gorilla,00696_gorilla,00696_gorilla/gorilla_17s.jpg,object_images/gorilla/gorilla_17s.jpg,760e37514d8c15f616b668c8d57c399e5f67d14a44e5e3d150113282c808c4d9,gorilla_18s.jpg
87,gorilla,00696_gorilla,00696_gorilla/gorilla_19s.jpg,object_images/gorilla/gorilla_19s.jpg,7aa2ae2a352ca70060a39aa5dc97e373cd056afd6ada97f965e004fb77b6df55,gorilla_18s.jpg
87,gorilla,00696_gorilla,00696_gorilla/gorilla_20s.jpg,object_images/gorilla/gorilla_20s.jpg,59c3b1568205f09964ffd6423bfa6df3f5a836f9c582f17408a3ca848c804a34,gorilla_18s.jpg
87,gorilla,00696_gorilla,00696_gorilla/gorilla_21s.jpg,object_images/gorilla/gorilla_21s.jpg,dab1ab8741a2a95dacbed1b114da7e9485a40d73305eb67bd5b3d8f3e8cf2dd4,gorilla_18s.jpg
88,grasshopper,00707_grasshopper,00707_grasshopper/grasshopper_01b.jpg,object_images/grasshopper/grasshopper_01b.jpg,cbad3962373583afa2f9c8a13c08604bc286012012a61daeb4555a804cdf0b26,grasshopper_06s.jpg
88,grasshopper,00707_grasshopper,00707_grasshopper/grasshopper_02s.jpg,object_images/grasshopper/grasshopper_02s.jpg,cade8b713df0116557c0ce815dde6957715e1a95c0cfbc9ab5fa77b60c69a531,grasshopper_06s.jpg
88,grasshopper,00707_grasshopper,00707_grasshopper/grasshopper_03s.jpg,object_images/grasshopper/grasshopper_03s.jpg,c5096a1b6cd589c6aac9457bc885f9319b0ae4952f808b1130d9bd1c531809d9,grasshopper_06s.jpg
88,grasshopper,00707_grasshopper,00707_grasshopper/grasshopper_04s.jpg,object_images/grasshopper/grasshopper_04s.jpg,29aec9e8581ff7739e21d8bc98d668bbe03cce139ac1fdeced9e053cecf22e5c,grasshopper_06s.jpg
88,grasshopper,00707_grasshopper,00707_grasshopper/grasshopper_05s.jpg,object_images/grasshopper/grasshopper_05s.jpg,bb748f9e715d87864296e2ac80a4ca0b479566817d61977150ee42b2261bb575,grasshopper_06s.jpg
88,grasshopper,00707_grasshopper,00707_grasshopper/grasshopper_07s.jpg,object_images/grasshopper/grasshopper_07s.jpg,4b742f2c106d496dc0e5e46652c5db9519113e3d8ee6c51a83e3a20b54cf5018,grasshopper_06s.jpg
88,grasshopper,00707_grasshopper,00707_grasshopper/grasshopper_08s.jpg,object_images/grasshopper/grasshopper_08s.jpg,ea2022f0403e2b20add22f1ac4ecb1167a3439a33382a251dd05d331f8de70e9,grasshopper_06s.jpg
88,grasshopper,00707_grasshopper,00707_grasshopper/grasshopper_09s.jpg,object_images/grasshopper/grasshopper_09s.jpg,e29787f4ed518adcf03dbe3fd0b6218a866003ddcf046cc24a0eabb0e42253f2,grasshopper_06s.jpg
88,grasshopper,00707_grasshopper,00707_grasshopper/grasshopper_10s.jpg,object_images/grasshopper/grasshopper_10s.jpg,b1d631f83b1bd721c4a315ce21eb976e98d5e58b4e9f1715b3d6c73f8bb36746,grasshopper_06s.jpg
88,grasshopper,00707_grasshopper,00707_grasshopper/grasshopper_11s.jpg,object_images/grasshopper/grasshopper_11s.jpg,2f2f373883c8960588574b025dac01816c67145b5c34a7112d698d73b8769351,grasshopper_06s.jpg
88,grasshopper,00707_grasshopper,00707_grasshopper/grasshopper_12s.jpg,object_images/grasshopper/grasshopper_12s.jpg,75e26ee6047b991dd6a052de2723cdb4c3667a5930afe4412fcfc0c73b25d729,grasshopper_06s.jpg
88,grasshopper,00707_grasshopper,00707_grasshopper/grasshopper_13n.jpg,object_images/grasshopper/grasshopper_13n.jpg,f18be8f6b76f14e71122b32346f19d492dd2ba7424c19b97102a815a6fe270fe,grasshopper_06s.jpg
88,grasshopper,00707_grasshopper,00707_grasshopper/grasshopper_14s.jpg,object_images/grasshopper/grasshopper_14s.jpg,d92798b080330457492aabc5141581e61804cc1407eec141b1edabeb75d36fb1,grasshopper_06s.jpg
88,grasshopper,00707_grasshopper,00707_grasshopper/grasshopper_15n.jpg,object_images/grasshopper/grasshopper_15n.jpg,94167bc4932ed5199796befec599b1b744fd23812f4dd50cb160403d61951989,grasshopper_06s.jpg
88,grasshopper,00707_grasshopper,00707_grasshopper/grasshopper_16n.jpg,object_images/grasshopper/grasshopper_16n.jpg,aff5d4e5f68f3aef7460205b1e321b4e3d037bdaf9423acb6c0f2139be38597b,grasshopper_06s.jpg
88,grasshopper,00707_grasshopper,00707_grasshopper/grasshopper_17n.jpg,object_images/grasshopper/grasshopper_17n.jpg,3e85a00a7b60a037854e04096b4eab6cecffc2a74381ff3bf0b28d325b2ca26e,grasshopper_06s.jpg
88,grasshopper,00707_grasshopper,00707_grasshopper/grasshopper_18n.jpg,object_images/grasshopper/grasshopper_18n.jpg,e29a239c60a61b3ae6e4e815fb025429a0834bee39a9aea1ab9e600f63a5e167,grasshopper_06s.jpg
88,grasshopper,00707_grasshopper,00707_grasshopper/grasshopper_19n.jpg,object_images/grasshopper/grasshopper_19n.jpg,a55cb719253c3efca9523fc511df1e528b7d5fb237031a4f8aaebf2ae658ede0,grasshopper_06s.jpg
88,grasshopper,00707_grasshopper,00707_grasshopper/grasshopper_20n.jpg,object_images/grasshopper/grasshopper_20n.jpg,4ea99bce87160262eccb8b49ad9771ede2ce311f0fc249c4b210b8676bc0a941,grasshopper_06s.jpg
89,grenade,00714_grenade,00714_grenade/grenade_01b.jpg,object_images/grenade/grenade_01b.jpg,f62eea491e1541c08b6ec6d0d2e8b9a95e4fb2f7dac816134355a6c5d53c4964,grenade_03s.jpg
89,grenade,00714_grenade,00714_grenade/grenade_02s.jpg,object_images/grenade/grenade_02s.jpg,b3837da02b896bec6df87877d839d3741548963037b0da423c63b893cd3574e6,grenade_03s.jpg
89,grenade,00714_grenade,00714_grenade/grenade_04s.jpg,object_images/grenade/grenade_04s.jpg,ae47da973016ee36c0b08a09a9c04a0d3746e4c77182f8f40b71f2c54e95612c,grenade_03s.jpg
89,grenade,00714_grenade,00714_grenade/grenade_05s.jpg,object_images/grenade/grenade_05s.jpg,e1c3642ad58d44a5b67bf284c3349cae3e7d1b3882daaa13fa375f6529eec381,grenade_03s.jpg
89,grenade,00714_grenade,00714_grenade/grenade_06s.jpg,object_images/grenade/grenade_06s.jpg,1ef9879d387f510425c2bfb5abdcdc37bf0ba2aaf16831eec9a2b7402f035afa,grenade_03s.jpg
89,grenade,00714_grenade,00714_grenade/grenade_07s.jpg,object_images/grenade/grenade_07s.jpg,ed158238006b877c15d3a2ac3774340a2ca41363c2b1a79d31ce18f0ee963d63,grenade_03s.jpg
89,grenade,00714_grenade,00714_grenade/grenade_08s.jpg,object_images/grenade/grenade_08s.jpg,c0e00eb30b729c5047cde8c8cb14519490333909fe05b2be5edcdbceca991cce,grenade_03s.jpg
89,grenade,00714_grenade,00714_grenade/grenade_09s.jpg,object_images/grenade/grenade_09s.jpg,adb18ab175a902b18184dea7aa4b452d9a27979241f540bd63aa960f1cab1c9c,grenade_03s.jpg
89,grenade,00714_grenade,00714_grenade/grenade_10s.jpg,object_images/grenade/grenade_10s.jpg,e257b845a4257ca8f0770f11ec548ec599da7d7abb3c5835a58dedb18a07cffb,grenade_03s.jpg
89,grenade,00714_grenade,00714_grenade/grenade_11s.jpg,object_images/grenade/grenade_11s.jpg,d749dc9a2038114784d662ca7405175e1119f11f22d98e03d244483b1104a657,grenade_03s.jpg
89,grenade,00714_grenade,00714_grenade/grenade_12s.jpg,object_images/grenade/grenade_12s.jpg,147f8c4454f7b9806f2ac237ce8cfe8dce2b31aaea6d214e3028742de2c6f9cd,grenade_03s.jpg
90,hamburger,00741_hamburger,00741_hamburger/hamburger_02s.jpg,object_images/hamburger/hamburger_02s.jpg,2cbab701b9c54a7903491fe82cfba04eda908c5fff5eb5cf2567e5d55c050b34,hamburger_01s.jpg
90,hamburger,00741_hamburger,00741_hamburger/hamburger_03s.jpg,object_images/hamburger/hamburger_03s.jpg,b284eb848146fcbc10d39377f47173af254eb14316dcc6e91e35710f53ddc4de,hamburger_01s.jpg
90,hamburger,00741_hamburger,00741_hamburger/hamburger_04s.jpg,object_images/hamburger/hamburger_04s.jpg,3ab3e984646c6d04a9a0c4b295f1db963de5e440559d946981a62372b86aeb6a,hamburger_01s.jpg
90,hamburger,00741_hamburger,00741_hamburger/hamburger_05s.jpg,object_images/hamburger/hamburger_05s.jpg,fb083e9b5f1b7b8b889a4610062a849708b9537f5dfe51e4f02eaa41953f2830,hamburger_01s.jpg
90,hamburger,00741_hamburger,00741_hamburger/hamburger_06s.jpg,object_images/hamburger/hamburger_06s.jpg,f50332bf7d57acd132df78079268aed2c6c1805c35025be734935720ec4e520d,hamburger_01s.jpg
90,hamburger,00741_hamburger,00741_hamburger/hamburger_07s.jpg,object_images/hamburger/hamburger_07s.jpg,7075735d298db0b0f3a728a1f0460d97dd6d43eb9e2eaae094a2954172222569,hamburger_01s.jpg
90,hamburger,00741_hamburger,00741_hamburger/hamburger_08s.jpg,object_images/hamburger/hamburger_08s.jpg,3ef31f2e128fb42e81e54548696c654c2b37f24c9a99112be4783cb73c919813,hamburger_01s.jpg
90,hamburger,00741_hamburger,00741_hamburger/hamburger_09s.jpg,object_images/hamburger/hamburger_09s.jpg,f49477b47721557f456a4b966b9c15539046ad5157169ed7c613328d5e250a9b,hamburger_01s.jpg
90,hamburger,00741_hamburger,00741_hamburger/hamburger_10s.jpg,object_images/hamburger/hamburger_10s.jpg,5696973881a727e616084a036a0e84f52919b963b1eafc80926890843eb0d83c,hamburger_01s.jpg
90,hamburger,00741_hamburger,00741_hamburger/hamburger_11s.jpg,object_images/hamburger/hamburger_11s.jpg,1f36dc193e3fabbad54df8fb616679c04a570ecac8e2f4ac0e9d899e3045def8,hamburger_01s.jpg
90,hamburger,00741_hamburger,00741_hamburger/hamburger_12s.jpg,object_images/hamburger/hamburger_12s.jpg,92adc4fe743b3c13dc2603a3130ff097d6e73de0c5a21391820336916e1aad16,hamburger_01s.jpg
91,hammer,00742_hammer,00742_hammer/hammer_01b.jpg,object_images/hammer/hammer_01b.jpg,1c9d85c32582170f2a3551e4925f03d95e7aa83230dcaced6984f980c668e903,hammer_08s.jpg
91,hammer,00742_hammer,00742_hammer/hammer_02s.jpg,object_images/hammer/hammer_02s.jpg,6b2bebfd91581a27f37596f6260097d5b9641077a75ae2eb331d05d2e969e0c3,hammer_08s.jpg
91,hammer,00742_hammer,00742_hammer/hammer_03s.jpg,object_images/hammer/hammer_03s.jpg,bd293f654fa1c28b85a62c55b5cd53b93f65f249f6cc9387ec819115856fd416,hammer_08s.jpg
91,hammer,00742_hammer,00742_hammer/hammer_04s.jpg,object_images/hammer/hammer_04s.jpg,2e33dc2d2b80425b8d2036d3d643cd61e66cd1e9c2e1a83929e6a5973f3aa780,hammer_08s.jpg
91,hammer,00742_hammer,00742_hammer/hammer_05n.jpg,object_images/hammer/hammer_05n.jpg,95a8852a85caf4ca4609cfe02cdaf848007b2655c3382e7baa5791fe0b9e8f6c,hammer_08s.jpg
91,hammer,00742_hammer,00742_hammer/hammer_06s.jpg,object_images/hammer/hammer_06s.jpg,57629c71016b7ef0ae62c24bf0e49e5214d8fb1d89ddb37b58f43ce039bace8c,hammer_08s.jpg
91,hammer,00742_hammer,00742_hammer/hammer_07s.jpg,object_images/hammer/hammer_07s.jpg,58e26bd5b3136518a649de0a988f13f17408413b4178072c16a1f50c5ef9276f,hammer_08s.jpg
91,hammer,00742_hammer,00742_hammer/hammer_09s.jpg,object_images/hammer/hammer_09s.jpg,9c5d1f26aca069ab790b6eb4c0df51a416ad6c5104f84aa6f7cb6b75ef443ae4,hammer_08s.jpg
91,hammer,00742_hammer,00742_hammer/hammer_10s.jpg,object_images/hammer/hammer_10s.jpg,c2b9e93bca00817c9cf8efafab1e600683b960b6c7e8525ef95c9949dfc4452f,hammer_08s.jpg
91,hammer,00742_hammer,00742_hammer/hammer_11n.jpg,object_images/hammer/hammer_11n.jpg,89525ae99c8cb215a98f464d4daef0ca39d64097156f28b3d102e3b9a8f8056b,hammer_08s.jpg
91,hammer,00742_hammer,00742_hammer/hammer_12s.jpg,object_images/hammer/hammer_12s.jpg,b505304c2f0a68209a133e330bfa25a83d557e6d9881dcd46349735ae602427d,hammer_08s.jpg
92,handbrake,00746_handbrake,00746_handbrake/handbrake_01b.jpg,object_images/handbrake/handbrake_01b.jpg,a67312d19f4fc15c8f73ae6e4a24aa61145f820e0f05a1de56200643bd1f6fdc,handbrake_08s.jpg
92,handbrake,00746_handbrake,00746_handbrake/handbrake_02s.jpg,object_images/handbrake/handbrake_02s.jpg,d29f45d2c40c018dbee2dc9b3a9b9d907afd6ed4a3b1052732169b38c1273c01,handbrake_08s.jpg
92,handbrake,00746_handbrake,00746_handbrake/handbrake_03s.jpg,object_images/handbrake/handbrake_03s.jpg,17ae88c734c380bbabc49818e48d6aa6112798434f7852c072e8b98713c644a6,handbrake_08s.jpg
92,handbrake,00746_handbrake,00746_handbrake/handbrake_04s.jpg,object_images/handbrake/handbrake_04s.jpg,6ef2eb109632688d0b7987b3a864e3760379c2d2d6590bbf3274286b2c40642c,handbrake_08s.jpg
92,handbrake,00746_handbrake,00746_handbrake/handbrake_05s.jpg,object_images/handbrake/handbrake_05s.jpg,5ed0a7c391cb4e61bddbdd883a2b0329202d5cd78eb4f33f79900e400622583d,handbrake_08s.jpg
92,handbrake,00746_handbrake,00746_handbrake/handbrake_06s.jpg,object_images/handbrake/handbrake_06s.jpg,468a4038e5b4d1c0cde80bcd55db4db2ce9d23be51e19954f6f0ebeaba0b94ca,handbrake_08s.jpg
92,handbrake,00746_handbrake,00746_handbrake/handbrake_07s.jpg,object_images/handbrake/handbrake_07s.jpg,a6af2529bd564f19945befde56f86f878f46bf5727574054baaf902fb0faf580,handbrake_08s.jpg
92,handbrake,00746_handbrake,00746_handbrake/handbrake_09s.jpg,object_images/handbrake/handbrake_09s.jpg,9dbb0935efd314a7162828335b0d10b736cbdf08c87f3c57daa717bab388fbbb,handbrake_08s.jpg
92,handbrake,00746_handbrake,00746_handbrake/handbrake_10s.jpg,object_images/handbrake/handbrake_10s.jpg,5370008b5b41cbbe9caec55218acdf4e396f419aecb232aa2f691aa11eec369b,handbrake_08s.jpg
92,handbrake,00746_handbrake,00746_handbrake/handbrake_11s.jpg,object_images/handbrake/handbrake_11s.jpg,c34cc3c8a5cc459535338f49bf1359bd5bc274a6a0c126d625e842584b3dc085,handbrake_08s.jpg
92,handbrake,00746_handbrake,00746_handbrake/handbrake_12s.jpg,object_images/handbrake/handbrake_12s.jpg,0c33a5a5b01966bb096fc5e2ccb81f7b981112b0132b3ab4c0e0bdd06468d039,handbrake_08s.jpg
93,headscarf,00769_headscarf,00769_headscarf/headscarf_01b.jpg,object_images/headscarf/headscarf_01b.jpg,156c6e539c3b7da10752a943f27c10912630a4e82fb8185665dedc37f88fb676,headscarf_03s.jpg
93,headscarf,00769_headscarf,00769_headscarf/headscarf_02s.jpg,object_images/headscarf/headscarf_02s.jpg,683fb0706c121a8ecc6040a8f841d1c8a7e060d041867cf9aae99b73105c753f,headscarf_03s.jpg
93,headscarf,00769_headscarf,00769_headscarf/headscarf_04s.jpg,object_images/headscarf/headscarf_04s.jpg,e2c1d50bc91df75750fde2b90ef70e29597041b8d9457808da232881759467c5,headscarf_03s.jpg
93,headscarf,00769_headscarf,00769_headscarf/headscarf_05s.jpg,object_images/headscarf/headscarf_05s.jpg,70bd1c795da5736f7b84016953f86f4eafc10b8563e33a59b5b8b99235ff08a4,headscarf_03s.jpg
93,headscarf,00769_headscarf,00769_headscarf/headscarf_06s.jpg,object_images/headscarf/headscarf_06s.jpg,c7aace6256ee6b0eda84c21880361da074329d5d621152a6b8242d9be78d4fec,headscarf_03s.jpg
93,headscarf,00769_headscarf,00769_headscarf/headscarf_07s.jpg,object_images/headscarf/headscarf_07s.jpg,92332b57e2ea0485b72d61321f684ea8ee2eafb5e6248936faea1186cebc2925,headscarf_03s.jpg
93,headscarf,00769_headscarf,00769_headscarf/headscarf_08s.jpg,object_images/headscarf/headscarf_08s.jpg,334dbd41130521c3399438cf8bded1d51140b2fb309e5f890c3d6e7505e4f747,headscarf_03s.jpg
93,headscarf,00769_headscarf,00769_headscarf/headscarf_09s.jpg,object_images/headscarf/headscarf_09s.jpg,d5a051f9efd4b5e061a498c574fd1b126e8555a97f972279795a3146ab967ee8,headscarf_03s.jpg
93,headscarf,00769_headscarf,00769_headscarf/headscarf_10s.jpg,object_images/headscarf/headscarf_10s.jpg,f7a5f798fde992bad5963880174ad951423dcb49c4574b410ed59407738fa609,headscarf_03s.jpg
93,headscarf,00769_headscarf,00769_headscarf/headscarf_11s.jpg,object_images/headscarf/headscarf_11s.jpg,da3ee1265996be072481060eec3c2f4909fd389bfb3fb544f4c4039375137dad,headscarf_03s.jpg
93,headscarf,00769_headscarf,00769_headscarf/headscarf_12s.jpg,object_images/headscarf/headscarf_12s.jpg,6eb8f6c5477496c279989ea64cc091a1469969bc5756bdec8048584fbced3da8,headscarf_03s.jpg
94,highchair,00778_highchair,00778_highchair/highchair_01b.jpg,object_images/highchair/highchair_01b.jpg,51f8bb30d687f127282f77a213eea2eb0fa35ef83dffad376c16df34a5e6704c,highchair_04s.jpg
94,highchair,00778_highchair,00778_highchair/highchair_02s.jpg,object_images/highchair/highchair_02s.jpg,2905402e0d6706e7a044f9ee299db873953360515368001ae7df16277cd82a38,highchair_04s.jpg
94,highchair,00778_highchair,00778_highchair/highchair_03s.jpg,object_images/highchair/highchair_03s.jpg,ccbc61a27bb8a3d024d6b532cd52e35618991c40be25e455c1bf85906daf235c,highchair_04s.jpg
94,highchair,00778_highchair,00778_highchair/highchair_05s.jpg,object_images/highchair/highchair_05s.jpg,26dc7add5512da45adddc5ddc0fd0cf7d5182dce6361eb48df28f63a71b85f9a,highchair_04s.jpg
94,highchair,00778_highchair,00778_highchair/highchair_06s.jpg,object_images/highchair/highchair_06s.jpg,5961addf17bb6bb469eb168ccf643609c48438e37d0c41e46376af9454554e0f,highchair_04s.jpg
94,highchair,00778_highchair,00778_highchair/highchair_07s.jpg,object_images/highchair/highchair_07s.jpg,654e176ef9d25fe1af0b6aba45efefaf727eb07adb6a1c8392dda70f5417b524,highchair_04s.jpg
94,highchair,00778_highchair,00778_highchair/highchair_08s.jpg,object_images/highchair/highchair_08s.jpg,790967a244897c922b254ab8f4da83a25cfad8935f8409ec58b9773954e30bc4,highchair_04s.jpg
94,highchair,00778_highchair,00778_highchair/highchair_09s.jpg,object_images/highchair/highchair_09s.jpg,add3de06966a0f0686970bf5caa0643b0f8d311739f7fa7d0ca44dcfea77adea,highchair_04s.jpg
94,highchair,00778_highchair,00778_highchair/highchair_10s.jpg,object_images/highchair/highchair_10s.jpg,c9a9a2a9fc5e02260c1373993c2d6652c264cc25aa9b1dc0318c2a41fed42a9a,highchair_04s.jpg
94,highchair,00778_highchair,00778_highchair/highchair_11s.jpg,object_images/highchair/highchair_11s.jpg,9966e81b662c9f8f2fbef7324b15d51a5c8288ef0f5397a6cef7fff260946e8a,highchair_04s.jpg
94,highchair,00778_highchair,00778_highchair/highchair_12s.jpg,object_images/highchair/highchair_12s.jpg,59ad65ee463700244b6a37e74259c8cf8772b646108be04b0e5afb1d7f0e5776,highchair_04s.jpg
95,hoodie,00793_hoodie,00793_hoodie/hoodie_01b.jpg,object_images/hoodie/hoodie_01b.jpg,d3bd8abcb89940ae6cb7de40f5b3afdde74fb9574206a59372972e0f00993b35,hoodie_08s.jpg
95,hoodie,00793_hoodie,00793_hoodie/hoodie_02s.jpg,object_images/hoodie/hoodie_02s.jpg,4d80c285d3d0a2ced24acc7902972cad668cdecb5aff4238610b6b74bbdb5ec0,hoodie_08s.jpg
95,hoodie,00793_hoodie,00793_hoodie/hoodie_03s.jpg,object_images/hoodie/hoodie_03s.jpg,e39c5b7046ca1f1e046d82976a4c38507ca99eba23980962e7119cd43e8e1955,hoodie_08s.jpg
95,hoodie,00793_hoodie,00793_hoodie/hoodie_04s.jpg,object_images/hoodie/hoodie_04s.jpg,f7b5daecc61e66cb9ccb0111ff884eb99b41ca8f4385938abb8a4c4b12869f94,hoodie_08s.jpg
95,hoodie,00793_hoodie,00793_hoodie/hoodie_05s.jpg,object_images/hoodie/hoodie_05s.jpg,c20d7b11c4987b95cbe88bd76cde8b2326f666abdff4dacd20855381ee121c57,hoodie_08s.jpg
95,hoodie,00793_hoodie,00793_hoodie/hoodie_06s.jpg,object_images/hoodie/hoodie_06s.jpg,02aa410553aadfdbf4cb6650c15ab2b6105c2f9bfb2b199829f78dfcb7b23280,hoodie_08s.jpg
95,hoodie,00793_hoodie,00793_hoodie/hoodie_07s.jpg,object_images/hoodie/hoodie_07s.jpg,f6b6d0ea27e4fa4fa1ad370582eddfd23d2c0e2e363d4686b543869b9a284341,hoodie_08s.jpg
95,hoodie,00793_hoodie,00793_hoodie/hoodie_09s.jpg,object_images/hoodie/hoodie_09s.jpg,e9ca69ceac2eb123a748a9e05df84682cb0ed8ab691e3f4eecc9df978ad36333,hoodie_08s.jpg
95,hoodie,00793_hoodie,00793_hoodie/hoodie_10s.jpg,object_images/hoodie/hoodie_10s.jpg,91bce53df704711d5e6e5e94e93bb14572b657dcab46e04ed5a3f2c8b6ec5659,hoodie_08s.jpg
95,hoodie,00793_hoodie,00793_hoodie/hoodie_11s.jpg,object_images/hoodie/hoodie_11s.jpg,cd6be2d7057259660427a3f7eba9eaf8cdb277db9cd6a7fd987e30006b61ead9,hoodie_08s.jpg
95,hoodie,00793_hoodie,00793_hoodie/hoodie_12s.jpg,object_images/hoodie/hoodie_12s.jpg,89c29d6244e5f862ea510bc415e4003011ac116920303e1ff95d1aad5193bdbb,hoodie_08s.jpg
95,hoodie,00793_hoodie,00793_hoodie/hoodie_13s.jpg,object_images/hoodie/hoodie_13s.jpg,fb72f5cf804cd0ea8e1b940d79ec25d6aaf8d4671d4556ffc342bba35c2d85c1,hoodie_08s.jpg
95,hoodie,00793_hoodie,00793_hoodie/hoodie_14s.jpg,object_images/hoodie/hoodie_14s.jpg,a8c8b3d0015ed604625f293db3caa8b0925104dbfdab5405f959cc4a4fec5d34,hoodie_08s.jpg
95,hoodie,00793_hoodie,00793_hoodie/hoodie_15s.jpg,object_images/hoodie/hoodie_15s.jpg,57a88a93f89832ee0c0389a351f957551b5093cd4c593f82bf0afe0babe4733c,hoodie_08s.jpg
96,hummingbird,00812_hummingbird,00812_hummingbird/hummingbird_02s.jpg,object_images/hummingbird/hummingbird_02s.jpg,f08eeb75db9fdf41f20c65a86ccced6ab173929258fb33d5fa4f5de68f45c6ec,hummingbird_01b.jpg
96,hummingbird,00812_hummingbird,00812_hummingbird/hummingbird_03s.jpg,object_images/hummingbird/hummingbird_03s.jpg,8b2bfee43b07554120566b55930199ba37a76fc9120a013036b3c6bde35ed59f,hummingbird_01b.jpg
96,hummingbird,00812_hummingbird,00812_hummingbird/hummingbird_04s.jpg,object_images/hummingbird/hummingbird_04s.jpg,2128aece568657f4e9bb65ec6c40697a70f7f4531b686841017e60ad4c991845,hummingbird_01b.jpg
96,hummingbird,00812_hummingbird,00812_hummingbird/hummingbird_05s.jpg,object_images/hummingbird/hummingbird_05s.jpg,1048a89c1d94cd220d9aa5fa335714c71b99f2c9411147cee7fe0a2e74deab85,hummingbird_01b.jpg
96,hummingbird,00812_hummingbird,00812_hummingbird/hummingbird_06s.jpg,object_images/hummingbird/hummingbird_06s.jpg,ef719d90ac2ddd10718d1cf68e8dc78b5a3e06dc5b8d527e1543ee113a73c070,hummingbird_01b.jpg
96,hummingbird,00812_hummingbird,00812_hummingbird/hummingbird_07s.jpg,object_images/hummingbird/hummingbird_07s.jpg,032037392c22c0f3549c58d17d3695390aca7b848f6077d6e7a26d6744b73f12,hummingbird_01b.jpg
96,hummingbird,00812_hummingbird,00812_hummingbird/hummingbird_08s.jpg,object_images/hummingbird/hummingbird_08s.jpg,796a346188b09c01d3fe012ee60f28f742c018b0b8283f9aa459a57ca108d72c,hummingbird_01b.jpg
96,hummingbird,00812_hummingbird,00812_hummingbird/hummingbird_09s.jpg,object_images/hummingbird/hummingbird_09s.jpg,c7ccd19e4258be3c632950963ae47a15b8818d79bf92aaa1c3d6f854912cf3d9,hummingbird_01b.jpg
96,hummingbird,00812_hummingbird,00812_hummingbird/hummingbird_10s.jpg,object_images/hummingbird/hummingbird_10s.jpg,cc62661a5d9256c0765b422da027e10c881983538232c3c50b7bf78727065b1b,hummingbird_01b.jpg
96,hummingbird,00812_hummingbird,00812_hummingbird/hummingbird_11s.jpg,object_images/hummingbird/hummingbird_11s.jpg,d0cd054493d1fb2e3baed1a9cad78badd9adcb94aed16c43e23c28d81d3e9584,hummingbird_01b.jpg
96,hummingbird,00812_hummingbird,00812_hummingbird/hummingbird_12s.jpg,object_images/hummingbird/hummingbird_12s.jpg,fa74dbc2f046a06670df0aa5b6e019cdde63e2bd0ee096932f63c0dcbe26e49e,hummingbird_01b.jpg
97,ice cube,00820_ice_cube,00820_ice_cube/ice_cube_01b.jpg,object_images/ice_cube/ice_cube_01b.jpg,4cce0a3eed2133b6bf98e086e492cb19fad31b9d39331028f336151fed0ca7a2,ice_cube_11s.jpg
97,ice cube,00820_ice_cube,00820_ice_cube/ice_cube_02s.jpg,object_images/ice_cube/ice_cube_02s.jpg,01832e936cd21e371aaebf46b4bacde70aaf9614b7f481d66917effb818333c4,ice_cube_11s.jpg
97,ice cube,00820_ice_cube,00820_ice_cube/ice_cube_03s.jpg,object_images/ice_cube/ice_cube_03s.jpg,52444973065a7756867fa289c1a179782af7e249dd237232f54aed1775d640db,ice_cube_11s.jpg
97,ice cube,00820_ice_cube,00820_ice_cube/ice_cube_04s.jpg,object_images/ice_cube/ice_cube_04s.jpg,b1612b4eec2d3d71185ceaefe662a051d8e2a2c0127baefd4b96543558e1de4a,ice_cube_11s.jpg
97,ice cube,00820_ice_cube,00820_ice_cube/ice_cube_05s.jpg,object_images/ice_cube/ice_cube_05s.jpg,acb787e8a0caf117385e6db054ec7be5cbc2c04ebf964c2f5d6f68c31761649a,ice_cube_11s.jpg
97,ice cube,00820_ice_cube,00820_ice_cube/ice_cube_06s.jpg,object_images/ice_cube/ice_cube_06s.jpg,66b7150ef8960e1c9125113e8b591e93a8bc4e368ac40290537e252503b5a5e3,ice_cube_11s.jpg
97,ice cube,00820_ice_cube,00820_ice_cube/ice_cube_07s.jpg,object_images/ice_cube/ice_cube_07s.jpg,577cf9d0a6d190304e81515ffc42379a6a825e5e6c03ad0e0832f89d4c609a73,ice_cube_11s.jpg
97,ice cube,00820_ice_cube,00820_ice_cube/ice_cube_08s.jpg,object_images/ice_cube/ice_cube_08s.jpg,a598d18fb42b980d457d7ac6e69dcddc3641fec2c7b2dc50a4c0910e083f8d6b,ice_cube_11s.jpg
97,ice cube,00820_ice_cube,00820_ice_cube/ice_cube_09s.jpg,object_images/ice_cube/ice_cube_09s.jpg,20f82919344d0ef117c7cb2c96f203e013289546c9ae27f122733e646080204c,ice_cube_11s.jpg
97,ice cube,00820_ice_cube,00820_ice_cube/ice_cube_10s.jpg,object_images/ice_cube/ice_cube_10s.jpg,ab441d10e9047312aec83d50cbdedeb7d3a71410d105c36e165b0ddc3a502b18,ice_cube_11s.jpg
97,ice cube,00820_ice_cube,00820_ice_cube/ice_cube_12s.jpg,object_images/ice_cube/ice_cube_12s.jpg,b89cba81307c1c9ce8aa59524fa211eb5bceb955b06be1e7d24cdbe79bfad536,ice_cube_11s.jpg
97,ice cube,00820_ice_cube,00820_ice_cube/ice_cube_13s.jpg,object_images/ice_cube/ice_cube_13s.jpg,12980872b45be7b3180e9b4e095bc6f3c7a3c77763c7611b8e2025c62a58343c,ice_cube_11s.jpg
97,ice cube,00820_ice_cube,00820_ice_cube/ice_cube_14s.jpg,object_images/ice_cube/ice_cube_14s.jpg,ac07d83dcb405f106fc39294ea9f1736874f90ab59bc885a5a4a2d2348d614ad,ice_cube_11s.jpg
98,ice pack,00821_ice_pack,00821_ice_pack/ice_pack_02s.jpg,object_images/ice_pack/ice_pack_02s.jpg,740f2f6cc9ef73f78953e27854517eb0b4e06f1f43cc0141d08ddbed273783df,ice_pack_01b.jpg
98,ice pack,00821_ice_pack,00821_ice_pack/ice_pack_03s.jpg,object_images/ice_pack/ice_pack_03s.jpg,f92dcce368cb0ad395be90f7eae07aff0ff629a5d6b0c7b808b6e17517b6b905,ice_pack_01b.jpg
98,ice pack,00821_ice_pack,00821_ice_pack/ice_pack_04s.jpg,object_images/ice_pack/ice_pack_04s.jpg,64cb98c163b9f4e6f3ed236c2db342b10e6b40a3348f218b57366b5ba1ba0974,ice_pack_01b.jpg
98,ice pack,00821_ice_pack,00821_ice_pack/ice_pack_05s.jpg,object_images/ice_pack/ice_pack_05s.jpg,d507c72cd48d11f97d628eed3666c33674bf649a5dc3f4db70e2d8f3494e57ec,ice_pack_01b.jpg
98,ice pack,00821_ice_pack,00821_ice_pack/ice_pack_06s.jpg,object_images/ice_pack/ice_pack_06s.jpg,abd1e5078ea2ee70bb4c7b090784ff79ef788ad16e48a48de55869a60c8c522d,ice_pack_01b.jpg
98,ice pack,00821_ice_pack,00821_ice_pack/ice_pack_07s.jpg,object_images/ice_pack/ice_pack_07s.jpg,eac604fce3cd5480dc30806a9bc786d636c0b5da00883c39382a65f8a36cfa7e,ice_pack_01b.jpg
98,ice pack,00821_ice_pack,00821_ice_pack/ice_pack_08s.jpg,object_images/ice_pack/ice_pack_08s.jpg,7dae90e37e1697dec563b82a721c49ee6ca9c4ac588208fd8d14772c0ae24dfa,ice_pack_01b.jpg
98,ice pack,00821_ice_pack,00821_ice_pack/ice_pack_09s.jpg,object_images/ice_pack/ice_pack_09s.jpg,29d4c6c613fcff56adef6e6a7112e09fcd73b8c6ab0ca9e97cf1b690b7b374ea,ice_pack_01b.jpg
98,ice pack,00821_ice_pack,00821_ice_pack/ice_pack_10s.jpg,object_images/ice_pack/ice_pack_10s.jpg,aaa07f336d9eea07d6556db8e9db7a2455cfa15f6d70a78249fa7c7c6e503027,ice_pack_01b.jpg
98,ice pack,00821_ice_pack,00821_ice_pack/ice_pack_11s.jpg,object_images/ice_pack/ice_pack_11s.jpg,c3479306cf7f09370eabe587323c3a1567bb1bf10073f2a28cc67a1917401e06,ice_pack_01b.jpg
98,ice pack,00821_ice_pack,00821_ice_pack/ice_pack_12s.jpg,object_images/ice_pack/ice_pack_12s.jpg,21a4e3f7f2f42fb926042dc46ef3e6b8b7a54cb16f1af4fb4dc6c3bbcebba03f,ice_pack_01b.jpg
99,jeep,00844_jeep,00844_jeep/jeep_01b.jpg,object_images/jeep/jeep_01b.jpg,4f741e8a01e3e720094f2f37ee75193968cea1027873df20f128ea744e16e1e4,jeep_05s.jpg
99,jeep,00844_jeep,00844_jeep/jeep_02s.jpg,object_images/jeep/jeep_02s.jpg,953e3a7a09a11f0c62a3d3cc304a370fcf687942650c18ebab7ee1bba6c8d58a,jeep_05s.jpg
99,jeep,00844_jeep,00844_jeep/jeep_03s.jpg,object_images/jeep/jeep_03s.jpg,a58c258c2c67423b34341e636fba8798067dc6ad302e80c8736ebeb543af1695,jeep_05s.jpg
99,jeep,00844_jeep,00844_jeep/jeep_04s.jpg,object_images/jeep/jeep_04s.jpg,10767648dd27d5644d09ba40f3ca65df7c480abfd2a94e70860ac1f8d3a24fd8,jeep_05s.jpg
99,jeep,00844_jeep,00844_jeep/jeep_06s.jpg,object_images/jeep/jeep_06s.jpg,a7d650fb6c73ffec63949aa90464fe3f2ae2133016f55e5fcfc784447a2c41f6,jeep_05s.jpg
99,jeep,00844_jeep,00844_jeep/jeep_07s.jpg,object_images/jeep/jeep_07s.jpg,94a70a90983a75197909aec239381a7d3b58573bda5519e7aae1233a2c726183,jeep_05s.jpg
99,jeep,00844_jeep,00844_jeep/jeep_08s.jpg,object_images/jeep/jeep_08s.jpg,2ece7990eeb6423807ad6fbb49df14da1c11b597b57d046659d7d1bba5e40080,jeep_05s.jpg
99,jeep,00844_jeep,00844_jeep/jeep_09s.jpg,object_images/jeep/jeep_09s.jpg,2e52655d749dd497c42d91f011b9ae8e837db6e9970b668b9e0a283235a02fab,jeep_05s.jpg
99,jeep,00844_jeep,00844_jeep/jeep_10s.jpg,object_images/jeep/jeep_10s.jpg,222166ba4af242766fca52d4677aa529edeaf6a928003e261c2e084988a0c608,jeep_05s.jpg
99,jeep,00844_jeep,00844_jeep/jeep_11s.jpg,object_images/jeep/jeep_11s.jpg,c498e7c406e83d4b79c50db15477e04511cfc7e0710d37f8fd03a8304b5265d1,jeep_05s.jpg
99,jeep,00844_jeep,00844_jeep/jeep_12s.jpg,object_images/jeep/jeep_12s.jpg,1ebfffc89c9ce5d17bfaf17500cf6da4cbcaaac35374bb8386e789d31c0f3367,jeep_05s.jpg
99,jeep,00844_jeep,00844_jeep/jeep_13s.jpg,object_images/jeep/jeep_13s.jpg,e1899e2c924ce8b8709c7ba0fb2bbd6ba7d1c3d11303a652cadad9fdf7db92f9,jeep_05s.jpg
99,jeep,00844_jeep,00844_jeep/jeep_14s.jpg,object_images/jeep/jeep_14s.jpg,c3dde6020e89b2fc04c80bd5e34ea6149bb547c794bb47d99c10507fd2c160ae,jeep_05s.jpg
99,jeep,00844_jeep,00844_jeep/jeep_15s.jpg,object_images/jeep/jeep_15s.jpg,5e1614c0fbe55e8186d623155a0cab2fc88bbee64e5686bc4bebdd852b6f8144,jeep_05s.jpg
100,jelly bean,00845_jelly_bean,00845_jelly_bean/jelly_bean_01b.jpg,object_images/jelly_bean/jelly_bean_01b.jpg,e7e0cbbb125f557995efaf78cba0d7556ae75184406ba76b50825cab437249e7,jelly_bean_06s.jpg
100,jelly bean,00845_jelly_bean,00845_jelly_bean/jelly_bean_02s.jpg,object_images/jelly_bean/jelly_bean_02s.jpg,01ca4433e133a6e3c7b80fc8a34dfb2cd6e6ada767622a367c419edbf497889d,jelly_bean_06s.jpg
100,jelly bean,00845_jelly_bean,00845_jelly_bean/jelly_bean_03s.jpg,object_images/jelly_bean/jelly_bean_03s.jpg,0347fe361280620ab78d84c1cafba7ec791372e8beaeb143a089581f0f58d395,jelly_bean_06s.jpg
100,jelly bean,00845_jelly_bean,00845_jelly_bean/jelly_bean_04s.jpg,object_images/jelly_bean/jelly_bean_04s.jpg,affdcf7373b778992a3cc0902e2eba8d67751ebdb693de9b896fd1cb757d3c0b,jelly_bean_06s.jpg
100,jelly bean,00845_jelly_bean,00845_jelly_bean/jelly_bean_05s.jpg,object_images/jelly_bean/jelly_bean_05s.jpg,88caad6c539a7add122534a4ed0cb40f28b8daf331f522bb3fcce61013f1ee05,jelly_bean_06s.jpg
100,jelly bean,00845_jelly_bean,00845_jelly_bean/jelly_bean_07s.jpg,object_images/jelly_bean/jelly_bean_07s.jpg,b24af678b11683c77122d2475e70e93616fd532b17adab1e9e9d12f90aedf2eb,jelly_bean_06s.jpg
100,jelly bean,00845_jelly_bean,00845_jelly_bean/jelly_bean_08s.jpg,object_images/jelly_bean/jelly_bean_08s.jpg,b7a9664bf9e61ec6df8f4b8e29a1519036c35996b7279813222c7ac4e15459e5,jelly_bean_06s.jpg
100,jelly bean,00845_jelly_bean,00845_jelly_bean/jelly_bean_09s.jpg,object_images/jelly_bean/jelly_bean_09s.jpg,b45d22910029cd95c00723f65d8e0bba0db670d7d9adb3866425c94a90a0cbb3,jelly_bean_06s.jpg
100,jelly bean,00845_jelly_bean,00845_jelly_bean/jelly_bean_10s.jpg,object_images/jelly_bean/jelly_bean_10s.jpg,16d0ed237c9872710c8077207dd4de3c011c7bd84bdb687f084370153bf8177e,jelly_bean_06s.jpg
100,jelly bean,00845_jelly_bean,00845_jelly_bean/jelly_bean_11n.jpg,object_images/jelly_bean/jelly_bean_11n.jpg,75fcf0eeb46e02e98e63a6ae5180a32cb9eb89cf49d4562509e7e1a89da8e908,jelly_bean_06s.jpg
100,jelly bean,00845_jelly_bean,00845_jelly_bean/jelly_bean_12s.jpg,object_images/jelly_bean/jelly_bean_12s.jpg,14a85987e7d064ac2adb0b426faa814af9b349b3b98eb1cac6eea6330b463577,jelly_bean_06s.jpg
100,jelly bean,00845_jelly_bean,00845_jelly_bean/jelly_bean_13n.jpg,object_images/jelly_bean/jelly_bean_13n.jpg,e67d9749ce58ac9ee4bd268c18deb1fb7b8d5d8c4bb5611866ecba579cb80a9e,jelly_bean_06s.jpg
101,jukebox,00858_jukebox,00858_jukebox/jukebox_02s.jpg,object_images/jukebox/jukebox_02s.jpg,1330600c42e5811636108905e25199d1925969c527b0f0d79b08dad2443989e6,jukebox_01n.jpg
101,jukebox,00858_jukebox,00858_jukebox/jukebox_03n.jpg,object_images/jukebox/jukebox_03n.jpg,0b8018976bb0187f5bf2e36162da4ac65ea844e40c0cde9b56cb5e45ab57ad70,jukebox_01n.jpg
101,jukebox,00858_jukebox,00858_jukebox/jukebox_04s.jpg,object_images/jukebox/jukebox_04s.jpg,538f933859ad0027b91a90bf4e23bcf7caa383e69a16d0e8b683ba8a77eff1e8,jukebox_01n.jpg
101,jukebox,00858_jukebox,00858_jukebox/jukebox_05s.jpg,object_images/jukebox/jukebox_05s.jpg,f3cfe07b0ca2feee1c410e21acbdef1a309e07b40488efb10c67120c85130716,jukebox_01n.jpg
101,jukebox,00858_jukebox,00858_jukebox/jukebox_06s.jpg,object_images/jukebox/jukebox_06s.jpg,468f3d1542c3a8dce6208a4878743eaa6073cb9b592edea589ef9b0e26808a73,jukebox_01n.jpg
101,jukebox,00858_jukebox,00858_jukebox/jukebox_07s.jpg,object_images/jukebox/jukebox_07s.jpg,f4402e94e7c9e51729f44bb197d3e13a21f9a31a1ea0e24b28771ff1106060dc,jukebox_01n.jpg
101,jukebox,00858_jukebox,00858_jukebox/jukebox_08s.jpg,object_images/jukebox/jukebox_08s.jpg,0917e43ebf13d02e1f5f8933c493388c10579c49c0a197e9852dd28b34272e87,jukebox_01n.jpg
101,jukebox,00858_jukebox,00858_jukebox/jukebox_09s.jpg,object_images/jukebox/jukebox_09s.jpg,417ae99c471318d5976a5c8932e3beac203803619fe998c37819fd7bfa7d21a9,jukebox_01n.jpg
101,jukebox,00858_jukebox,00858_jukebox/jukebox_10s.jpg,object_images/jukebox/jukebox_10s.jpg,f6777bb7401b37b833db080fd85abdfd5c9ffddaefd3f65d6897d90fad6ae6e1,jukebox_01n.jpg
101,jukebox,00858_jukebox,00858_jukebox/jukebox_11s.jpg,object_images/jukebox/jukebox_11s.jpg,64db034a91440ab2433d75e886019aa389e63d86289743222e9af9759303e55c,jukebox_01n.jpg
101,jukebox,00858_jukebox,00858_jukebox/jukebox_12n.jpg,object_images/jukebox/jukebox_12n.jpg,8437133f5c08e29159487c20320e2cf61bdb4223eed5c5eeae571ad743dd643c,jukebox_01n.jpg
101,jukebox,00858_jukebox,00858_jukebox/jukebox_13s.jpg,object_images/jukebox/jukebox_13s.jpg,7544a3714d8b1be30174399cfc6ddb56566d32e372c0e57197ea0ca32ad30a5f,jukebox_01n.jpg
102,kettle,00869_kettle,00869_kettle/kettle_01b.jpg,object_images/kettle/kettle_01b.jpg,d5b3c3e78985279d3b000f77082222fdcb3e3f1f4c6e3126e695d02ce8a22c45,kettle_03n.jpg
102,kettle,00869_kettle,00869_kettle/kettle_02s.jpg,object_images/kettle/kettle_02s.jpg,f8f3ed4a5ed1cefd070f1f35f4f277f34d6092973fa11f95cb8d54ad53d85230,kettle_03n.jpg
102,kettle,00869_kettle,00869_kettle/kettle_04n.jpg,object_images/kettle/kettle_04n.jpg,6e377f7aad6a94a720b42c005ae8d46d99b88896e795a3b6344528133f8241cd,kettle_03n.jpg
102,kettle,00869_kettle,00869_kettle/kettle_05s.jpg,object_images/kettle/kettle_05s.jpg,ebbad71db4e5cfcecc1ad98613821d33f6d4fe6ebcd3367dfe3729bf0066e319,kettle_03n.jpg
102,kettle,00869_kettle,00869_kettle/kettle_06s.jpg,object_images/kettle/kettle_06s.jpg,d00357d3d6c6b5719387b1dab6fe1eacc21b233fc9d4ddadc6fde5158bcad907,kettle_03n.jpg
102,kettle,00869_kettle,00869_kettle/kettle_07s.jpg,object_images/kettle/kettle_07s.jpg,3859e7c6462e1189a252c4045691ff211ef89ee55d90f85e67609c453edef97c,kettle_03n.jpg
102,kettle,00869_kettle,00869_kettle/kettle_08s.jpg,object_images/kettle/kettle_08s.jpg,d2df62327bd1917ace2b852eca2fb7765d8140220c17e3fe29345e69aea58847,kettle_03n.jpg
102,kettle,00869_kettle,00869_kettle/kettle_09s.jpg,object_images/kettle/kettle_09s.jpg,9dc938a3894dbe4e468d398e3d4ebdc18ecb5812a93299d71a9c1d08e8d66df2,kettle_03n.jpg
102,kettle,00869_kettle,00869_kettle/kettle_10s.jpg,object_images/kettle/kettle_10s.jpg,287088380509593934047b03dc08ae9dfb6fe109a019d8401002b97a05a7fbdd,kettle_03n.jpg
102,kettle,00869_kettle,00869_kettle/kettle_11s.jpg,object_images/kettle/kettle_11s.jpg,e114385c89e0f12ab70eab638ff049c4395daf9c4bf05cc36bb4ac04225b1892,kettle_03n.jpg
102,kettle,00869_kettle,00869_kettle/kettle_12s.jpg,object_images/kettle/kettle_12s.jpg,d61d82c36b06d9a82824ae4a91dd1af3cdda00f7c23c0df2e9ec0053a4629dd3,kettle_03n.jpg
102,kettle,00869_kettle,00869_kettle/kettle_13n.jpg,object_images/kettle/kettle_13n.jpg,9f4874d64f09946285fc4c5e071a698d876d6fc358b91ed9eb41ca4eb6231f29,kettle_03n.jpg
102,kettle,00869_kettle,00869_kettle/kettle_14n.jpg,object_images/kettle/kettle_14n.jpg,fb38fc7ae19ac0a37e734c3b91099261b4ffb74290f18c26a87460b4dfbf4736,kettle_03n.jpg
102,kettle,00869_kettle,00869_kettle/kettle_15n.jpg,object_images/kettle/kettle_15n.jpg,a083cae99a7d3e7d8eefc8f9b2e30e8dafb8e4b104c9a12642c8dc0ed8358283,kettle_03n.jpg
103,kneepad,00879_kneepad,00879_kneepad/kneepad_01b.jpg,object_images/kneepad/kneepad_01b.jpg,171171d027a75a21e702338f6d245def7deefc43c30acaf9a0e21e07de2a97cf,kneepad_12s.jpg
103,kneepad,00879_kneepad,00879_kneepad/kneepad_02s.jpg,object_images/kneepad/kneepad_02s.jpg,876de8f6b5359517cfd9ef5291d6a48dd5cf94a484b49f2bf31beb5338db4123,kneepad_12s.jpg
103,kneepad,00879_kneepad,00879_kneepad/kneepad_03s.jpg,object_images/kneepad/kneepad_03s.jpg,1335afdaae993a73eed0faeff4a8e7b66f08e3e4a9d4fea52e24e428ad37d47b,kneepad_12s.jpg
103,kneepad,00879_kneepad,00879_kneepad/kneepad_04s.jpg,object_images/kneepad/kneepad_04s.jpg,178cc6e8c84cee1006e973dc35429c8a2d20176b481f39db98d0a83e474bebfc,kneepad_12s.jpg
103,kneepad,00879_kneepad,00879_kneepad/kneepad_05s.jpg,object_images/kneepad/kneepad_05s.jpg,fe531453eb90b9d5dc89ed1529c3c9d086163017e2d7d239628798ff0fbee04e,kneepad_12s.jpg
103,kneepad,00879_kneepad,00879_kneepad/kneepad_06s.jpg,object_images/kneepad/kneepad_06s.jpg,1c5e1185e22cd83d2aa66e43a7ef9b1c42d8491cdef970fd4e3f548543fc8739,kneepad_12s.jpg
103,kneepad,00879_kneepad,00879_kneepad/kneepad_07s.jpg,object_images/kneepad/kneepad_07s.jpg,7ed12e041c8d763bca15106eb106c5a977b13edfcc83227d47100a0e3bc6b1db,kneepad_12s.jpg
103,kneepad,00879_kneepad,00879_kneepad/kneepad_08s.jpg,object_images/kneepad/kneepad_08s.jpg,0d34ff362dd881522f4443c097685495fcba8c892fab622229ed8a945c06fe4d,kneepad_12s.jpg
103,kneepad,00879_kneepad,00879_kneepad/kneepad_09s.jpg,object_images/kneepad/kneepad_09s.jpg,f207acc6ae2e521a4d10ac465808721eabf4cf18fde46dcc954d14685d1342c7,kneepad_12s.jpg
103,kneepad,00879_kneepad,00879_kneepad/kneepad_10s.jpg,object_images/kneepad/kneepad_10s.jpg,2ed764a4fa0e2e1ac98ed3b6ef015d59b12c191671a2bcd0f798194c083488e1,kneepad_12s.jpg
103,kneepad,00879_kneepad,00879_kneepad/kneepad_11s.jpg,object_images/kneepad/kneepad_11s.jpg,9074c348d8febbfc978377e7eb1d622ce103078c5cba4edeee96a1a70bf2866c,kneepad_12s.jpg
103,kneepad,00879_kneepad,00879_kneepad/kneepad_13s.jpg,object_images/kneepad/kneepad_13s.jpg,1da7a3a4fd6c57fde0a793ed774089312d1ff7ed0f1d97a1ba1e38281b3a49c3,kneepad_12s.jpg
103,kneepad,00879_kneepad,00879_kneepad/kneepad_14s.jpg,object_images/kneepad/kneepad_14s.jpg,8e7c2738a849408cd5d43a88de2a81d732468b475a0ff04530fd29c3a70eca45,kneepad_12s.jpg
103,kneepad,00879_kneepad,00879_kneepad/kneepad_15s.jpg,object_images/kneepad/kneepad_15s.jpg,7d2745686ef8bb6b41ec16afc181ea078c81332d246a30837c8c353a25755572,kneepad_12s.jpg
103,kneepad,00879_kneepad,00879_kneepad/kneepad_16s.jpg,object_images/kneepad/kneepad_16s.jpg,915c9d92e1d5f3b863acadbf376d783bd787e541a27553ba7459e23c8e18344d,kneepad_12s.jpg
104,ladle,00888_ladle,00888_ladle/ladle_01b.jpg,object_images/ladle/ladle_01b.jpg,924014dbf1426befe026a00c9b4e348735b127d9ff81b98068fc7193a9936167,ladle_13s.jpg
104,ladle,00888_ladle,00888_ladle/ladle_02s.jpg,object_images/ladle/ladle_02s.jpg,c33ee44aaf2cfd5f399e20e8bba14b40952dbaedd0cfa26fc1dbb91f754ab1b7,ladle_13s.jpg
104,ladle,00888_ladle,00888_ladle/ladle_03s.jpg,object_images/ladle/ladle_03s.jpg,cfbb1ced4122da19079c87aa5f5c3c25370054d711b6ceaa4826fc2542e11f70,ladle_13s.jpg
104,ladle,00888_ladle,00888_ladle/ladle_04s.jpg,object_images/ladle/ladle_04s.jpg,6f4177ae260b1907e4fdf31b94bc70e619adb213abc10e86aeaad4fe65a6f3ff,ladle_13s.jpg
104,ladle,00888_ladle,00888_ladle/ladle_05s.jpg,object_images/ladle/ladle_05s.jpg,556bda8b0cb185c301b56b6e318a5736d199d634c00ae601fe96103153549be8,ladle_13s.jpg
104,ladle,00888_ladle,00888_ladle/ladle_06s.jpg,object_images/ladle/ladle_06s.jpg,c1d6e42762f6346a27b5955a23569fcc1f6ef9e000abef004d3f7a8b1dbc2cc7,ladle_13s.jpg
104,ladle,00888_ladle,00888_ladle/ladle_07s.jpg,object_images/ladle/ladle_07s.jpg,6207c411a31110bee32ec37c752ed1b5ba077e6fce06a1e5fe4aad0e47a09897,ladle_13s.jpg
104,ladle,00888_ladle,00888_ladle/ladle_08s.jpg,object_images/ladle/ladle_08s.jpg,5d90b8a5cd67289d14b24749e654d58832d2bfdda463ab8f89b3b8ba6b14fdb7,ladle_13s.jpg
104,ladle,00888_ladle,00888_ladle/ladle_09s.jpg,object_images/ladle/ladle_09s.jpg,e1af6497ccb2cf800a16d205e54fa67021e1e68f3dfc1af559927e908c16dd7e,ladle_13s.jpg
104,ladle,00888_ladle,00888_ladle/ladle_10s.jpg,object_images/ladle/ladle_10s.jpg,dc737989a6b6d1cc1ed152bd96a482b0ec1e2370adc419a6a0e9f99b315d6e5b,ladle_13s.jpg
104,ladle,00888_ladle,00888_ladle/ladle_11s.jpg,object_images/ladle/ladle_11s.jpg,7880e5998d96a8defa3e69abc93ccca9c1590049289a4e1abeacd03be8d8e9f5,ladle_13s.jpg
104,ladle,00888_ladle,00888_ladle/ladle_12s.jpg,object_images/ladle/ladle_12s.jpg,db2d8c0b5e8a326a7d86df109b578cec1691e235ce55a7336d66bdb1e101ee55,ladle_13s.jpg
105,lamb,00890_lamb,00890_lamb/lamb_02s.jpg,object_images/lamb/lamb_02s.jpg,98722733893fb2f3e7d2f993097a405bc88cd7bb513625ec26ebd707982ca6c8,lamb_01b.jpg
105,lamb,00890_lamb,00890_lamb/lamb_03s.jpg,object_images/lamb/lamb_03s.jpg,08b07a771c75a88739d92988a0ac04b762a55af5681beed078dda3ce8646350d,lamb_01b.jpg
105,lamb,00890_lamb,00890_lamb/lamb_04s.jpg,object_images/lamb/lamb_04s.jpg,7c01c02d2c2f6f7f7887b82d87a80f2b32034a46a06d53bb6a96767b8f6e9978,lamb_01b.jpg
105,lamb,00890_lamb,00890_lamb/lamb_05s.jpg,object_images/lamb/lamb_05s.jpg,93bba51680190a597738c4342b15ff6acb734527778fbe04402534668d19ac1a,lamb_01b.jpg
105,lamb,00890_lamb,00890_lamb/lamb_06s.jpg,object_images/lamb/lamb_06s.jpg,3016692e662d44749bb9afafcb9d1df712fa3508af7f452b2dae1c4d7c6514ab,lamb_01b.jpg
105,lamb,00890_lamb,00890_lamb/lamb_07s.jpg,object_images/lamb/lamb_07s.jpg,ab2d80f98ea64094a442c787a2bcb6bd323c62fb7646b2a7873eaa3deeb1241d,lamb_01b.jpg
105,lamb,00890_lamb,00890_lamb/lamb_08s.jpg,object_images/lamb/lamb_08s.jpg,44fc630c4c67fc3a5e9a200c59ec781ff18c45e529ae5caf17f8bc94ef46e4b5,lamb_01b.jpg
105,lamb,00890_lamb,00890_lamb/lamb_09s.jpg,object_images/lamb/lamb_09s.jpg,8c2c5056f49e09365babf193b31869ca1c8ab86051e5d6f1ca6521b47a64b359,lamb_01b.jpg
105,lamb,00890_lamb,00890_lamb/lamb_10s.jpg,object_images/lamb/lamb_10s.jpg,cddfba2a5e0fee0fa540b0d7627c388fc0d3bf20531338fc47c1e4b8ea47e676,lamb_01b.jpg
105,lamb,00890_lamb,00890_lamb/lamb_11s.jpg,object_images/lamb/lamb_11s.jpg,dbc595c25bf8d8748417bac3a1b38160f6df18481920f8907a8b2907c4d6bcdd,lamb_01b.jpg
105,lamb,00890_lamb,00890_lamb/lamb_12s.jpg,object_images/lamb/lamb_12s.jpg,b3c8af4896237e3c23abc9510c64bd91f6817d237d0632b1b82fe42c8219a9c6,lamb_01b.jpg
105,lamb,00890_lamb,00890_lamb/lamb_13s.jpg,object_images/lamb/lamb_13s.jpg,490431e944aa46ef1677487a99b61b916a0ca0745af727eb091b82449027362a,lamb_01b.jpg
105,lamb,00890_lamb,00890_lamb/lamb_14s.jpg,object_images/lamb/lamb_14s.jpg,b6138d42d9b15fb5565ebd9e72b86d5839bd09e8398e66d9850b019623a79e3c,lamb_01b.jpg
105,lamb,00890_lamb,00890_lamb/lamb_15s.jpg,object_images/lamb/lamb_15s.jpg,c13b926e6f36fd7a7b1c158e2dbac6867404804480d71e7cd0af19052e1b021b,lamb_01b.jpg
105,lamb,00890_lamb,00890_lamb/lamb_16s.jpg,object_images/lamb/lamb_16s.jpg,286500184a013205ba1f1c892a970590498bb3a262365874d64d590fa827ecf5,lamb_01b.jpg
106,lampshade,00894_lampshade,00894_lampshade/lampshade_01b.jpg,object_images/lampshade/lampshade_01b.jpg,72e5aed191112f34e002519bd24706e558e5a55b159ccbefc26e95fc67353b13,lampshade_05s.jpg
106,lampshade,00894_lampshade,00894_lampshade/lampshade_02s.jpg,object_images/lampshade/lampshade_02s.jpg,595ac3ec647e5f2d87006188a7e78f695a69ee415722bf6cf96795ef1ea9d1b8,lampshade_05s.jpg
106,lampshade,00894_lampshade,00894_lampshade/lampshade_03s.jpg,object_images/lampshade/lampshade_03s.jpg,144aeb930ce0044c47f80bcc788b57dbf1df4616305798a256cd94e1cdefe9d2,lampshade_05s.jpg
106,lampshade,00894_lampshade,00894_lampshade/lampshade_04s.jpg,object_images/lampshade/lampshade_04s.jpg,e21530fa4f34aba764cb3e7ba343f6ae7e1597415083cb19c83003ae2062b06b,lampshade_05s.jpg
106,lampshade,00894_lampshade,00894_lampshade/lampshade_06s.jpg,object_images/lampshade/lampshade_06s.jpg,fdec925eb7482079d88a88c1ccc7215d7c45d46aa4f3ff810a9b35773a3b4c33,lampshade_05s.jpg
106,lampshade,00894_lampshade,00894_lampshade/lampshade_07s.jpg,object_images/lampshade/lampshade_07s.jpg,8983e2c600af7336f147cc5ce2ccb44fae27956f95a8c0b51a99f526cac6eac6,lampshade_05s.jpg
106,lampshade,00894_lampshade,00894_lampshade/lampshade_08s.jpg,object_images/lampshade/lampshade_08s.jpg,713baebf01a19094171d2bbcd5e26fe834aefb836acad3fac89a708fa861cb24,lampshade_05s.jpg
106,lampshade,00894_lampshade,00894_lampshade/lampshade_09s.jpg,object_images/lampshade/lampshade_09s.jpg,f7449437f9576c8ecdd63a05c7b993f0c700d3e3f5d0434b8a6bfddc4bb665d1,lampshade_05s.jpg
106,lampshade,00894_lampshade,00894_lampshade/lampshade_10s.jpg,object_images/lampshade/lampshade_10s.jpg,df999334619624ab84f66b4a198b515fc98b1f42cb7693e2185cac3627ac6586,lampshade_05s.jpg
106,lampshade,00894_lampshade,00894_lampshade/lampshade_11s.jpg,object_images/lampshade/lampshade_11s.jpg,68ae680d74e495a774a903066a6d77d578ef1b7784daca19f343992862bdf220,lampshade_05s.jpg
106,lampshade,00894_lampshade,00894_lampshade/lampshade_12s.jpg,object_images/lampshade/lampshade_12s.jpg,049942291214b04272cef6946d153bdcb9cec4e3a0cc9270568e1d990e54c2a2,lampshade_05s.jpg
107,laundry basket,00903_laundry_basket,00903_laundry_basket/laundry_basket_01b.jpg,object_images/laundry_basket/laundry_basket_01b.jpg,7170e714aef96d67c514f62dffc41cf77c520a8b357753b7f15f0da4c60278e2,laundry_basket_12s.jpg
107,laundry basket,00903_laundry_basket,00903_laundry_basket/laundry_basket_02s.jpg,object_images/laundry_basket/laundry_basket_02s.jpg,f8ee45d8851dde63031f18e4ae40394e84ffee5ef68d72eb565c7fbf7162b783,laundry_basket_12s.jpg
107,laundry basket,00903_laundry_basket,00903_laundry_basket/laundry_basket_03s.jpg,object_images/laundry_basket/laundry_basket_03s.jpg,fa6b42ebb2ced66ddc0450ddd407cdc28426fb44f2d3709387dba4375e9c7a4d,laundry_basket_12s.jpg
107,laundry basket,00903_laundry_basket,00903_laundry_basket/laundry_basket_04s.jpg,object_images/laundry_basket/laundry_basket_04s.jpg,b22a8a221bec6064d41913737a6cdefd86e35ab26c29177ef83c1034f27b2c12,laundry_basket_12s.jpg
107,laundry basket,00903_laundry_basket,00903_laundry_basket/laundry_basket_05s.jpg,object_images/laundry_basket/laundry_basket_05s.jpg,c4448b795431a13ebdf6f0676e468b03689de94bedc9d282841a6d709e82ed29,laundry_basket_12s.jpg
107,laundry basket,00903_laundry_basket,00903_laundry_basket/laundry_basket_06s.jpg,object_images/laundry_basket/laundry_basket_06s.jpg,de4b2c55894ee3493fe672198836bedd9dbe72b05a432cc34a500507653ced9e,laundry_basket_12s.jpg
107,laundry basket,00903_laundry_basket,00903_laundry_basket/laundry_basket_07s.jpg,object_images/laundry_basket/laundry_basket_07s.jpg,21cdd8806bb73b3a77bbb97fb02e459a0d83e225623b7e391cc34bf618937182,laundry_basket_12s.jpg
107,laundry basket,00903_laundry_basket,00903_laundry_basket/laundry_basket_08s.jpg,object_images/laundry_basket/laundry_basket_08s.jpg,f62ba70581cb8b3c288ed356fbd92b9b9292ba98d16bb51647846e3d1557ad78,laundry_basket_12s.jpg
107,laundry basket,00903_laundry_basket,00903_laundry_basket/laundry_basket_09s.jpg,object_images/laundry_basket/laundry_basket_09s.jpg,f7e04ae9187f54e50fbf86ebc0290ec7f3f9145c91f30e1abbb453febb9b797f,laundry_basket_12s.jpg
107,laundry basket,00903_laundry_basket,00903_laundry_basket/laundry_basket_10s.jpg,object_images/laundry_basket/laundry_basket_10s.jpg,4ebbf224e1744f4cf0271a2c1140c7b664568455b4ea5d6553c283010249b131,laundry_basket_12s.jpg
107,laundry basket,00903_laundry_basket,00903_laundry_basket/laundry_basket_11s.jpg,object_images/laundry_basket/laundry_basket_11s.jpg,2b26652826bd0ebdaad21fa63899cebf1f9fb6e7df4b6fbb03b4f7d6ecee3126,laundry_basket_12s.jpg
108,lettuce,00921_lettuce,00921_lettuce/lettuce_01b.jpg,object_images/lettuce/lettuce_01b.jpg,232e3b6d998d7c37407d4bf2168db5a027df18045715210981e529a677d3088f,lettuce_05n.jpg
108,lettuce,00921_lettuce,00921_lettuce/lettuce_02n.jpg,object_images/lettuce/lettuce_02n.jpg,4b74ca4a34a72db9b69244d7e83305f7ba6edf72fd6f81a9f1b3ea76829c4631,lettuce_05n.jpg
108,lettuce,00921_lettuce,00921_lettuce/lettuce_03n.jpg,object_images/lettuce/lettuce_03n.jpg,5c94c3bbc2d0a9331a5864dedbb90d36f9a67b43245e12fe7404161ece5aebcd,lettuce_05n.jpg
108,lettuce,00921_lettuce,00921_lettuce/lettuce_04n.jpg,object_images/lettuce/lettuce_04n.jpg,23a8e92eba95cedf6d2932f3fb7672751e4d805b96c1f17dec09ff3c8105fcc6,lettuce_05n.jpg
108,lettuce,00921_lettuce,00921_lettuce/lettuce_06n.jpg,object_images/lettuce/lettuce_06n.jpg,93fac420b9d9fd66024c22720921f8c11830e58f302ef1a9df115bb2781e034c,lettuce_05n.jpg
108,lettuce,00921_lettuce,00921_lettuce/lettuce_07n.jpg,object_images/lettuce/lettuce_07n.jpg,5655283426fd11e72d891d547ae51faac39db1d2844412db58e4882e447c7db5,lettuce_05n.jpg
108,lettuce,00921_lettuce,00921_lettuce/lettuce_08n.jpg,object_images/lettuce/lettuce_08n.jpg,28d31861814290b809496f8789acada9ed9fdb3b0df27b5f0e4324fe3b5f0599,lettuce_05n.jpg
108,lettuce,00921_lettuce,00921_lettuce/lettuce_09s.jpg,object_images/lettuce/lettuce_09s.jpg,96045a25242b8ec357f9d6164ce49c878a6ce24cda632edee247b28417bb1e1e,lettuce_05n.jpg
108,lettuce,00921_lettuce,00921_lettuce/lettuce_10n.jpg,object_images/lettuce/lettuce_10n.jpg,5b56f281efcac7e150e51e48a2edcd5caf5217f34fb9fcd5cfe1d1fa96fc8b8a,lettuce_05n.jpg
108,lettuce,00921_lettuce,00921_lettuce/lettuce_11s.jpg,object_images/lettuce/lettuce_11s.jpg,e7d6ccfb43f5b4b90f98d0a26b38e569ff66ba44596c78f6dfe783bd1bab7c32,lettuce_05n.jpg
108,lettuce,00921_lettuce,00921_lettuce/lettuce_12s.jpg,object_images/lettuce/lettuce_12s.jpg,3a0e2a61e8612a0e41635085778f2a7addbfb3b7b29dfcad199f1e2d0e9ff821,lettuce_05n.jpg
109,lightning bug,00930_lightning_bug,00930_lightning_bug/lightning_bug_01s.jpg,object_images/lightning_bug/lightning_bug_01s.jpg,49c394025c556ddb2678a08dd367dfcc86d65fb28c15355765daa55fbfa3a1aa,lightning_bug_11s.jpg
109,lightning bug,00930_lightning_bug,00930_lightning_bug/lightning_bug_02s.jpg,object_images/lightning_bug/lightning_bug_02s.jpg,bb9be1753d063b37b574c17b19bd24414a22652f694b01224d2a05b1d022a082,lightning_bug_11s.jpg
109,lightning bug,00930_lightning_bug,00930_lightning_bug/lightning_bug_03s.jpg,object_images/lightning_bug/lightning_bug_03s.jpg,a8af2e0029fd0f2c1bfaa004446c4b67fd66eb710f80404697eaef8b90145588,lightning_bug_11s.jpg
109,lightning bug,00930_lightning_bug,00930_lightning_bug/lightning_bug_04s.jpg,object_images/lightning_bug/lightning_bug_04s.jpg,f1ed04d37f62b2975582425d6d80f19cf7b204be371681382be3dd98530d48f8,lightning_bug_11s.jpg
109,lightning bug,00930_lightning_bug,00930_lightning_bug/lightning_bug_05s.jpg,object_images/lightning_bug/lightning_bug_05s.jpg,3c26758d3ba0fdc393dfdaca79c0b056819110981a19301d5006b228bd2a8b27,lightning_bug_11s.jpg
109,lightning bug,00930_lightning_bug,00930_lightning_bug/lightning_bug_06s.jpg,object_images/lightning_bug/lightning_bug_06s.jpg,8a9b25411f5972e49151b138af5f1eb0bc98c1cdf30868b63b2ee465fbb22114,lightning_bug_11s.jpg
109,lightning bug,00930_lightning_bug,00930_lightning_bug/lightning_bug_07s.jpg,object_images/lightning_bug/lightning_bug_07s.jpg,651c771773d80a34ac0eb41ef5302f6112b5b8eedb3fc9a28b24c0531b058387,lightning_bug_11s.jpg
109,lightning bug,00930_lightning_bug,00930_lightning_bug/lightning_bug_08s.jpg,object_images/lightning_bug/lightning_bug_08s.jpg,5da0a34baab058a392dbc77a3c7fcedd94900a98381c81b9f0152b5cd9d10da1,lightning_bug_11s.jpg
109,lightning bug,00930_lightning_bug,00930_lightning_bug/lightning_bug_09s.jpg,object_images/lightning_bug/lightning_bug_09s.jpg,a9d9d307c9156e5055958e5a974dc44f98f8755a12529022c136f0d0b035953c,lightning_bug_11s.jpg
109,lightning bug,00930_lightning_bug,00930_lightning_bug/lightning_bug_10s.jpg,object_images/lightning_bug/lightning_bug_10s.jpg,1e2e687f1b83aaba0e15b0991b229ea55036b3815829f4aec7f515f0f9a2d4c9,lightning_bug_11s.jpg
109,lightning bug,00930_lightning_bug,00930_lightning_bug/lightning_bug_12s.jpg,object_images/lightning_bug/lightning_bug_12s.jpg,f7e6b8a42ad383a0f38fd7b1b74f48603a978dd0c305c8fe264f96c684c79eb3,lightning_bug_11s.jpg
110,manatee,00965_manatee,00965_manatee/manatee_01b.jpg,object_images/manatee/manatee_01b.jpg,6cd20993d7974e140f8cc8aedee92526faf0783c65babc7083c5978aae96b02a,manatee_05s.jpg
110,manatee,00965_manatee,00965_manatee/manatee_02s.jpg,object_images/manatee/manatee_02s.jpg,ba5850ce02f74d9722e0e38a7fce45029b7052cd3904792382cab340fe5db815,manatee_05s.jpg
110,manatee,00965_manatee,00965_manatee/manatee_03s.jpg,object_images/manatee/manatee_03s.jpg,34d9a42f4c8d4c2a1860382d7daba5cb0586d6ce42bf01a696cf9cd67107d9f1,manatee_05s.jpg
110,manatee,00965_manatee,00965_manatee/manatee_04s.jpg,object_images/manatee/manatee_04s.jpg,5192e05428eb258e30f47d2fb31df2cd6f69ab39d9e998ff353d992ff41f163e,manatee_05s.jpg
110,manatee,00965_manatee,00965_manatee/manatee_06s.jpg,object_images/manatee/manatee_06s.jpg,a11dcbdf25f82ee686c6622fd606c6b81565af4f82b96b862334533d5b912843,manatee_05s.jpg
110,manatee,00965_manatee,00965_manatee/manatee_07s.jpg,object_images/manatee/manatee_07s.jpg,f768ee628152c2d78fb8ecdbd690886f96c386be5ab54d175181c43957bc326f,manatee_05s.jpg
110,manatee,00965_manatee,00965_manatee/manatee_08n.jpg,object_images/manatee/manatee_08n.jpg,8cf1bb6f0104e7e4f314dc75f748731267cbc589ef59e52146205cb1dda69756,manatee_05s.jpg
110,manatee,00965_manatee,00965_manatee/manatee_09s.jpg,object_images/manatee/manatee_09s.jpg,09086c3c49de9b54d5fce419be6b9951fd8e096d6a0de9eb38c1a3946b74ab66,manatee_05s.jpg
110,manatee,00965_manatee,00965_manatee/manatee_10n.jpg,object_images/manatee/manatee_10n.jpg,eecf4d2faf2d16c87fce7f5c2f9d08ed78070cebf73b82f73c4255ae491d4090,manatee_05s.jpg
110,manatee,00965_manatee,00965_manatee/manatee_11s.jpg,object_images/manatee/manatee_11s.jpg,d94c6fe1d6019ee7b3a9201bb86bf527e919ca405835bc7bae34493f04c866df,manatee_05s.jpg
110,manatee,00965_manatee,00965_manatee/manatee_12s.jpg,object_images/manatee/manatee_12s.jpg,dc267871380a02c679028451284b3558c70cd3d62892ea3448c747f0995179fc,manatee_05s.jpg
111,marijuana,00975_marijuana,00975_marijuana/marijuana_01b.jpg,object_images/marijuana/marijuana_01b.jpg,5c66bd6cbe21735925b3aff32b06aec9581e9317f1dea3d586a571f966b8155d,marijuana_13s.jpg
111,marijuana,00975_marijuana,00975_marijuana/marijuana_02s.jpg,object_images/marijuana/marijuana_02s.jpg,9c25df1c286539d86ae2ec37e190c0f4c3e28cb6e75c2ccb8ae0d0ebd131396e,marijuana_13s.jpg
111,marijuana,00975_marijuana,00975_marijuana/marijuana_03s.jpg,object_images/marijuana/marijuana_03s.jpg,3a3292817c3edb030dcf7106f418283c3fe88cc0115d4411fc426d939e92ac52,marijuana_13s.jpg
111,marijuana,00975_marijuana,00975_marijuana/marijuana_04s.jpg,object_images/marijuana/marijuana_04s.jpg,a78b5ab60eaff0170e09dab2f66bc00dfe6e455327afdba9a8c64d7006c51930,marijuana_13s.jpg
111,marijuana,00975_marijuana,00975_marijuana/marijuana_05s.jpg,object_images/marijuana/marijuana_05s.jpg,5d9c01eeb290cb45dbe68577d8404e866a49aaed4158b32ceff8aef129f82760,marijuana_13s.jpg
111,marijuana,00975_marijuana,00975_marijuana/marijuana_06n.jpg,object_images/marijuana/marijuana_06n.jpg,08a64c10061163869479037249b9384e3186efef6af0efae0427c21e2055caa9,marijuana_13s.jpg
111,marijuana,00975_marijuana,00975_marijuana/marijuana_07s.jpg,object_images/marijuana/marijuana_07s.jpg,b3812e42b693d50050af56fabf251090788bc40eb87489141ffac3b8018d4dd1,marijuana_13s.jpg
111,marijuana,00975_marijuana,00975_marijuana/marijuana_08s.jpg,object_images/marijuana/marijuana_08s.jpg,64230d01f2e7c20d45dde5a75e96638056e2a851874b657265bad9d6692d6533,marijuana_13s.jpg
111,marijuana,00975_marijuana,00975_marijuana/marijuana_09s.jpg,object_images/marijuana/marijuana_09s.jpg,86e3886572e010efba6fe753b355ddd6bdeaf700ef8036043c843cf8c1fafd30,marijuana_13s.jpg
111,marijuana,00975_marijuana,00975_marijuana/marijuana_10s.jpg,object_images/marijuana/marijuana_10s.jpg,ddf0b64ac5f55c37127c8f6327347c9d8e3935b5fdb4029fe30ab4c344a6c1f1,marijuana_13s.jpg
111,marijuana,00975_marijuana,00975_marijuana/marijuana_11s.jpg,object_images/marijuana/marijuana_11s.jpg,1d0348ce4ba60b6f1245290e3e360098116dd95428aaed80997c4da189b61aa0,marijuana_13s.jpg
111,marijuana,00975_marijuana,00975_marijuana/marijuana_12s.jpg,object_images/marijuana/marijuana_12s.jpg,fde83c48ae110aeca9437fbb9323c5ef9e037a49d039f040e147d87f727a4ecf,marijuana_13s.jpg
111,marijuana,00975_marijuana,00975_marijuana/marijuana_14s.jpg,object_images/marijuana/marijuana_14s.jpg,a5493d24eed5a625b203bd59273b3c7830e865e4c7e24f742fb5af2d06cbf06d,marijuana_13s.jpg
112,meatloaf,00991_meatloaf,00991_meatloaf/meatloaf_01s.jpg,object_images/meatloaf/meatloaf_01s.jpg,ca7211eca8365df8d1fd2226d019325214d119802fdf44d332b7114d33ba2fb8,meatloaf_12s.jpg
112,meatloaf,00991_meatloaf,00991_meatloaf/meatloaf_02s.jpg,object_images/meatloaf/meatloaf_02s.jpg,df6be6712a8eb0133ee917b0d81ba18037488705b0c62be1ae83c4a47c62e709,meatloaf_12s.jpg
112,meatloaf,00991_meatloaf,00991_meatloaf/meatloaf_03s.jpg,object_images/meatloaf/meatloaf_03s.jpg,96203bdcb7f533c0f0d4310ffc6316ad9687a76ac5b9f6ac6855bd37dfbbaf1f,meatloaf_12s.jpg
112,meatloaf,00991_meatloaf,00991_meatloaf/meatloaf_04s.jpg,object_images/meatloaf/meatloaf_04s.jpg,eff67c36d20def0d63068d28b661040874c2ed62b874f5df348060b166ed2166,meatloaf_12s.jpg
112,meatloaf,00991_meatloaf,00991_meatloaf/meatloaf_05s.jpg,object_images/meatloaf/meatloaf_05s.jpg,03c8034e50b05089b95b0e7dfbe3479d4bc800679ca9115c57c6ce46fb285efb,meatloaf_12s.jpg
112,meatloaf,00991_meatloaf,00991_meatloaf/meatloaf_06s.jpg,object_images/meatloaf/meatloaf_06s.jpg,d2d649222c3d2490e894c665fc2478ddb90a580cd0c0e04f1c08c52e8a0b1ecb,meatloaf_12s.jpg
112,meatloaf,00991_meatloaf,00991_meatloaf/meatloaf_07s.jpg,object_images/meatloaf/meatloaf_07s.jpg,51373c971640218531737326472826e3b54ae34c623fa41d97160aae2e6cef22,meatloaf_12s.jpg
112,meatloaf,00991_meatloaf,00991_meatloaf/meatloaf_08s.jpg,object_images/meatloaf/meatloaf_08s.jpg,c75e361c7e2b70d35ea5fa0dab57f4af4ac0eb4376f12d042806dfd9eca42061,meatloaf_12s.jpg
112,meatloaf,00991_meatloaf,00991_meatloaf/meatloaf_09s.jpg,object_images/meatloaf/meatloaf_09s.jpg,47ef5e5e3332993d012fb5d97532d060a387523117b2f1df305d4b323f9ac7dd,meatloaf_12s.jpg
112,meatloaf,00991_meatloaf,00991_meatloaf/meatloaf_10s.jpg,object_images/meatloaf/meatloaf_10s.jpg,22cb18d6268cec73f017cc76e19817b71304ca7299d48a2a19ef453a097d4c5e,meatloaf_12s.jpg
112,meatloaf,00991_meatloaf,00991_meatloaf/meatloaf_11s.jpg,object_images/meatloaf/meatloaf_11s.jpg,3d29ae83d762ec7c15c16cb030536b8b0a0289f79453d9ae517f32e0fb151705,meatloaf_12s.jpg
113,metal detector,00997_metal_detector,00997_metal_detector/metal_detector_01b.jpg,object_images/metal_detector/metal_detector_01b.jpg,cffc209386081814002afb7f6b858ab9d1e491fac0277f2c5a4c97d660f747c2,metal_detector_02s.jpg
113,metal detector,00997_metal_detector,00997_metal_detector/metal_detector_03s.jpg,object_images/metal_detector/metal_detector_03s.jpg,f45535dbfb6a92bd57b91d1957e82ebd68f8849bd7cd598acebe43727fa95036,metal_detector_02s.jpg
113,metal detector,00997_metal_detector,00997_metal_detector/metal_detector_04s.jpg,object_images/metal_detector/metal_detector_04s.jpg,cd4d282fc27869e1449165645a1ee39ff93f3b19b4d91604731382895cd8d806,metal_detector_02s.jpg
113,metal detector,00997_metal_detector,00997_metal_detector/metal_detector_05s.jpg,object_images/metal_detector/metal_detector_05s.jpg,330ca7e92cc20ff654893125cd61ee15a21a8538fec55c05a7bb2e79c05f71c8,metal_detector_02s.jpg
113,metal detector,00997_metal_detector,00997_metal_detector/metal_detector_06s.jpg,object_images/metal_detector/metal_detector_06s.jpg,743a5a3f670a2f934d057c4ea05db9c696be3635d3580363ecf37258e2175638,metal_detector_02s.jpg
113,metal detector,00997_metal_detector,00997_metal_detector/metal_detector_07s.jpg,object_images/metal_detector/metal_detector_07s.jpg,c8120b7170145179b6814cf4bc0fbbd8dc9f1a1268c42a4c16718d670cec0ab4,metal_detector_02s.jpg
113,metal detector,00997_metal_detector,00997_metal_detector/metal_detector_08s.jpg,object_images/metal_detector/metal_detector_08s.jpg,a55e46640b900689561aa9d9b63c60327bf4481ce0a8104029d04c7e03ce6f48,metal_detector_02s.jpg
113,metal detector,00997_metal_detector,00997_metal_detector/metal_detector_09s.jpg,object_images/metal_detector/metal_detector_09s.jpg,204fc780fd4a8ddb784b8c20a91067fe1a90e62a9e25a89ebac1a8da64a62114,metal_detector_02s.jpg
113,metal detector,00997_metal_detector,00997_metal_detector/metal_detector_10s.jpg,object_images/metal_detector/metal_detector_10s.jpg,3f33bb705929f36c077f86072dc687c1eddff21c8f460c796ebe938dbc9ec319,metal_detector_02s.jpg
113,metal detector,00997_metal_detector,00997_metal_detector/metal_detector_11s.jpg,object_images/metal_detector/metal_detector_11s.jpg,c7eea2523cadc5cc8b95414f816a17695cf04f80403cf87ffe40bd4b1cdd0338,metal_detector_02s.jpg
113,metal detector,00997_metal_detector,00997_metal_detector/metal_detector_12s.jpg,object_images/metal_detector/metal_detector_12s.jpg,02af7de068fc5ad72c5f221f2a49f26ee0a2e326be29620d532e4db27ab54f8a,metal_detector_02s.jpg
114,minivan,01004_minivan,01004_minivan/minivan_01b.jpg,object_images/minivan/minivan_01b.jpg,2921abea23b3078249a8ddd062b35ffca53b4f6e8eccb5a9d826831e9b8c42d0,minivan_17s.jpg
114,minivan,01004_minivan,01004_minivan/minivan_02s.jpg,object_images/minivan/minivan_02s.jpg,a61e8db5c7eee343476fad485d50de2eec89f7b6d6750e8b471726441fa323c0,minivan_17s.jpg
114,minivan,01004_minivan,01004_minivan/minivan_03s.jpg,object_images/minivan/minivan_03s.jpg,4958de82bf6645e065ffb11957b3bb3ec17ddbfd344c2c693db5199ff76c64d6,minivan_17s.jpg
114,minivan,01004_minivan,01004_minivan/minivan_04s.jpg,object_images/minivan/minivan_04s.jpg,70a3140787781d97ade830ce955a5a54b2f53d100a76e4fabcd15b90f73554b6,minivan_17s.jpg
114,minivan,01004_minivan,01004_minivan/minivan_05s.jpg,object_images/minivan/minivan_05s.jpg,ab1d6ee8fa8a9015697ff12032ad5730e6665ee92a1e7a4ce1adbb9191b46624,minivan_17s.jpg
114,minivan,01004_minivan,01004_minivan/minivan_06s.jpg,object_images/minivan/minivan_06s.jpg,d42dc58feae5fb13b461115bafe8c6de812053951639a442252aa66494cdee9e,minivan_17s.jpg
114,minivan,01004_minivan,01004_minivan/minivan_07s.jpg,object_images/minivan/minivan_07s.jpg,f83d29826b02b696e9365479b310943686536d15d5bea5d771a187503d933b83,minivan_17s.jpg
114,minivan,01004_minivan,01004_minivan/minivan_08s.jpg,object_images/minivan/minivan_08s.jpg,3214ab47fab25c33e3e7fb404a938715bdee2df5cf526f0b04bd3d679f49a30e,minivan_17s.jpg
114,minivan,01004_minivan,01004_minivan/minivan_09s.jpg,object_images/minivan/minivan_09s.jpg,52665717e927f944da08323ad1c6a373da152d2828aae5368ac13517e35d1cea,minivan_17s.jpg
114,minivan,01004_minivan,01004_minivan/minivan_10s.jpg,object_images/minivan/minivan_10s.jpg,a24f4dbfa34742bbdc46b517107fe33e7333d1c529b12573eebb4a1d4cf3009a,minivan_17s.jpg
114,minivan,01004_minivan,01004_minivan/minivan_11s.jpg,object_images/minivan/minivan_11s.jpg,99005562611428fbffaf1dab01e75ae81530e858eb2e3f1e6c8a32610a8c8b87,minivan_17s.jpg
114,minivan,01004_minivan,01004_minivan/minivan_12s.jpg,object_images/minivan/minivan_12s.jpg,601bb3671aae2d3b01b49b8ec780ee3046a168d5b2ede31685a158c440cad4de,minivan_17s.jpg
114,minivan,01004_minivan,01004_minivan/minivan_13s.jpg,object_images/minivan/minivan_13s.jpg,5ce5198067f739f4667e4febe868ddf997d188762c24ed6ab3ee1903b182c4c4,minivan_17s.jpg
114,minivan,01004_minivan,01004_minivan/minivan_14s.jpg,object_images/minivan/minivan_14s.jpg,ccea04ea063b85e058289c923d91b922ffeca794a05ed1e4c8d3f3ed6a4e439a,minivan_17s.jpg
114,minivan,01004_minivan,01004_minivan/minivan_15s.jpg,object_images/minivan/minivan_15s.jpg,28a51a0f1282aff774196f016703e1b4bbebe88ad37ed8b492c208edbe5cf775,minivan_17s.jpg
114,minivan,01004_minivan,01004_minivan/minivan_16s.jpg,object_images/minivan/minivan_16s.jpg,8f5fcac7482309e2ac404516b60d898dae64001c2f272cdeb30a32f56f93a6b1,minivan_17s.jpg
114,minivan,01004_minivan,01004_minivan/minivan_18s.jpg,object_images/minivan/minivan_18s.jpg,85d1b62e2a5d20fd1e63cee22a95794d176a91b22cfeb597ae925d095170c464,minivan_17s.jpg
114,minivan,01004_minivan,01004_minivan/minivan_19s.jpg,object_images/minivan/minivan_19s.jpg,7b2bcd6dcea918cbe8aecbaf766a363f34c1f6570bbb3200cfffa20f45b3f74a,minivan_17s.jpg
115,modem,01012_modem,01012_modem/modem_01b.jpg,object_images/modem/modem_01b.jpg,0c3c3ae207aae179e5d95e270bb5fc4be149c766b21d7fe70edfd2061fe58a1a,modem_04s.jpg
115,modem,01012_modem,01012_modem/modem_02s.jpg,object_images/modem/modem_02s.jpg,dbe596903ab6ae8a65216e09e87f0676e81d62791d290444433eef06b4a0735f,modem_04s.jpg
115,modem,01012_modem,01012_modem/modem_03s.jpg,object_images/modem/modem_03s.jpg,d012063ad8838a627a4ca3ffdd78933e0caf3145dae2e1adcdfb24299c101174,modem_04s.jpg
115,modem,01012_modem,01012_modem/modem_05s.jpg,object_images/modem/modem_05s.jpg,e50f14f3e32122ec01779b5278f324ec0bde939327d71c62838b6882621ed6a3,modem_04s.jpg
115,modem,01012_modem,01012_modem/modem_06s.jpg,object_images/modem/modem_06s.jpg,bd47f1d3632c873fe5141be2cc93083d3dfe7fd996ccf8cd7050ad33978bddf1,modem_04s.jpg
115,modem,01012_modem,01012_modem/modem_07s.jpg,object_images/modem/modem_07s.jpg,2e9e5fa00ed8b47263844e3f7a02bfdd3f91c15118110bd1acbeac668c9b1075,modem_04s.jpg
115,modem,01012_modem,01012_modem/modem_08s.jpg,object_images/modem/modem_08s.jpg,e26bdeb1daf4cd07a7e7cdb4d64d6d0f3ba9d6acd8114aed0c0f9de6dc646750,modem_04s.jpg
115,modem,01012_modem,01012_modem/modem_09s.jpg,object_images/modem/modem_09s.jpg,f26199546f861608bbc9cb7971c8e9ddfa7f9674ebbb32248766f375b4bdded3,modem_04s.jpg
115,modem,01012_modem,01012_modem/modem_10s.jpg,object_images/modem/modem_10s.jpg,c56b680de7b7b8cd74c09d51c2899248cac3ec801eda2b998c0e5ba030c7c436,modem_04s.jpg
115,modem,01012_modem,01012_modem/modem_11s.jpg,object_images/modem/modem_11s.jpg,8db6823e7ed2fd53738abe853e03b89b843bf44f1754d89b75f498672c2048f5,modem_04s.jpg
115,modem,01012_modem,01012_modem/modem_12s.jpg,object_images/modem/modem_12s.jpg,e0f69424b76a4f3520273019f7980f963df541eddef7c4e34dbea0a68718255b,modem_04s.jpg
116,mosquito,01021_mosquito,01021_mosquito/mosquito_01b.jpg,object_images/mosquito/mosquito_01b.jpg,eae188f33e717aaeb8f240135782491b3a965c89583ae4c3b1807abe84b8faa5,mosquito_02s.jpg
116,mosquito,01021_mosquito,01021_mosquito/mosquito_03s.jpg,object_images/mosquito/mosquito_03s.jpg,28b3e51a1fc68f16c06403dd97ba6c510d75c73dee55c662d1fa962a79567103,mosquito_02s.jpg
116,mosquito,01021_mosquito,01021_mosquito/mosquito_04s.jpg,object_images/mosquito/mosquito_04s.jpg,1efeb2de04e52e66a3400b1937db899849ab3b6029bd56ab3da47ffbe52c91ee,mosquito_02s.jpg
116,mosquito,01021_mosquito,01021_mosquito/mosquito_05s.jpg,object_images/mosquito/mosquito_05s.jpg,e500a0da756fa5e82980aae47f8423dd71a57e2822ebcb4f1c11e5ea65879782,mosquito_02s.jpg
116,mosquito,01021_mosquito,01021_mosquito/mosquito_06s.jpg,object_images/mosquito/mosquito_06s.jpg,1d4cba83f66415028f03ace6723dbdfae3fbcbb11d814c1b508b9bfed709bd4d,mosquito_02s.jpg
116,mosquito,01021_mosquito,01021_mosquito/mosquito_07s.jpg,object_images/mosquito/mosquito_07s.jpg,7dc8de12744d21961a08be711d1541e12398656550a5b90b5469983fdd0c3034,mosquito_02s.jpg
116,mosquito,01021_mosquito,01021_mosquito/mosquito_08s.jpg,object_images/mosquito/mosquito_08s.jpg,d2b53ad9df292873a965c9d98bcfd630114ddeb392cbedde7f9edd67fa52a3d5,mosquito_02s.jpg
116,mosquito,01021_mosquito,01021_mosquito/mosquito_09s.jpg,object_images/mosquito/mosquito_09s.jpg,a2ff2b34e0559104b0d1506e2cacc1c7ed424e60455140a1f7fdf115905e9f09,mosquito_02s.jpg
116,mosquito,01021_mosquito,01021_mosquito/mosquito_10s.jpg,object_images/mosquito/mosquito_10s.jpg,f4206905ea48cf343123bf630d14f465dad1ad5755ca72836bb27987b89f84ca,mosquito_02s.jpg
116,mosquito,01021_mosquito,01021_mosquito/mosquito_11s.jpg,object_images/mosquito/mosquito_11s.jpg,a246a36f6a697a92662909a449032b202f56ffb7e4fe7a90ae125d8dbe47331c,mosquito_02s.jpg
116,mosquito,01021_mosquito,01021_mosquito/mosquito_12s.jpg,object_images/mosquito/mosquito_12s.jpg,b55b0cf5679ac819130e238d55d6aed46ff43d3332517e08f29e3cfaa0c21394,mosquito_02s.jpg
116,mosquito,01021_mosquito,01021_mosquito/mosquito_13n.jpg,object_images/mosquito/mosquito_13n.jpg,dcd0b65d82f5103ecc4c1e2ccd2cb11f912ed49a154f6da48812501421583d2a,mosquito_02s.jpg
116,mosquito,01021_mosquito,01021_mosquito/mosquito_14n.jpg,object_images/mosquito/mosquito_14n.jpg,d3b985f2ab2def6f290aafeca125732c0f313bf398feae5cd6a0061c4c8c8c1a,mosquito_02s.jpg
116,mosquito,01021_mosquito,01021_mosquito/mosquito_15n.jpg,object_images/mosquito/mosquito_15n.jpg,71a2d1ae29afed0dded375bd67cabfa190b6fd5bc5fc02ed36323c1c495a3131,mosquito_02s.jpg
116,mosquito,01021_mosquito,01021_mosquito/mosquito_16n.jpg,object_images/mosquito/mosquito_16n.jpg,e685ea5638cc5510c3b2bd6213b97b28f89bdcd087c8a1d540b9e09ff16a48b9,mosquito_02s.jpg
116,mosquito,01021_mosquito,01021_mosquito/mosquito_17n.jpg,object_images/mosquito/mosquito_17n.jpg,65819d8c9e1ccb50d051e43dbc1f96a49bef533a2e8cebbb510fd59a516df5c5,mosquito_02s.jpg
116,mosquito,01021_mosquito,01021_mosquito/mosquito_18n.jpg,object_images/mosquito/mosquito_18n.jpg,0294da9d8620d03d45e66b9848f2a0f064bde7465e2f105a53c2a1252b2e6356,mosquito_02s.jpg
116,mosquito,01021_mosquito,01021_mosquito/mosquito_19n.jpg,object_images/mosquito/mosquito_19n.jpg,93190adc2c5a1c0143cd8c531888d3231514b2aca60e16fdb6b804a10a6af689,mosquito_02s.jpg
117,muff,01035_muff,01035_muff/muff_01b.jpg,object_images/muff/muff_01b.jpg,72f69eb03475fa8a5a78576aad1421f9dde07d22e082984e527031fcb3d70964,muff_12s.jpg
117,muff,01035_muff,01035_muff/muff_02s.jpg,object_images/muff/muff_02s.jpg,f66f7b56eb129d370ada8c3c57560cb03a91601cdd370f6a3275a6cd328ade36,muff_12s.jpg
117,muff,01035_muff,01035_muff/muff_03s.jpg,object_images/muff/muff_03s.jpg,7074eecc31aebfb0b896df3cbd776178a043d677ff33c10c524b7859c30d91a0,muff_12s.jpg
117,muff,01035_muff,01035_muff/muff_04s.jpg,object_images/muff/muff_04s.jpg,4c3830f551bb2a73156d3d21196e4199de5d8ec8ef9479250bb814349e57999e,muff_12s.jpg
117,muff,01035_muff,01035_muff/muff_05s.jpg,object_images/muff/muff_05s.jpg,c5a87a965bbc52b2e95bda9d4a5060dd13ed3d86ebd22095b37f27f16c891d96,muff_12s.jpg
117,muff,01035_muff,01035_muff/muff_06s.jpg,object_images/muff/muff_06s.jpg,fcce49202bb0f4e4442f584d794b861610d619700b276d5394a4ad53d5b9263e,muff_12s.jpg
117,muff,01035_muff,01035_muff/muff_07s.jpg,object_images/muff/muff_07s.jpg,d13d9f5087ad75c658a4fbe4f4c44666e504de6413ad67f577a142f6ee565dc6,muff_12s.jpg
117,muff,01035_muff,01035_muff/muff_08s.jpg,object_images/muff/muff_08s.jpg,a9fd7028aa7514eb6e540afb36d7d9932cfcce9e571208206d15f0e51345745a,muff_12s.jpg
117,muff,01035_muff,01035_muff/muff_09s.jpg,object_images/muff/muff_09s.jpg,f87264b5d755bc4144d8d90dc8e1a802516e1c9cf8d3b3dd2c851ca2677f700c,muff_12s.jpg
117,muff,01035_muff,01035_muff/muff_10s.jpg,object_images/muff/muff_10s.jpg,8c4b5535981b552d28b4e9762bfca414f7443561e1fcf18a06d4bd1f0a9c4c29,muff_12s.jpg
117,muff,01035_muff,01035_muff/muff_11s.jpg,object_images/muff/muff_11s.jpg,a692b1a80f5f2c3ddd3a93c8a7299eb9c9f4cdf96cd324302c4a5a706630be74,muff_12s.jpg
118,music box,01042_music_box,01042_music_box/music_box_01b.jpg,object_images/music_box/music_box_01b.jpg,b5c13617a22ebe3575bf23320c9ad8008fdd99e592126ef526db53a07ce06c9a,music_box_06s.jpg
118,music box,01042_music_box,01042_music_box/music_box_02s.jpg,object_images/music_box/music_box_02s.jpg,caf8fd76b5779460d09ab5b55e98453ff869e949c578ee3dea3044f092028953,music_box_06s.jpg
118,music box,01042_music_box,01042_music_box/music_box_03s.jpg,object_images/music_box/music_box_03s.jpg,14f454f0e1bd62926fbe5d8a3c9de9e2f30510c4de12225b9e8e5357c1489ee4,music_box_06s.jpg
118,music box,01042_music_box,01042_music_box/music_box_04s.jpg,object_images/music_box/music_box_04s.jpg,da4dd8aaac3e21e7be0019c6b3cc89027053577c4efb91e9efd02f9e30ca5858,music_box_06s.jpg
118,music box,01042_music_box,01042_music_box/music_box_05s.jpg,object_images/music_box/music_box_05s.jpg,552ed1ad5e224395285817d4d142b25fcf394929a837b99fcd4c9b0271b475fd,music_box_06s.jpg
118,music box,01042_music_box,01042_music_box/music_box_07s.jpg,object_images/music_box/music_box_07s.jpg,09b9ce1b424dca42cf56e6b283965fa5b7272e6d3bca7b114f93e16a841a2335,music_box_06s.jpg
118,music box,01042_music_box,01042_music_box/music_box_08s.jpg,object_images/music_box/music_box_08s.jpg,b8653488e7deb01d2189dfd8b6ecf339b3b0e766c63c24e5ec5a3c14b40ef76d,music_box_06s.jpg
118,music box,01042_music_box,01042_music_box/music_box_09s.jpg,object_images/music_box/music_box_09s.jpg,70ee3ea6006e9a56e2c4f1bd3d8bf018f3475dc9dee7b8c19ce25f963d181ca2,music_box_06s.jpg
118,music box,01042_music_box,01042_music_box/music_box_10s.jpg,object_images/music_box/music_box_10s.jpg,ab5622df634eed8b377b742a7877119fe297f610bc9ffedfd69f67499ab85132,music_box_06s.jpg
118,music box,01042_music_box,01042_music_box/music_box_11s.jpg,object_images/music_box/music_box_11s.jpg,77618db0efb5246642f4bf076f89b572e2cb62bd33deca3ce9ace6a72a90af03,music_box_06s.jpg
118,music box,01042_music_box,01042_music_box/music_box_12s.jpg,object_images/music_box/music_box_12s.jpg,9a0b5bf23dc1db5bd96684f64c14bab4a6a2cb2d9527829334a4c1ed13b77c37,music_box_06s.jpg
118,music box,01042_music_box,01042_music_box/music_box_13s.jpg,object_images/music_box/music_box_13s.jpg,2d052c32daab426f75d01f38c367fd93518131c98b3feab7824e31a9b18e9df1,music_box_06s.jpg
118,music box,01042_music_box,01042_music_box/music_box_14s.jpg,object_images/music_box/music_box_14s.jpg,b2e675fef25a9cd1e1d251f9f07a851e7ebd261bf522c6de700b66ad7c604b89,music_box_06s.jpg
119,mussel,01043_mussel,01043_mussel/mussel_01b.jpg,object_images/mussel/mussel_01b.jpg,f2a35e1de4041377e92253297e2b852993d7bc6574d9ab8bcc187fb4ac0a3505,mussel_11s.jpg
119,mussel,01043_mussel,01043_mussel/mussel_02s.jpg,object_images/mussel/mussel_02s.jpg,01f565331299a1e3b87dee3867a27af4fb42dedfc581dbaa0a19823c3d7699b0,mussel_11s.jpg
119,mussel,01043_mussel,01043_mussel/mussel_03s.jpg,object_images/mussel/mussel_03s.jpg,fafb218cbc6732371ae8aead5e53d492fbb6cf8bdff0e4bdc41161780d38ba05,mussel_11s.jpg
119,mussel,01043_mussel,01043_mussel/mussel_04s.jpg,object_images/mussel/mussel_04s.jpg,72f0bdaff3e47588dd6540cf6f244f887e119982df0945005bbb629c3cd8aba4,mussel_11s.jpg
119,mussel,01043_mussel,01043_mussel/mussel_05s.jpg,object_images/mussel/mussel_05s.jpg,2d2487f533d26afe5c7ee3e871d3b17ecacdfb43590b916e1e2fa7b4753056d6,mussel_11s.jpg
119,mussel,01043_mussel,01043_mussel/mussel_06s.jpg,object_images/mussel/mussel_06s.jpg,4e304730fb569ab34ecf627d92e9d43986f96746f716b95ad4e02e02ecb70713,mussel_11s.jpg
119,mussel,01043_mussel,01043_mussel/mussel_07s.jpg,object_images/mussel/mussel_07s.jpg,c9461168649089182389a1d1a5f02fe53a9df905070f2e368f5902798dcca06d,mussel_11s.jpg
119,mussel,01043_mussel,01043_mussel/mussel_08s.jpg,object_images/mussel/mussel_08s.jpg,c637f40bb4fcae81077556a0008d72340f620f7818d8744711a1525e9a44e3e8,mussel_11s.jpg
119,mussel,01043_mussel,01043_mussel/mussel_09s.jpg,object_images/mussel/mussel_09s.jpg,63d2695edc7e0c841b6fb2d075d5f61b1958afedf3191fe6c90115438cb5c135,mussel_11s.jpg
119,mussel,01043_mussel,01043_mussel/mussel_10s.jpg,object_images/mussel/mussel_10s.jpg,0d23f77710e4707d4d42ff88cc965db03532e744db5147c77a16e9c83822e78b,mussel_11s.jpg
119,mussel,01043_mussel,01043_mussel/mussel_12s.jpg,object_images/mussel/mussel_12s.jpg,25c94ec0fbf75eda08d5eae46407e17159b95026469880952cadc6c789356551,mussel_11s.jpg
119,mussel,01043_mussel,01043_mussel/mussel_13s.jpg,object_images/mussel/mussel_13s.jpg,89011e86ca6f2a42b1f611937d2a85b2e29ce2329c3edb1e9aefb9b75b934e56,mussel_11s.jpg
119,mussel,01043_mussel,01043_mussel/mussel_14s.jpg,object_images/mussel/mussel_14s.jpg,e88e421ea00fa6c688f353c3741647fd79a0a0d8d41d5f5b216df132e886d718,mussel_11s.jpg
120,nightstand,01060_nightstand,01060_nightstand/nightstand_01b.jpg,object_images/nightstand/nightstand_01b.jpg,96a60c4f700571e9b77756156410fdaa46fc498668476abedca0835e86ab9da9,nightstand_05s.jpg
120,nightstand,01060_nightstand,01060_nightstand/nightstand_02s.jpg,object_images/nightstand/nightstand_02s.jpg,e97aef8f14b2220d985078e81a7c04dee60a8d7a6bc6e962463e5a80b537a85c,nightstand_05s.jpg
120,nightstand,01060_nightstand,01060_nightstand/nightstand_03s.jpg,object_images/nightstand/nightstand_03s.jpg,f2eb88abdba3e25672e313cc368885cd6e63780f49246011c0230593470248a6,nightstand_05s.jpg
120,nightstand,01060_nightstand,01060_nightstand/nightstand_04s.jpg,object_images/nightstand/nightstand_04s.jpg,169ff39d68645eb09c93a5f8554ceccd7924ce814fbca61aec4400036f281a6c,nightstand_05s.jpg
120,nightstand,01060_nightstand,01060_nightstand/nightstand_06s.jpg,object_images/nightstand/nightstand_06s.jpg,6c85876179def558c8d2f15e0acbd7b2b05a6e526f55dc64dceca33581d5dcd9,nightstand_05s.jpg
120,nightstand,01060_nightstand,01060_nightstand/nightstand_07s.jpg,object_images/nightstand/nightstand_07s.jpg,bd8dc0feb29a49742098da612a49f9d254204bea3fb28d6ee0e22ea1e5a810bd,nightstand_05s.jpg
120,nightstand,01060_nightstand,01060_nightstand/nightstand_08s.jpg,object_images/nightstand/nightstand_08s.jpg,3d800b3f1c8acf2b13859747a331c9813cde0bd0bb893c82935a75dbcb87f771,nightstand_05s.jpg
120,nightstand,01060_nightstand,01060_nightstand/nightstand_09s.jpg,object_images/nightstand/nightstand_09s.jpg,c70ca8f62ee13c31a84ff192fcc51ceefafca5c38c4483f58dcfd38b9c577597,nightstand_05s.jpg
120,nightstand,01060_nightstand,01060_nightstand/nightstand_10s.jpg,object_images/nightstand/nightstand_10s.jpg,841c1e35bc1d42297e02630897c45f53ceed2f6f7755398eeb9cb76c1d84751b,nightstand_05s.jpg
120,nightstand,01060_nightstand,01060_nightstand/nightstand_11s.jpg,object_images/nightstand/nightstand_11s.jpg,c81334c8fde06afce1eab3e76553e01423ee65de8d229104c1b231262e4e1e0e,nightstand_05s.jpg
120,nightstand,01060_nightstand,01060_nightstand/nightstand_12s.jpg,object_images/nightstand/nightstand_12s.jpg,44280824396c67c4523153b8b5d50645e402d8953881f6953ed32e4de5242274,nightstand_05s.jpg
120,nightstand,01060_nightstand,01060_nightstand/nightstand_13s.jpg,object_images/nightstand/nightstand_13s.jpg,c7c4f8725c6a10f87a7283e9f76dc9356fc92ac3a9e1844b2935cb6fa01e1c9c,nightstand_05s.jpg
120,nightstand,01060_nightstand,01060_nightstand/nightstand_14s.jpg,object_images/nightstand/nightstand_14s.jpg,88208e746a43a0f091e7bada8e12fdc896a7719b30398743343f0e5e4f89733a,nightstand_05s.jpg
121,okra,01075_okra,01075_okra/okra_01b.jpg,object_images/okra/okra_01b.jpg,3b9a2a9f88d2f7190e6447a00e563ff50128bc55e5dcfaaa43acc13a31c2af5e,okra_14n.jpg
121,okra,01075_okra,01075_okra/okra_02n.jpg,object_images/okra/okra_02n.jpg,2c6b956c1dd7c4bdcc62b8323f09bbe6e65937022ce0e90f29fd00fb1054304e,okra_14n.jpg
121,okra,01075_okra,01075_okra/okra_03s.jpg,object_images/okra/okra_03s.jpg,1c06751aa108f3c8e83d14f94da3651dc02a9683bc0404a845a1dfefd9f649b0,okra_14n.jpg
121,okra,01075_okra,01075_okra/okra_04s.jpg,object_images/okra/okra_04s.jpg,377c4d8c4c5893a4088d9d69cf00132d6b51155e3b6f696ab122ea3ce0c576d2,okra_14n.jpg
121,okra,01075_okra,01075_okra/okra_05s.jpg,object_images/okra/okra_05s.jpg,9f36fc821150ae6ef9398bb674eebed8743931bc7de67f65d093ae087151950b,okra_14n.jpg
121,okra,01075_okra,01075_okra/okra_06s.jpg,object_images/okra/okra_06s.jpg,7e2174c9c63e9ae2556b64fbe17d54436d40cd340ecd992fc0cc4497cd92314e,okra_14n.jpg
121,okra,01075_okra,01075_okra/okra_07s.jpg,object_images/okra/okra_07s.jpg,f34b1d7a02cf7bb524c7e71b198bd93370331a980b02f20fa03ab23f94446a70,okra_14n.jpg
121,okra,01075_okra,01075_okra/okra_08s.jpg,object_images/okra/okra_08s.jpg,542fb24bfea94950ff8d772402f80980c4dfe8f6f4c06e848e19ae3a18306494,okra_14n.jpg
121,okra,01075_okra,01075_okra/okra_09s.jpg,object_images/okra/okra_09s.jpg,755785efac8418ac5c51e16290a7f096a6562a10e9b2c7b9ac7d2c3ad473792d,okra_14n.jpg
121,okra,01075_okra,01075_okra/okra_10s.jpg,object_images/okra/okra_10s.jpg,574c0d017e377f3620fe5bcad4c7d609a1c79c740abdc2ac2f138ce74ba44f7e,okra_14n.jpg
121,okra,01075_okra,01075_okra/okra_11n.jpg,object_images/okra/okra_11n.jpg,684cf8a179560b34b429e05d83ed3a7263668d1d3fe95e0bd05c132e18d9662c,okra_14n.jpg
121,okra,01075_okra,01075_okra/okra_12s.jpg,object_images/okra/okra_12s.jpg,13e176f7339005f203290c2964339beab52e60757ea4a1c6df596bef14c26ca4,okra_14n.jpg
121,okra,01075_okra,01075_okra/okra_13n.jpg,object_images/okra/okra_13n.jpg,7154e5974d4371dcd4e30c2f54023aa1e4bf421ba817e7c6077538b2dc04802b,okra_14n.jpg
121,okra,01075_okra,01075_okra/okra_15n.jpg,object_images/okra/okra_15n.jpg,a1fc0a745f05f04853b6a2f3d33caaee1d5f14db7d931431bf95582d996cfdad,okra_14n.jpg
122,omelet,01077_omelet,01077_omelet/omelet_01b.jpg,object_images/omelet/omelet_01b.jpg,ac4b2f449e39087ae6b2b8e30849f3d3b58461d7b19521ee68dfd4c61b9cfa96,omelet_10s.jpg
122,omelet,01077_omelet,01077_omelet/omelet_02s.jpg,object_images/omelet/omelet_02s.jpg,d80b51759bc7694fda8fad1497a4c42a5ccf0307080b12f6001031cc0ee74994,omelet_10s.jpg
122,omelet,01077_omelet,01077_omelet/omelet_03s.jpg,object_images/omelet/omelet_03s.jpg,2f16b0ca94e42e8c6ef3e64ec7084daa58e58d61ec8dd596c73308411f064812,omelet_10s.jpg
122,omelet,01077_omelet,01077_omelet/omelet_04n.jpg,object_images/omelet/omelet_04n.jpg,171d9add001d0385f01f68aad30c3e82ba98f60c4c1702fcb30e125d949f7101,omelet_10s.jpg
122,omelet,01077_omelet,01077_omelet/omelet_05s.jpg,object_images/omelet/omelet_05s.jpg,a3f3f0100ae863f69ba23ed7715d9b170c8243d970b36bb0289450d2504e05ef,omelet_10s.jpg
122,omelet,01077_omelet,01077_omelet/omelet_06s.jpg,object_images/omelet/omelet_06s.jpg,b8aadfbdab7f67310ef8343fb3f9cf431bcbdfc5ce257483245f28e5416bcd85,omelet_10s.jpg
122,omelet,01077_omelet,01077_omelet/omelet_07s.jpg,object_images/omelet/omelet_07s.jpg,3db696b785c01a751bb91a9c73d279009da4645ec6db456422360019a7b4f889,omelet_10s.jpg
122,omelet,01077_omelet,01077_omelet/omelet_08s.jpg,object_images/omelet/omelet_08s.jpg,71ff96177c0035d710ab37ea428249bfee4379559b0844b10141eeff114ea6e8,omelet_10s.jpg
122,omelet,01077_omelet,01077_omelet/omelet_09n.jpg,object_images/omelet/omelet_09n.jpg,85aa000743c9e4400d8fcc911154371baf067f33457a5247d2228788a1c3b8ad,omelet_10s.jpg
122,omelet,01077_omelet,01077_omelet/omelet_11s.jpg,object_images/omelet/omelet_11s.jpg,07ffbfba43794bb2797ea9e12300e5ab7a668b5c672de60d19d274b153bef171,omelet_10s.jpg
122,omelet,01077_omelet,01077_omelet/omelet_12s.jpg,object_images/omelet/omelet_12s.jpg,f2db2c5cd5b5c03c947438f48321cba7e4d68646ac4c1cab39e731c83b87b636,omelet_10s.jpg
122,omelet,01077_omelet,01077_omelet/omelet_13s.jpg,object_images/omelet/omelet_13s.jpg,9c9cceea049f6971ec7e2de723b7bc7918fea4a9699518ebe5e2c247aac537d4,omelet_10s.jpg
122,omelet,01077_omelet,01077_omelet/omelet_14s.jpg,object_images/omelet/omelet_14s.jpg,da2af7e82bc56ab91c35ffd5604cfdb2e57681cefedfbd5f075aa551aaee9f3e,omelet_10s.jpg
122,omelet,01077_omelet,01077_omelet/omelet_15s.jpg,object_images/omelet/omelet_15s.jpg,e460eb3b9bc59e8cb6e278049f7d957a8c34814439e3519577b0b604fcd33de6,omelet_10s.jpg
122,omelet,01077_omelet,01077_omelet/omelet_16s.jpg,object_images/omelet/omelet_16s.jpg,a03ab5cbdf319af27e0c675dcc6bb6122c6ce6aa33164ccc942a0f6ef0dcde98,omelet_10s.jpg
122,omelet,01077_omelet,01077_omelet/omelet_17s.jpg,object_images/omelet/omelet_17s.jpg,d5207297327b075bdb80d90a169c698f814d959166ffba000b94c23aef8846c5,omelet_10s.jpg
122,omelet,01077_omelet,01077_omelet/omelet_18s.jpg,object_images/omelet/omelet_18s.jpg,416491fd41232b224ca97b8498e471b802f8497655d243cdeba92cc081bb5757,omelet_10s.jpg
123,onion,01078_onion,01078_onion/onion_01b.jpg,object_images/onion/onion_01b.jpg,dc7e22f872a42dfce9b33dcb0aa5fa1c1cef6c63c7079d41c9a0370219cfc154,onion_10s.jpg
123,onion,01078_onion,01078_onion/onion_02n.jpg,object_images/onion/onion_02n.jpg,ae3e6aa8442c3ffa02749e8729028caf6f60939298310df3f9d3c88651560619,onion_10s.jpg
123,onion,01078_onion,01078_onion/onion_03n.jpg,object_images/onion/onion_03n.jpg,6ad813caa4ae0a6255a3e6a34e0d31b34773d7be0cdcb35aef1953b8b7e26e83,onion_10s.jpg
123,onion,01078_onion,01078_onion/onion_04s.jpg,object_images/onion/onion_04s.jpg,a125234fd7845a7a592fdc6756ef795776adeb047bd5265919a308b132471dff,onion_10s.jpg
123,onion,01078_onion,01078_onion/onion_05s.jpg,object_images/onion/onion_05s.jpg,9b88c3c02fc70bc258a9c53cf63be20660e33a6b99ee2824c80299d9ca34511a,onion_10s.jpg
123,onion,01078_onion,01078_onion/onion_06s.jpg,object_images/onion/onion_06s.jpg,c69822137ca7947a947650c46e34baa76221e443070443ae19be5d54ad518238,onion_10s.jpg
123,onion,01078_onion,01078_onion/onion_07s.jpg,object_images/onion/onion_07s.jpg,923ec725da65b5be179279c125375877b4c73d3377af4badad34354c0ea53124,onion_10s.jpg
123,onion,01078_onion,01078_onion/onion_08s.jpg,object_images/onion/onion_08s.jpg,2bcb5c087d3536d830515b486094465614c1af9f8742f393fc07bece6c371199,onion_10s.jpg
123,onion,01078_onion,01078_onion/onion_09s.jpg,object_images/onion/onion_09s.jpg,47ecd827bf26e666f2c3beb2fa8f29873cb3069ad2634e24cff9e7fd1cf10b5f,onion_10s.jpg
123,onion,01078_onion,01078_onion/onion_11n.jpg,object_images/onion/onion_11n.jpg,d7efde67eaf63e2fab2c9902378db5505fedb9948b8103a47ab46d8b5ee9ba7d,onion_10s.jpg
123,onion,01078_onion,01078_onion/onion_12n.jpg,object_images/onion/onion_12n.jpg,106adaa4f1a7d65db3a4908870ab8dc748ec9f688133329e9984b5065e43387c,onion_10s.jpg
123,onion,01078_onion,01078_onion/onion_13n.jpg,object_images/onion/onion_13n.jpg,98826eeceef5fce983fb19ce60ebe98e1ba2e7eb3fcff5134f4406a0af7b8385,onion_10s.jpg
123,onion,01078_onion,01078_onion/onion_14n.jpg,object_images/onion/onion_14n.jpg,95684dbfc1725b89788d3ac2551bbb95f9c1963e7b9665cf0ee2a1a938ef0c4a,onion_10s.jpg
123,onion,01078_onion,01078_onion/onion_15n.jpg,object_images/onion/onion_15n.jpg,c8733e160361220db5ccb61a9e1a98814248c452fbc3fa0894d966932a79ed42,onion_10s.jpg
124,orange,01079_orange,01079_orange/orange_01b.jpg,object_images/orange/orange_01b.jpg,fee41442b2e12bd768e68fff2484ac20166dfe88d9f87b0c5c2b6009a213e38c,orange_07s.jpg
124,orange,01079_orange,01079_orange/orange_02s.jpg,object_images/orange/orange_02s.jpg,1a64592e36d80988bc2227c6f5937c293ca9c773edeba26c115b5cc197711e10,orange_07s.jpg
124,orange,01079_orange,01079_orange/orange_03s.jpg,object_images/orange/orange_03s.jpg,066e8b398e73c34054f591b1b1ec70996dfd0dea8f2022dcbca27e22b2aa797f,orange_07s.jpg
124,orange,01079_orange,01079_orange/orange_04s.jpg,object_images/orange/orange_04s.jpg,17a7efb7f1464b2566e0412166bd1d36c73df9c8174e0cb9325f07e1c52c86f6,orange_07s.jpg
124,orange,01079_orange,01079_orange/orange_05s.jpg,object_images/orange/orange_05s.jpg,377a612719d4ca28402e1364236af63f5fd7cf63bd56f66f3a4f348d9557b72c,orange_07s.jpg
124,orange,01079_orange,01079_orange/orange_06s.jpg,object_images/orange/orange_06s.jpg,3f02754f94c25f3a88bffcbf021f679dfa1ed87b948bb1dedae1c5673ca1fb64,orange_07s.jpg
124,orange,01079_orange,01079_orange/orange_08s.jpg,object_images/orange/orange_08s.jpg,c207ca9bc12773dac06d6bec26da69d9e00c2cdee5ad6f7cf157ba74ab429c39,orange_07s.jpg
124,orange,01079_orange,01079_orange/orange_09s.jpg,object_images/orange/orange_09s.jpg,89ed4cdd04c1368b3973ceea8e798e8c2a0de2d752d874cc8831e1678c91c402,orange_07s.jpg
124,orange,01079_orange,01079_orange/orange_10s.jpg,object_images/orange/orange_10s.jpg,f2b3f1440815ae08bbf15746cdab96716c2e0a99c0a9fb9d827bbd8ded2e4afd,orange_07s.jpg
124,orange,01079_orange,01079_orange/orange_11s.jpg,object_images/orange/orange_11s.jpg,60b32768a0dfddf4a8fa04985976565eb1f9453bea0f5f27952ec9dc4d396bd6,orange_07s.jpg
124,orange,01079_orange,01079_orange/orange_12s.jpg,object_images/orange/orange_12s.jpg,768c4bb4e1ebf12b98483b23f1da44bdcf90f57b859457940108f25589882f61,orange_07s.jpg
124,orange,01079_orange,01079_orange/orange_13s.jpg,object_images/orange/orange_13s.jpg,307dfe7eaf40d047d0ff810a57943383d65bb6075117d82f9be55bc06e04330e,orange_07s.jpg
125,orchid,01082_orchid,01082_orchid/orchid_01b.jpg,object_images/orchid/orchid_01b.jpg,288101bc3fb2e14fad7950f6e0da5cea280210384fd022f086340c37ff0364ba,orchid_05s.jpg
125,orchid,01082_orchid,01082_orchid/orchid_02s.jpg,object_images/orchid/orchid_02s.jpg,d4834d4acbcf497a12d9eeaa977405f3de1ea4b32a02f457702deac69a95b7c4,orchid_05s.jpg
125,orchid,01082_orchid,01082_orchid/orchid_03s.jpg,object_images/orchid/orchid_03s.jpg,9c36b1a4a561cca85dc3d1ccb73d66ed09177ccb1dabf91385db16fc601aaf82,orchid_05s.jpg
125,orchid,01082_orchid,01082_orchid/orchid_04s.jpg,object_images/orchid/orchid_04s.jpg,64fe2b7842a79c70cec1f435f680a0491b65d4f117bc52f1957986b96122930a,orchid_05s.jpg
125,orchid,01082_orchid,01082_orchid/orchid_06s.jpg,object_images/orchid/orchid_06s.jpg,ba8398947e69618656a400f2b95dde4fafeec2d0fd8693df714c8177937cb951,orchid_05s.jpg
125,orchid,01082_orchid,01082_orchid/orchid_07s.jpg,object_images/orchid/orchid_07s.jpg,0113f1d2b831f6a028dbaa76995a247f5d9ec02e1e068527594e824087429f9f,orchid_05s.jpg
125,orchid,01082_orchid,01082_orchid/orchid_08s.jpg,object_images/orchid/orchid_08s.jpg,241f4a9679f1b66c5f6a8e5cf2f40daca607305c774145e9550c1109b0c0db85,orchid_05s.jpg
125,orchid,01082_orchid,01082_orchid/orchid_09s.jpg,object_images/orchid/orchid_09s.jpg,70caa4f5fe436567dd64ac1913049114752474c711ae50eb3040c82347cb48bf,orchid_05s.jpg
125,orchid,01082_orchid,01082_orchid/orchid_10s.jpg,object_images/orchid/orchid_10s.jpg,73407aef4bb6fa7db849858597e51e63785a75d2249a834d1320f5fea4c460d7,orchid_05s.jpg
125,orchid,01082_orchid,01082_orchid/orchid_11s.jpg,object_images/orchid/orchid_11s.jpg,a22d0053a823328c1a323b66439db6e0f24bfd616e1b8fd0f9905ac0d66f3700,orchid_05s.jpg
125,orchid,01082_orchid,01082_orchid/orchid_12s.jpg,object_images/orchid/orchid_12s.jpg,8b1d40d34a9f9e00c044e7e28f91835f4e28377c4e6bb9828cc969f149220759,orchid_05s.jpg
125,orchid,01082_orchid,01082_orchid/orchid_13s.jpg,object_images/orchid/orchid_13s.jpg,f6afb80fa0c65a0c55ae1154949a9b55d56bd0e1d5821725fc3548bf409ef2d8,orchid_05s.jpg
125,orchid,01082_orchid,01082_orchid/orchid_14s.jpg,object_images/orchid/orchid_14s.jpg,c7af13a363dc570f502334f970dac21380d2df668c874e11a98530ac6107a9a2,orchid_05s.jpg
125,orchid,01082_orchid,01082_orchid/orchid_15s.jpg,object_images/orchid/orchid_15s.jpg,72de2d6414ad754691a535e9723a1484a4bfc77b48d79353efe84a17bf46ec73,orchid_05s.jpg
125,orchid,01082_orchid,01082_orchid/orchid_16s.jpg,object_images/orchid/orchid_16s.jpg,04a872d61e355c3d1d316d0b0fdc23bbb0a1f96133b36df7136bf8bf941d2c27,orchid_05s.jpg
125,orchid,01082_orchid,01082_orchid/orchid_17s.jpg,object_images/orchid/orchid_17s.jpg,2bfd21146845d27bd3a9bd45f36f51650be39ae4fe641e02cabfa60b122c0184,orchid_05s.jpg
126,ostrich,01085_ostrich,01085_ostrich/ostrich_01b.jpg,object_images/ostrich/ostrich_01b.jpg,a4127133b5b5e9e7333f3ebceccfc4d71c53fde7b1bfb0adad3cb48e54d7a76b,ostrich_03s.jpg
126,ostrich,01085_ostrich,01085_ostrich/ostrich_02s.jpg,object_images/ostrich/ostrich_02s.jpg,020b251779b897a436e58c7d1e0ed5b777fd6127d35382629eb10f561dd8f3ae,ostrich_03s.jpg
126,ostrich,01085_ostrich,01085_ostrich/ostrich_04s.jpg,object_images/ostrich/ostrich_04s.jpg,99370d4ac6f9279d65311d28d0d295cdd4e8b0246a860f45857da37f16a23077,ostrich_03s.jpg
126,ostrich,01085_ostrich,01085_ostrich/ostrich_05s.jpg,object_images/ostrich/ostrich_05s.jpg,b48dee31201658d5b2e0e1dc3bb96570e7f65813ad33938a2b044f9fb99780de,ostrich_03s.jpg
126,ostrich,01085_ostrich,01085_ostrich/ostrich_06s.jpg,object_images/ostrich/ostrich_06s.jpg,2a5021df790cca63ea1b067d12eb0d6d7d7d64e97d8beb5266eecca20b6031e5,ostrich_03s.jpg
126,ostrich,01085_ostrich,01085_ostrich/ostrich_07s.jpg,object_images/ostrich/ostrich_07s.jpg,0ffc1a9f5a642dcf09826e13b6a89362b16ea16ae8de26a06a6798d4da0c9f5e,ostrich_03s.jpg
126,ostrich,01085_ostrich,01085_ostrich/ostrich_08s.jpg,object_images/ostrich/ostrich_08s.jpg,ca251baa8673433a7b87e5b48397045be21f77f3f8dc9da109eeac92f9f49ba7,ostrich_03s.jpg
126,ostrich,01085_ostrich,01085_ostrich/ostrich_09s.jpg,object_images/ostrich/ostrich_09s.jpg,effe2c40877d1f19032281ccd95ff1c2db2125a41cb7445ba6e9990318518589,ostrich_03s.jpg
126,ostrich,01085_ostrich,01085_ostrich/ostrich_10s.jpg,object_images/ostrich/ostrich_10s.jpg,bb912c3f18aea31b6bf8cecac55958ef50c0f44d8c098f78275955e0ce241c2c,ostrich_03s.jpg
126,ostrich,01085_ostrich,01085_ostrich/ostrich_11s.jpg,object_images/ostrich/ostrich_11s.jpg,bef51c55912fa1b3a1666718adf81ebaa41b8920080a8c42f0fd27e55a429aad,ostrich_03s.jpg
126,ostrich,01085_ostrich,01085_ostrich/ostrich_12s.jpg,object_images/ostrich/ostrich_12s.jpg,c1fa36cba78d8d30ec692c7c9f8eca12d325ccb5c960cffea97790a0534e8ecd,ostrich_03s.jpg
126,ostrich,01085_ostrich,01085_ostrich/ostrich_13s.jpg,object_images/ostrich/ostrich_13s.jpg,0784d798c890c91baf074ff9364a6f3f611ac92d346d3d4e5aedf2aa3b99f7c4,ostrich_03s.jpg
126,ostrich,01085_ostrich,01085_ostrich/ostrich_14s.jpg,object_images/ostrich/ostrich_14s.jpg,2e36e9af91c446e531bb93037059b2692d685759648afd96e875be723e6d8baf,ostrich_03s.jpg
126,ostrich,01085_ostrich,01085_ostrich/ostrich_15s.jpg,object_images/ostrich/ostrich_15s.jpg,cbf7c152ca1c00571d81fe96284605de801bc443a69089e54a2039413ee2a878,ostrich_03s.jpg
126,ostrich,01085_ostrich,01085_ostrich/ostrich_16s.jpg,object_images/ostrich/ostrich_16s.jpg,d96853135112f97b8a89b5bc9e2b576afecc3c2fc085765d9b145518f939bccf,ostrich_03s.jpg
126,ostrich,01085_ostrich,01085_ostrich/ostrich_17s.jpg,object_images/ostrich/ostrich_17s.jpg,44c69449ad14604bfc3ae18393a5cb8d0e306a3cef22c11caf2acc31403cb15e,ostrich_03s.jpg
126,ostrich,01085_ostrich,01085_ostrich/ostrich_18s.jpg,object_images/ostrich/ostrich_18s.jpg,a8d6a5f281888d1119eabf723d5c3757b10ce4603434df0fbf15968b0da11961,ostrich_03s.jpg
126,ostrich,01085_ostrich,01085_ostrich/ostrich_19s.jpg,object_images/ostrich/ostrich_19s.jpg,420e0ca2da123f1485c149062348fb17274a4a9e8a45382bf39d492a83f821f1,ostrich_03s.jpg
127,pajamas,01100_pajamas,01100_pajamas/pajamas_01b.jpg,object_images/pajamas/pajamas_01b.jpg,f393141bac169db63c08ac52a0d05d81b6013e305aed34af273aee1688e51967,pajamas_13s.jpg
127,pajamas,01100_pajamas,01100_pajamas/pajamas_02s.jpg,object_images/pajamas/pajamas_02s.jpg,914c9c8edc6e775662defa2433379347350bb5f472739fe537a234fb604efe65,pajamas_13s.jpg
127,pajamas,01100_pajamas,01100_pajamas/pajamas_03s.jpg,object_images/pajamas/pajamas_03s.jpg,5e0aa7f47d98f53a69a931ac9bd6c153099b4501a143870f508bbbc8c14074e1,pajamas_13s.jpg
127,pajamas,01100_pajamas,01100_pajamas/pajamas_04s.jpg,object_images/pajamas/pajamas_04s.jpg,c0f089e8615a659bfbf555e277ff267c97082156e515cb35b8b430829625fee7,pajamas_13s.jpg
127,pajamas,01100_pajamas,01100_pajamas/pajamas_05s.jpg,object_images/pajamas/pajamas_05s.jpg,de6f413b4cd15a62ac829cd8426753b2532b762c82911b49a76559004a4d629f,pajamas_13s.jpg
127,pajamas,01100_pajamas,01100_pajamas/pajamas_06s.jpg,object_images/pajamas/pajamas_06s.jpg,11d21894c87d84c49adeb0f813ae962a5689fce103047dd02ddc7ae2d21dcd63,pajamas_13s.jpg
127,pajamas,01100_pajamas,01100_pajamas/pajamas_07s.jpg,object_images/pajamas/pajamas_07s.jpg,7d61e0cda1967eb99cbfa885e5b79c32302d343c8b8993522e6b785ee2aa6f36,pajamas_13s.jpg
127,pajamas,01100_pajamas,01100_pajamas/pajamas_08s.jpg,object_images/pajamas/pajamas_08s.jpg,b63cdd8a3b9b282f4b50bb4d71c22c5cc4bbd458c96f45b09553c4ec03e994ff,pajamas_13s.jpg
127,pajamas,01100_pajamas,01100_pajamas/pajamas_09s.jpg,object_images/pajamas/pajamas_09s.jpg,704746762a7d4ee75e4bee2000a9361ac5c15ac2f54b62ac666ba059a0f4dc94,pajamas_13s.jpg
127,pajamas,01100_pajamas,01100_pajamas/pajamas_10s.jpg,object_images/pajamas/pajamas_10s.jpg,34c76207197dbe2bc6691de35770dbe9ee208d2b474260939a59595a7052378d,pajamas_13s.jpg
127,pajamas,01100_pajamas,01100_pajamas/pajamas_11s.jpg,object_images/pajamas/pajamas_11s.jpg,7c086ff6bd3c7ae136f32eb64e146a1caf670b4b1f2da5933d3b9637aa7a9e96,pajamas_13s.jpg
127,pajamas,01100_pajamas,01100_pajamas/pajamas_12s.jpg,object_images/pajamas/pajamas_12s.jpg,a53d03d02da04f1ee5e88c00fabb149a5e69103b60f4d3521040b7ea5ce7fe05,pajamas_13s.jpg
128,panther,01107_panther,01107_panther/panther_02s.jpg,object_images/panther/panther_02s.jpg,bf7ffa9844f86eaa1a2f8f31c4868eece7741bb0d10421b7652e8155f04c3011,panther_01b.jpg
128,panther,01107_panther,01107_panther/panther_03s.jpg,object_images/panther/panther_03s.jpg,e03323f213671043c6cf2ec46773464addfdd564f2370e332bdf61b365bc1b69,panther_01b.jpg
128,panther,01107_panther,01107_panther/panther_04s.jpg,object_images/panther/panther_04s.jpg,3807149b222da52d6e49280c972cc360fdc24d5f0300150368b1b1aaafba6410,panther_01b.jpg
128,panther,01107_panther,01107_panther/panther_05s.jpg,object_images/panther/panther_05s.jpg,25fc089810a668613fb37a7759590cfaa6218d5b1907f306e9cf4cec07fb0846,panther_01b.jpg
128,panther,01107_panther,01107_panther/panther_06s.jpg,object_images/panther/panther_06s.jpg,71271c8ecfe1543879d86744876f1c43b9ce1bfd9d6c8c168c652c80f4f3b2e5,panther_01b.jpg
128,panther,01107_panther,01107_panther/panther_07s.jpg,object_images/panther/panther_07s.jpg,696c56eab9abb82f157dfcb2866e25a0000554763389a9b7dbb8286aa00da343,panther_01b.jpg
128,panther,01107_panther,01107_panther/panther_08s.jpg,object_images/panther/panther_08s.jpg,0b6ff97764dcc9adafb8970d8c1131b5164a350ef7fdacbbde5c60582fc54a94,panther_01b.jpg
128,panther,01107_panther,01107_panther/panther_09s.jpg,object_images/panther/panther_09s.jpg,77fa0cefc78ec6cad18f1c052bd5c8460d551d823ba4e067d997254fab1b69c6,panther_01b.jpg
128,panther,01107_panther,01107_panther/panther_10s.jpg,object_images/panther/panther_10s.jpg,94f1019e4c85c55c699e78ba7c716711d817fe577a39d3bfcc281bc39a9e0cc8,panther_01b.jpg
128,panther,01107_panther,01107_panther/panther_11s.jpg,object_images/panther/panther_11s.jpg,b5d2814c78fdf9b90025b3f6d84240666e4897b79b7fcd9e764185f58eb2a4e8,panther_01b.jpg
128,panther,01107_panther,01107_panther/panther_12s.jpg,object_images/panther/panther_12s.jpg,bc80f02fd7adc35de2714145fa27b6a7b8333a64bccba1ccf8e9f6c1b4a86546,panther_01b.jpg
128,panther,01107_panther,01107_panther/panther_13s.jpg,object_images/panther/panther_13s.jpg,72723442c6acd6d1ea341b12c21785ae26b4a58dedac91354cd45c6121e4b3b4,panther_01b.jpg
128,panther,01107_panther,01107_panther/panther_14s.jpg,object_images/panther/panther_14s.jpg,076a6391f16cf99589e360712ff544eb4f6e9cb5c40e7819da99fac50b90a5ed,panther_01b.jpg
129,paperweight,01118_paperweight,01118_paperweight/paperweight_01b.jpg,object_images/paperweight/paperweight_01b.jpg,07910b463a9d3c7ef0a1fce11647e543c260cc65ceab4c778244b6a1972ebbfe,paperweight_07s.jpg
129,paperweight,01118_paperweight,01118_paperweight/paperweight_02s.jpg,object_images/paperweight/paperweight_02s.jpg,19200bf7555f1683476f663185a4384f903046813eb06f3cc0126e0231b007d0,paperweight_07s.jpg
129,paperweight,01118_paperweight,01118_paperweight/paperweight_03s.jpg,object_images/paperweight/paperweight_03s.jpg,33d9aed3befb013bb322c2c9f5d332cdafc2e7c448620bca54171c4d0d63e7f4,paperweight_07s.jpg
129,paperweight,01118_paperweight,01118_paperweight/paperweight_04s.jpg,object_images/paperweight/paperweight_04s.jpg,11b9ae7235832eb29e3ed322837e20da2f9f808e22c7a5be42e1e0b5f20c2f77,paperweight_07s.jpg
129,paperweight,01118_paperweight,01118_paperweight/paperweight_05s.jpg,object_images/paperweight/paperweight_05s.jpg,dc0a561c6372e3fdb7799ca7fd5d6d971bc016682bed8d8fbb2c93e3d2be4249,paperweight_07s.jpg
129,paperweight,01118_paperweight,01118_paperweight/paperweight_06s.jpg,object_images/paperweight/paperweight_06s.jpg,4588f78c83dbae3d3e4c524529dada0e204b7c7484c6363015ea2563fe292b1e,paperweight_07s.jpg
129,paperweight,01118_paperweight,01118_paperweight/paperweight_08s.jpg,object_images/paperweight/paperweight_08s.jpg,2242ba60225af47ff7eef3dcbccb27eb3a17ea72db13556d3f99c9c050fe0a81,paperweight_07s.jpg
129,paperweight,01118_paperweight,01118_paperweight/paperweight_09s.jpg,object_images/paperweight/paperweight_09s.jpg,d4a6791209c6a747f9129b1edf40070b32cce0cdf4531aba6c1fb110b00ae483,paperweight_07s.jpg
129,paperweight,01118_paperweight,01118_paperweight/paperweight_10s.jpg,object_images/paperweight/paperweight_10s.jpg,ba31f1af948354ca3863713f9b345fbe350937595ce1444d9bc947ed873bb538,paperweight_07s.jpg
129,paperweight,01118_paperweight,01118_paperweight/paperweight_11s.jpg,object_images/paperweight/paperweight_11s.jpg,969e222626910d42ff90c46f5248692fcb0481b4aef2ee1052bb576c83c9ba14,paperweight_07s.jpg
129,paperweight,01118_paperweight,01118_paperweight/paperweight_12s.jpg,object_images/paperweight/paperweight_12s.jpg,20d39b854061cfb3bcba680d1f526fad26c86201f57217f399b3277031de53f3,paperweight_07s.jpg
130,pear,01134_pear,01134_pear/pear_02s.jpg,object_images/pear/pear_02s.jpg,40ff1a2875b04afaadabb3ca39a44c1e345f7280e00005b7e3ff45667871fcb2,pear_01b.jpg
130,pear,01134_pear,01134_pear/pear_03s.jpg,object_images/pear/pear_03s.jpg,656fddb82878e10ee5badf0a30ec02a48bc6b43f3617773e073bc1edf5572084,pear_01b.jpg
130,pear,01134_pear,01134_pear/pear_04s.jpg,object_images/pear/pear_04s.jpg,d0cd75027b580327c5999dd22549a22521748891bcddddbab9c5ef390d4485d0,pear_01b.jpg
130,pear,01134_pear,01134_pear/pear_05s.jpg,object_images/pear/pear_05s.jpg,8ff5209d3f62bd769bdb7555a4ef7de3451439540788ae8c8f10756c3588b5f8,pear_01b.jpg
130,pear,01134_pear,01134_pear/pear_06s.jpg,object_images/pear/pear_06s.jpg,d62e54b59adca3864ff8c7f44d3d8f875e7debf04f43fb282af6b85b0cb4ca68,pear_01b.jpg
130,pear,01134_pear,01134_pear/pear_07s.jpg,object_images/pear/pear_07s.jpg,9a955a9b84a48ba46fed42576ba156a4eec47abc8cbeddfdb14724a819b05d20,pear_01b.jpg
130,pear,01134_pear,01134_pear/pear_08s.jpg,object_images/pear/pear_08s.jpg,942233d611d708f09e1f26e31b0b5ee07f8e36872af2f0d44a23d16399c1e06e,pear_01b.jpg
130,pear,01134_pear,01134_pear/pear_09s.jpg,object_images/pear/pear_09s.jpg,acee15166f48894dec12891e4e3dd8d32d70ecd139ef3d8537e0a8ff2c8a733d,pear_01b.jpg
130,pear,01134_pear,01134_pear/pear_10s.jpg,object_images/pear/pear_10s.jpg,4b86f310ceb6c4a70f19ac8cabc71868dea65a427beae1de92f8ef14b1d9c417,pear_01b.jpg
130,pear,01134_pear,01134_pear/pear_11s.jpg,object_images/pear/pear_11s.jpg,a3504a1adb07d1c7fa962e6f35635532649ef2058ffb9ed376095a0922d10e14,pear_01b.jpg
130,pear,01134_pear,01134_pear/pear_12s.jpg,object_images/pear/pear_12s.jpg,b33f29917ea6ac188e492969890ed21e0f35ae8c3192bed713f2c3bf8175dfe1,pear_01b.jpg
130,pear,01134_pear,01134_pear/pear_13s.jpg,object_images/pear/pear_13s.jpg,f151f624592ad881c1525ff3f0ef0002f01d3fd63e499ea6ef7f75e68415acda,pear_01b.jpg
131,pepper1,01150_pepper1,01150_pepper1/pepper1_01b.jpg,object_images/pepper1/pepper1_01b.jpg,08c175c390e638d396cb0092b175ad89cb08256a4ac67257084b959dbfa9aea9,pepper1_14s.jpg
131,pepper1,01150_pepper1,01150_pepper1/pepper1_02s.jpg,object_images/pepper1/pepper1_02s.jpg,bb9505593fe18841012e6bf4f048cea2b8c81db93c8bf6800d2498edc55ad608,pepper1_14s.jpg
131,pepper1,01150_pepper1,01150_pepper1/pepper1_03s.jpg,object_images/pepper1/pepper1_03s.jpg,07886e5b5c4f677d0b4a29fe51600aec31e2f955b4e0f68ea2f6966b4363d1e5,pepper1_14s.jpg
131,pepper1,01150_pepper1,01150_pepper1/pepper1_04s.jpg,object_images/pepper1/pepper1_04s.jpg,c8868cf36f2e31905d3a2ca4efe74f43b6ee65ae411b3dc273b2b41c13c55955,pepper1_14s.jpg
131,pepper1,01150_pepper1,01150_pepper1/pepper1_05s.jpg,object_images/pepper1/pepper1_05s.jpg,9daa403ec24bb379736e7e4b05c605de1da88c02e96d4969bc966092dc612c80,pepper1_14s.jpg
131,pepper1,01150_pepper1,01150_pepper1/pepper1_06s.jpg,object_images/pepper1/pepper1_06s.jpg,ed0307f0d60f810e8bc5a499df15dad4f329196d3b467de10f70fb92d5b74e85,pepper1_14s.jpg
131,pepper1,01150_pepper1,01150_pepper1/pepper1_07s.jpg,object_images/pepper1/pepper1_07s.jpg,64722b023cda66c4a878a150f38cf4d4241cdd9ce6128367c8cff428a524d1da,pepper1_14s.jpg
131,pepper1,01150_pepper1,01150_pepper1/pepper1_08s.jpg,object_images/pepper1/pepper1_08s.jpg,bb9283901fea4e1172eaff3e818adf5e0c5a9f4fab595803439c1a3e9b612fc2,pepper1_14s.jpg
131,pepper1,01150_pepper1,01150_pepper1/pepper1_09s.jpg,object_images/pepper1/pepper1_09s.jpg,3c693737ed0916293c1477a73432a90e1ce6a23cf0138cb27fa34f95f2098903,pepper1_14s.jpg
131,pepper1,01150_pepper1,01150_pepper1/pepper1_10s.jpg,object_images/pepper1/pepper1_10s.jpg,44b5e9befadfa348bcaf0988d5e8e6d9854449471495a126c36a14a3944d7b68,pepper1_14s.jpg
131,pepper1,01150_pepper1,01150_pepper1/pepper1_11s.jpg,object_images/pepper1/pepper1_11s.jpg,b2eef888653e2bb0205cdd5e1a69f092b434150a9a63ac11504be6ca5db1beef,pepper1_14s.jpg
131,pepper1,01150_pepper1,01150_pepper1/pepper1_12s.jpg,object_images/pepper1/pepper1_12s.jpg,2242cda32344d8fd11d0d9bd84c82b242c6e6385940556821f91376214919500,pepper1_14s.jpg
131,pepper1,01150_pepper1,01150_pepper1/pepper1_13s.jpg,object_images/pepper1/pepper1_13s.jpg,7318d3d84acfc63e26cae35a82aecd54b8c5c960394ff28c963f332914e62afd,pepper1_14s.jpg
131,pepper1,01150_pepper1,01150_pepper1/pepper1_15s.jpg,object_images/pepper1/pepper1_15s.jpg,847e6dcda6a5654a866e6a2859e7caf7315377b2063cf97fd4dcbbdfe27bf1ed,pepper1_14s.jpg
132,pheasant,01161_pheasant,01161_pheasant/pheasant_01b.jpg,object_images/pheasant/pheasant_01b.jpg,1b2082d5a52d279d58f77db2381d5964d9f75128e1d92587720d48d667e0baf1,pheasant_20s.jpg
132,pheasant,01161_pheasant,01161_pheasant/pheasant_02s.jpg,object_images/pheasant/pheasant_02s.jpg,6ecbde8ec4abfc49a06d4fbf367a115be189f848d289912aa461c9eee5f374e1,pheasant_20s.jpg
132,pheasant,01161_pheasant,01161_pheasant/pheasant_03s.jpg,object_images/pheasant/pheasant_03s.jpg,5d70644a202267c7c50ef412720750efb9d97857ee118a721f0e8805adf9e23d,pheasant_20s.jpg
132,pheasant,01161_pheasant,01161_pheasant/pheasant_04s.jpg,object_images/pheasant/pheasant_04s.jpg,f08b5062eb6021090956afb60415d91deec10af8e4716d44ba3bde23dffb1d9c,pheasant_20s.jpg
132,pheasant,01161_pheasant,01161_pheasant/pheasant_05s.jpg,object_images/pheasant/pheasant_05s.jpg,7dd972999fde85c6703e3ca1cfe3b35855faa1f6af90ae2fa368a3f254c8305f,pheasant_20s.jpg
132,pheasant,01161_pheasant,01161_pheasant/pheasant_06s.jpg,object_images/pheasant/pheasant_06s.jpg,00b9b53950bf9ac3581c85dd5254f8b25c8d9bdb0e3d431c1c04ec5bbfeefa44,pheasant_20s.jpg
132,pheasant,01161_pheasant,01161_pheasant/pheasant_07s.jpg,object_images/pheasant/pheasant_07s.jpg,04b53bb659d5cb16c956e2323afb3486ac8fd93bdd3f643624d91cbac5d317fc,pheasant_20s.jpg
132,pheasant,01161_pheasant,01161_pheasant/pheasant_08s.jpg,object_images/pheasant/pheasant_08s.jpg,a4602563f57467fe0ad96db5cb6b2e6fe01cc0c8d573fce3d1426b2f1be92fd4,pheasant_20s.jpg
132,pheasant,01161_pheasant,01161_pheasant/pheasant_09s.jpg,object_images/pheasant/pheasant_09s.jpg,46bdc0a1e41a3c5bb495d6c3685e94e142c67faa82dbd91a5128be834e0fd3c8,pheasant_20s.jpg
132,pheasant,01161_pheasant,01161_pheasant/pheasant_10s.jpg,object_images/pheasant/pheasant_10s.jpg,6ced6b1aa55c4709941a3a7e7efdb8e4c6f1c71d6f0bcfc1233a17a661e3f5a3,pheasant_20s.jpg
132,pheasant,01161_pheasant,01161_pheasant/pheasant_11s.jpg,object_images/pheasant/pheasant_11s.jpg,e09f7c87f4da02779a48fe49977df22fa0e91a16e5f03c46a4236fd5eb29ec0e,pheasant_20s.jpg
132,pheasant,01161_pheasant,01161_pheasant/pheasant_12s.jpg,object_images/pheasant/pheasant_12s.jpg,ee776e444cd36687385e69b3ad8ee3fa85e95d9735b90d41a84d039015387b3c,pheasant_20s.jpg
132,pheasant,01161_pheasant,01161_pheasant/pheasant_13s.jpg,object_images/pheasant/pheasant_13s.jpg,1ca1bbb4f01b3c1558dbb8b03f46a500a75dd979f83d410519740610808a6ca7,pheasant_20s.jpg
132,pheasant,01161_pheasant,01161_pheasant/pheasant_14s.jpg,object_images/pheasant/pheasant_14s.jpg,ad4f06ccc587ed0c06d167521d7948d90730ba08db62f31b8ff61c70239fdc31,pheasant_20s.jpg
132,pheasant,01161_pheasant,01161_pheasant/pheasant_15s.jpg,object_images/pheasant/pheasant_15s.jpg,126fc5fd1dadec5f4638e7a2f47ebd15bd1d93f5a1df73fe1a3af4cdb0c38f3b,pheasant_20s.jpg
132,pheasant,01161_pheasant,01161_pheasant/pheasant_16s.jpg,object_images/pheasant/pheasant_16s.jpg,cf690590be4f1884fb44ac4df87c63eb321ae2f5ed021f5da02184dbf8223810,pheasant_20s.jpg
132,pheasant,01161_pheasant,01161_pheasant/pheasant_17s.jpg,object_images/pheasant/pheasant_17s.jpg,3bf92d69eaf3d0f4084c3b0d8b5f289e82d1681ad0c786b605e23d400c336085,pheasant_20s.jpg
132,pheasant,01161_pheasant,01161_pheasant/pheasant_18s.jpg,object_images/pheasant/pheasant_18s.jpg,f70232154cb877ece3fceb41eb4f00d25371d99f6978be0f6eaf040f787c6ab7,pheasant_20s.jpg
132,pheasant,01161_pheasant,01161_pheasant/pheasant_19s.jpg,object_images/pheasant/pheasant_19s.jpg,3a0ccbe91304e75cdfaa2354325b4317718aeb6e6e24fc740db501a52fcfd406,pheasant_20s.jpg
132,pheasant,01161_pheasant,01161_pheasant/pheasant_21s.jpg,object_images/pheasant/pheasant_21s.jpg,5dbfa541537c3b2a84a9cb1083ed20d61f36bdaeeca4b29d42e2c5206935106c,pheasant_20s.jpg
133,pickax,01167_pickax,01167_pickax/pickax_01b.jpg,object_images/pickax/pickax_01b.jpg,51c0b1025da4dfda7d85656a97429e3b63bfd89485a8443bd274557764520ecd,pickax_05s.jpg
133,pickax,01167_pickax,01167_pickax/pickax_02s.jpg,object_images/pickax/pickax_02s.jpg,d4fe82b76f257bf11faa0a3e34d2f673096b90bacc5b25c435e103c2da6d40bb,pickax_05s.jpg
133,pickax,01167_pickax,01167_pickax/pickax_03s.jpg,object_images/pickax/pickax_03s.jpg,48d3576174d3ebad4f0fbc5a628042ef9cbec815cdef1c56b8b62ffde551ab7d,pickax_05s.jpg
133,pickax,01167_pickax,01167_pickax/pickax_04s.jpg,object_images/pickax/pickax_04s.jpg,c9dd1a6f5963d59e7dc43c70aa9095b5c278c0da098141dfeacd742c96f9a571,pickax_05s.jpg
133,pickax,01167_pickax,01167_pickax/pickax_06s.jpg,object_images/pickax/pickax_06s.jpg,7f56c8ef61ef2a8694dc6ce57ce03b3a7fd7b8f26c098c52c205ecaa08ff1afc,pickax_05s.jpg
133,pickax,01167_pickax,01167_pickax/pickax_07s.jpg,object_images/pickax/pickax_07s.jpg,d6177e95b3dad610cb4b156006ac0eabe114afc58b10206aa6b7cd3bd77aa0b4,pickax_05s.jpg
133,pickax,01167_pickax,01167_pickax/pickax_08s.jpg,object_images/pickax/pickax_08s.jpg,8d4e4554bc3a79594c4b53fa392015ac8bc1afb3db9cd904d896189af725106e,pickax_05s.jpg
133,pickax,01167_pickax,01167_pickax/pickax_09s.jpg,object_images/pickax/pickax_09s.jpg,227eaee5405164614b010e62406a54982afa6c72cd5979b4a0f233b7afa2241a,pickax_05s.jpg
133,pickax,01167_pickax,01167_pickax/pickax_10s.jpg,object_images/pickax/pickax_10s.jpg,5124f0778e909476f021509d66ac487246143eaf430e0f7a342ca324709a23a0,pickax_05s.jpg
133,pickax,01167_pickax,01167_pickax/pickax_11s.jpg,object_images/pickax/pickax_11s.jpg,94442978a2e9e9c1c167ca66c05f87f119af193638771dcab5b086029cb7149c,pickax_05s.jpg
133,pickax,01167_pickax,01167_pickax/pickax_12s.jpg,object_images/pickax/pickax_12s.jpg,e45a20c96b3d2c6430424e3c0f7ff152e615074853c8bc2d9b681f0f3a2a8d4b,pickax_05s.jpg
134,pie,01169_pie,01169_pie/pie_01b.jpg,object_images/pie/pie_01b.jpg,24df06d2c61648f89149944ee1e86440655a5084d9c38f07a6d46449257ef861,pie_18s.jpg
134,pie,01169_pie,01169_pie/pie_02s.jpg,object_images/pie/pie_02s.jpg,4e649b30a70e99a0a006e5042c525d60a2cd7ae99a93925486d57aed1aa8e179,pie_18s.jpg
134,pie,01169_pie,01169_pie/pie_03s.jpg,object_images/pie/pie_03s.jpg,3c28f8e8a5f2b8aea20c729c09b0132d83c5784bc2db7762c74f2f8c0bb91e86,pie_18s.jpg
134,pie,01169_pie,01169_pie/pie_04s.jpg,object_images/pie/pie_04s.jpg,74f15a9f6b76b75881937c9032f2cc4da45f3272c228c19c85db48d78ce32314,pie_18s.jpg
134,pie,01169_pie,01169_pie/pie_05s.jpg,object_images/pie/pie_05s.jpg,ee8ee41964e12433ec3c0799c19108d9fffc67e83abfe08fe4f66b905fb735d2,pie_18s.jpg
134,pie,01169_pie,01169_pie/pie_06s.jpg,object_images/pie/pie_06s.jpg,9006e96e75911e4d54309d4abd290d40b8422a5a2825ff8d191fef2b81f4b500,pie_18s.jpg
134,pie,01169_pie,01169_pie/pie_07s.jpg,object_images/pie/pie_07s.jpg,b6442611d58c2846e7dd135c3e157c5662e280aa167cd4c64474a870ff61f366,pie_18s.jpg
134,pie,01169_pie,01169_pie/pie_08s.jpg,object_images/pie/pie_08s.jpg,1f73978fb7541134e4e71b50c2fd197b2aa26e6698dd53cf1dd735cef31803f5,pie_18s.jpg
134,pie,01169_pie,01169_pie/pie_09s.jpg,object_images/pie/pie_09s.jpg,20e991e1ec259364d8de2ac24979ac1fcf908bbc26a67d017914ed3772bb80f6,pie_18s.jpg
134,pie,01169_pie,01169_pie/pie_10s.jpg,object_images/pie/pie_10s.jpg,567ee1403f6a1381ae194f1a18d028b93e689122be38864b946d85e1ba5204db,pie_18s.jpg
134,pie,01169_pie,01169_pie/pie_11s.jpg,object_images/pie/pie_11s.jpg,9ce99986680379d77847cf806f29075c86fb130a42f5a68c88bcb98b8c06dae1,pie_18s.jpg
134,pie,01169_pie,01169_pie/pie_12s.jpg,object_images/pie/pie_12s.jpg,4cf50a930abefc44b3f385982770fbb2d0d687d4674fe506a354e7e4c03ad611,pie_18s.jpg
134,pie,01169_pie,01169_pie/pie_13s.jpg,object_images/pie/pie_13s.jpg,9e2c7b0d3062d969771077e42ffcfad7de7212a4c07eb04ef73c4e8a295e378d,pie_18s.jpg
134,pie,01169_pie,01169_pie/pie_14s.jpg,object_images/pie/pie_14s.jpg,d534ce6fe2f33241d0d0dadb1d704074131c521c99da51d21d9d153ecc733c27,pie_18s.jpg
134,pie,01169_pie,01169_pie/pie_15s.jpg,object_images/pie/pie_15s.jpg,6ab2088c8eafe358387c87f07bfe64806f25204bc7d7da4d4177b9934ca629b4,pie_18s.jpg
134,pie,01169_pie,01169_pie/pie_16s.jpg,object_images/pie/pie_16s.jpg,20a82836d4ef03e3d0e13162372cbea8b960e51de30101c21f6588a7e86c6d63,pie_18s.jpg
134,pie,01169_pie,01169_pie/pie_17s.jpg,object_images/pie/pie_17s.jpg,9a6153015f7a98ce42036ebfd0608a07694740a55e8987b83f7e309161c4334d,pie_18s.jpg
134,pie,01169_pie,01169_pie/pie_19s.jpg,object_images/pie/pie_19s.jpg,7443d1c609bd7fdac47e513592c49dcabc42de4006eb8c3aacab1dc2e3a364d7,pie_18s.jpg
135,pigeon,01172_pigeon,01172_pigeon/pigeon_01b.jpg,object_images/pigeon/pigeon_01b.jpg,7afaed4c5e1394683d18137df8f4b7a73f50f4fb20b4b548c8cb25dcf94dc7c6,pigeon_05s.jpg
135,pigeon,01172_pigeon,01172_pigeon/pigeon_02s.jpg,object_images/pigeon/pigeon_02s.jpg,cade7e6e4c8dc2b2f3af438dbdda3d69ee414a39fdcd55a5376011ed0514692d,pigeon_05s.jpg
135,pigeon,01172_pigeon,01172_pigeon/pigeon_03s.jpg,object_images/pigeon/pigeon_03s.jpg,e737dacbb8e97a91e0897973d7fa562cfa20d563a729e2a4b1f8e989791570f0,pigeon_05s.jpg
135,pigeon,01172_pigeon,01172_pigeon/pigeon_04s.jpg,object_images/pigeon/pigeon_04s.jpg,12c8a4f669cc593e66d98a113689bb3fa19d68e64dc79e67ec258dae844cb643,pigeon_05s.jpg
135,pigeon,01172_pigeon,01172_pigeon/pigeon_06s.jpg,object_images/pigeon/pigeon_06s.jpg,3fc31ac3c68567f3ef70ad54c2dcc41c8837c561aa202ef1820ecd057e744624,pigeon_05s.jpg
135,pigeon,01172_pigeon,01172_pigeon/pigeon_07s.jpg,object_images/pigeon/pigeon_07s.jpg,8d48ad9ebcee4d9b489a2237d05c6d187699814bd630d9feb13c9692b1dbd93c,pigeon_05s.jpg
135,pigeon,01172_pigeon,01172_pigeon/pigeon_08s.jpg,object_images/pigeon/pigeon_08s.jpg,acfb3f70320a1da8bc2eafdba720d443d6e734a085bd2320b73378adb18e7cd1,pigeon_05s.jpg
135,pigeon,01172_pigeon,01172_pigeon/pigeon_09s.jpg,object_images/pigeon/pigeon_09s.jpg,a642beefffa3ea7e8c16717da606c1ca3629d8fca8518857eb435708d3940317,pigeon_05s.jpg
135,pigeon,01172_pigeon,01172_pigeon/pigeon_10s.jpg,object_images/pigeon/pigeon_10s.jpg,bb2e7d10fd650e11faaf5178bff31eabb0aba47deea4c5d773434d8e6ff5dc5e,pigeon_05s.jpg
135,pigeon,01172_pigeon,01172_pigeon/pigeon_11s.jpg,object_images/pigeon/pigeon_11s.jpg,c7017b7c96fcf2d231f70df13b56836a43a05179d3df861f289960f88782631e,pigeon_05s.jpg
135,pigeon,01172_pigeon,01172_pigeon/pigeon_12s.jpg,object_images/pigeon/pigeon_12s.jpg,2a525939cbdaf7ddb599593bf655daf92c68c75d8869b3790aff2780cb6b5425,pigeon_05s.jpg
136,piglet,01174_piglet,01174_piglet/piglet_01b.jpg,object_images/piglet/piglet_01b.jpg,472a1f7819be6888b883e7568bb1cdf58ea5c20bc283f08d03409e199154bdfb,piglet_02s.jpg
136,piglet,01174_piglet,01174_piglet/piglet_03s.jpg,object_images/piglet/piglet_03s.jpg,a2048eb47dd840b5cd66db4b6f5dc23e6ec828dc6f03679c2fd6a70eb6d40325,piglet_02s.jpg
136,piglet,01174_piglet,01174_piglet/piglet_04s.jpg,object_images/piglet/piglet_04s.jpg,a6e782120e8f9a1f73743a9e9a36969533f6909b1e49915feeecb38b06c13046,piglet_02s.jpg
136,piglet,01174_piglet,01174_piglet/piglet_05s.jpg,object_images/piglet/piglet_05s.jpg,407507de4d7d8fcf5eae369cf233850f2dce85f02740f82f2888072261ee8fd5,piglet_02s.jpg
136,piglet,01174_piglet,01174_piglet/piglet_06s.jpg,object_images/piglet/piglet_06s.jpg,ddeff50378dc7b40b41595dd4b1ce136b42e3903c3d3f8429f463c916383b92d,piglet_02s.jpg
136,piglet,01174_piglet,01174_piglet/piglet_07s.jpg,object_images/piglet/piglet_07s.jpg,0da3f5d7389ee74e4bd01a1bfe42dd6aa7dcb03d174ee577840d01b8f888ead0,piglet_02s.jpg
136,piglet,01174_piglet,01174_piglet/piglet_08s.jpg,object_images/piglet/piglet_08s.jpg,43d618c1fedcc8c30c9ef7d7b29c63bc37b87416cb2884ef07d39af91bc1b3af,piglet_02s.jpg
136,piglet,01174_piglet,01174_piglet/piglet_09s.jpg,object_images/piglet/piglet_09s.jpg,9bf98cd326e4c0967f0776306cbf2f19618325072ae2888b15565779beed4f91,piglet_02s.jpg
136,piglet,01174_piglet,01174_piglet/piglet_10s.jpg,object_images/piglet/piglet_10s.jpg,a4365485a7eb3717caf76c003d0c41b0df973c636117bdf0b375429119bd2dc4,piglet_02s.jpg
136,piglet,01174_piglet,01174_piglet/piglet_11s.jpg,object_images/piglet/piglet_11s.jpg,6d79ca44627b6672648e7a5c4985da4112c56f1e435ae8bd1bf16b2bee3419cc,piglet_02s.jpg
136,piglet,01174_piglet,01174_piglet/piglet_12s.jpg,object_images/piglet/piglet_12s.jpg,475889220d04b7fa04597ef410fa9ab5d2c4e74876c4259ab1784781375d6c99,piglet_02s.jpg
137,pocket,01206_pocket,01206_pocket/pocket_01b.jpg,object_images/pocket/pocket_01b.jpg,a4764e7533369f9500c59ef474973a40595bbfcbd52242558ccdf41c9a55d85d,pocket_04s.jpg
137,pocket,01206_pocket,01206_pocket/pocket_02s.jpg,object_images/pocket/pocket_02s.jpg,c68a2a4ec1373c8beddd4553579617fbb46897f9ee2b0d30ef7386379ce930bd,pocket_04s.jpg
137,pocket,01206_pocket,01206_pocket/pocket_03s.jpg,object_images/pocket/pocket_03s.jpg,f45c8e8fa243eaa3b1ee1628c4a422f5337f0efa1bf5e0799d0e07cfe79e4381,pocket_04s.jpg
137,pocket,01206_pocket,01206_pocket/pocket_05s.jpg,object_images/pocket/pocket_05s.jpg,9622ddce923a6b7e1820ed9a1a6cbf6642d48f5546ea5df3eb91bb5232506aa1,pocket_04s.jpg
137,pocket,01206_pocket,01206_pocket/pocket_06s.jpg,object_images/pocket/pocket_06s.jpg,27db17b0803ffc2edd95f6494069c45f52c881343f0bb6bf500997d8582faa77,pocket_04s.jpg
137,pocket,01206_pocket,01206_pocket/pocket_07s.jpg,object_images/pocket/pocket_07s.jpg,08f301cc84d69ae5b48f04e19e315f0c464c123c6211f21f027851459b309d14,pocket_04s.jpg
137,pocket,01206_pocket,01206_pocket/pocket_08s.jpg,object_images/pocket/pocket_08s.jpg,17e9d9282d75b19936bb8d70427fac2677f9ac4b1220f75ec521b0f969a81258,pocket_04s.jpg
137,pocket,01206_pocket,01206_pocket/pocket_09s.jpg,object_images/pocket/pocket_09s.jpg,5e55961813e4b18e8ed55786da29bf01b60d44c6867efcaf26ae70bd95752736,pocket_04s.jpg
137,pocket,01206_pocket,01206_pocket/pocket_10s.jpg,object_images/pocket/pocket_10s.jpg,65642bd100a36428b533837794595e94373346010f64f0332e9ab76b1f15e37a,pocket_04s.jpg
137,pocket,01206_pocket,01206_pocket/pocket_11s.jpg,object_images/pocket/pocket_11s.jpg,51a646fa324445471745c7dc4d407e2e2d98cef60d2062b3c90388095bf12e94,pocket_04s.jpg
137,pocket,01206_pocket,01206_pocket/pocket_12s.jpg,object_images/pocket/pocket_12s.jpg,5b0c81530452721cd8225524945ca81e6e12b58ef33ecde60f093a47ddf4cc2b,pocket_04s.jpg
137,pocket,01206_pocket,01206_pocket/pocket_13s.jpg,object_images/pocket/pocket_13s.jpg,ae62ed64b9d650118a28b77a0100dfbb4aae0def02aa7910ac7bd6d5e1d87445,pocket_04s.jpg
137,pocket,01206_pocket,01206_pocket/pocket_14s.jpg,object_images/pocket/pocket_14s.jpg,0a6c892907ec447aa886d1631aadf72bb3f0b95d6571df8909b84614bddda4d1,pocket_04s.jpg
137,pocket,01206_pocket,01206_pocket/pocket_15s.jpg,object_images/pocket/pocket_15s.jpg,8e9ec0aa3d41ecdb8ababcec9948a08f13d4313862820edf9b6b3f15fb162468,pocket_04s.jpg
137,pocket,01206_pocket,01206_pocket/pocket_16s.jpg,object_images/pocket/pocket_16s.jpg,784a2a2d094e82d8098aaa45f7daad517883c7b82d75e48a9cf39c288cd37e57,pocket_04s.jpg
138,pocketknife,01208_pocketknife,01208_pocketknife/pocketknife_02s.jpg,object_images/pocketknife/pocketknife_02s.jpg,c911987cc1e2695708ffe5c1cae01e54ca00ca5b69cca928346f12caa025715f,pocketknife_01b.jpg
138,pocketknife,01208_pocketknife,01208_pocketknife/pocketknife_03s.jpg,object_images/pocketknife/pocketknife_03s.jpg,5b538b025e68dcd8cb0714191cceb67ad3243d7533f2b6947c4545ba03d83677,pocketknife_01b.jpg
138,pocketknife,01208_pocketknife,01208_pocketknife/pocketknife_04s.jpg,object_images/pocketknife/pocketknife_04s.jpg,c0be98da0499f766cba19c924a2a637091ae44bb93f5ef33fc2bb9adafc4c770,pocketknife_01b.jpg
138,pocketknife,01208_pocketknife,01208_pocketknife/pocketknife_05s.jpg,object_images/pocketknife/pocketknife_05s.jpg,ffc293434495db1f41bd50744d59fe9bc365d9fb352f6c68d87db84ad0981db2,pocketknife_01b.jpg
138,pocketknife,01208_pocketknife,01208_pocketknife/pocketknife_06s.jpg,object_images/pocketknife/pocketknife_06s.jpg,c4b99390701f3db99d73691a5b188246c84c28f476a63858fe3c9d543976e0b1,pocketknife_01b.jpg
138,pocketknife,01208_pocketknife,01208_pocketknife/pocketknife_07s.jpg,object_images/pocketknife/pocketknife_07s.jpg,2617b8a9f99882113f7b83ddb81c8f52b8c067f29cee39835624569ba27267f9,pocketknife_01b.jpg
138,pocketknife,01208_pocketknife,01208_pocketknife/pocketknife_08s.jpg,object_images/pocketknife/pocketknife_08s.jpg,82fe4cbd786ddd1eadf9e808e8c39357c9ad3e173feb9ca1116b1b9ad15b1241,pocketknife_01b.jpg
138,pocketknife,01208_pocketknife,01208_pocketknife/pocketknife_09s.jpg,object_images/pocketknife/pocketknife_09s.jpg,3cfb92528646609e3c815878264eb89b4ff432a491cd1022f43bcb5985790b6f,pocketknife_01b.jpg
138,pocketknife,01208_pocketknife,01208_pocketknife/pocketknife_10s.jpg,object_images/pocketknife/pocketknife_10s.jpg,f84f046fa5c6772339a9da0472f91ecad785852d4023941cff83ea1f1565062a,pocketknife_01b.jpg
138,pocketknife,01208_pocketknife,01208_pocketknife/pocketknife_11s.jpg,object_images/pocketknife/pocketknife_11s.jpg,68944d0130a6c8c470a94435c1599a1a677426130b6f523ce96f6137efc6bc4a,pocketknife_01b.jpg
138,pocketknife,01208_pocketknife,01208_pocketknife/pocketknife_12s.jpg,object_images/pocketknife/pocketknife_12s.jpg,145e16c172edbe3e2a3211c6578d96cb52e0204b9650592d09585868ba0b1449,pocketknife_01b.jpg
138,pocketknife,01208_pocketknife,01208_pocketknife/pocketknife_13s.jpg,object_images/pocketknife/pocketknife_13s.jpg,f950fed529760fcb194bd98e84e4620a18faa08f61d3dbfe174cfc87ed95c0e2,pocketknife_01b.jpg
138,pocketknife,01208_pocketknife,01208_pocketknife/pocketknife_14s.jpg,object_images/pocketknife/pocketknife_14s.jpg,a7d0f37ad890e2b590d3bdc18b1a5e9c4263ecbd478c91874f195de3e98210f6,pocketknife_01b.jpg
139,popcorn,01224_popcorn,01224_popcorn/popcorn_01b.jpg,object_images/popcorn/popcorn_01b.jpg,03c71678a8014d7260a061d40d8e59334215df1aedf0b7b73239495af50edfc6,popcorn_07s.jpg
139,popcorn,01224_popcorn,01224_popcorn/popcorn_02n.jpg,object_images/popcorn/popcorn_02n.jpg,6b70f063418e3a9a48b9e6a6fc17f3eba949bff852b61ba88cd17bf8516d5fbb,popcorn_07s.jpg
139,popcorn,01224_popcorn,01224_popcorn/popcorn_03s.jpg,object_images/popcorn/popcorn_03s.jpg,eaea1305ec8b47d80f367cc46fbe7167820e48cc3b45da1fc1c917cd8cb24448,popcorn_07s.jpg
139,popcorn,01224_popcorn,01224_popcorn/popcorn_04s.jpg,object_images/popcorn/popcorn_04s.jpg,9b0c690b93b501d7fbb9ccf941ba8707ed3c2702060ba93bc3f1c7c335739ad5,popcorn_07s.jpg
139,popcorn,01224_popcorn,01224_popcorn/popcorn_05s.jpg,object_images/popcorn/popcorn_05s.jpg,b1f8fdc049f702c8ed30f4a201d9f9b03e55ca29e830d00332305832524b9d8e,popcorn_07s.jpg
139,popcorn,01224_popcorn,01224_popcorn/popcorn_06s.jpg,object_images/popcorn/popcorn_06s.jpg,1a425116f60a780f415520eff79b37c527de7c3dc344460778b7c89244558fa8,popcorn_07s.jpg
139,popcorn,01224_popcorn,01224_popcorn/popcorn_08s.jpg,object_images/popcorn/popcorn_08s.jpg,e0f62ebb6d44fe4145ae5ad032f02ef001c7e448659bc49800d669f2c7838a49,popcorn_07s.jpg
139,popcorn,01224_popcorn,01224_popcorn/popcorn_09s.jpg,object_images/popcorn/popcorn_09s.jpg,7a725232adc4ab9786f4170d149fe33ff287d45fe15bf1d5c71aa5fd8ee783d0,popcorn_07s.jpg
139,popcorn,01224_popcorn,01224_popcorn/popcorn_10s.jpg,object_images/popcorn/popcorn_10s.jpg,1e147e491f8682bac42857fa4bb0d67d020c7a97652bc2097f0dd8494eedc401,popcorn_07s.jpg
139,popcorn,01224_popcorn,01224_popcorn/popcorn_11s.jpg,object_images/popcorn/popcorn_11s.jpg,b84f9e11e368bf9569ffa1716a8d36d167f613d7f197905317812b7e7e6470fd,popcorn_07s.jpg
139,popcorn,01224_popcorn,01224_popcorn/popcorn_12n.jpg,object_images/popcorn/popcorn_12n.jpg,40e85f08782ee7f611e770dd6421492b2c6b901b957edfdb128950aef6816663,popcorn_07s.jpg
139,popcorn,01224_popcorn,01224_popcorn/popcorn_13n.jpg,object_images/popcorn/popcorn_13n.jpg,8725296ff4c1597b6e4fd61a791cd9b2a6cfd2344a377971e6f329673587c35a,popcorn_07s.jpg
139,popcorn,01224_popcorn,01224_popcorn/popcorn_14n.jpg,object_images/popcorn/popcorn_14n.jpg,8e759f769e152e434c1ced2fd868814e42f391f0a07e04da1b14c1090f3a2ad8,popcorn_07s.jpg
139,popcorn,01224_popcorn,01224_popcorn/popcorn_15n.jpg,object_images/popcorn/popcorn_15n.jpg,01dc3908b97da4590965534c1ec461cd6bbec770c62a49de9e859653be976426,popcorn_07s.jpg
140,popsicle,01226_popsicle,01226_popsicle/popsicle_01b.jpg,object_images/popsicle/popsicle_01b.jpg,0265acbe54a7cb9d2abd577fc5c3bb193dc89244ebd02a9c8d105f9fb414a8c0,popsicle_04s.jpg
140,popsicle,01226_popsicle,01226_popsicle/popsicle_02s.jpg,object_images/popsicle/popsicle_02s.jpg,f7868da9c1f70ad8d405e92a28a5c716bd54134626133b8ca281bee2e4233afd,popsicle_04s.jpg
140,popsicle,01226_popsicle,01226_popsicle/popsicle_03s.jpg,object_images/popsicle/popsicle_03s.jpg,edaaac56da9723b292400ab77f6c134d3315c4f9b521df79f8cb8f10cdbd8870,popsicle_04s.jpg
140,popsicle,01226_popsicle,01226_popsicle/popsicle_05s.jpg,object_images/popsicle/popsicle_05s.jpg,4949fb6c87d7f2344d4c342f8db6e5c7c2bfbb789c786d482a5b472569151c27,popsicle_04s.jpg
140,popsicle,01226_popsicle,01226_popsicle/popsicle_06s.jpg,object_images/popsicle/popsicle_06s.jpg,78bdb9afdb74130e96a66c71793fe7416b8dbcc0efc9afdce31fdcd7ec008722,popsicle_04s.jpg
140,popsicle,01226_popsicle,01226_popsicle/popsicle_07s.jpg,object_images/popsicle/popsicle_07s.jpg,5860114bd686a94c94d708a50365ee0abbca8dbb724b337b6dc9e970ad66cf04,popsicle_04s.jpg
140,popsicle,01226_popsicle,01226_popsicle/popsicle_08s.jpg,object_images/popsicle/popsicle_08s.jpg,e8f4216d68d5cf87389dfa0cfb352da5b1461eb851040ac0cb5504c6eec94ee1,popsicle_04s.jpg
140,popsicle,01226_popsicle,01226_popsicle/popsicle_09s.jpg,object_images/popsicle/popsicle_09s.jpg,8317a32597510417c5db2854a35b675fb33a10c267a66dbedc5cfeccd045edc3,popsicle_04s.jpg
140,popsicle,01226_popsicle,01226_popsicle/popsicle_10s.jpg,object_images/popsicle/popsicle_10s.jpg,162d77f3ed9e43e11e0f1eff129d81f24a6bb7491eed86eb94e8469819048be5,popsicle_04s.jpg
140,popsicle,01226_popsicle,01226_popsicle/popsicle_11s.jpg,object_images/popsicle/popsicle_11s.jpg,8916a4e81565764005c9c10c610d9cf0a656b42c64e6bfdfc1a5ab6dd6f5cb53,popsicle_04s.jpg
140,popsicle,01226_popsicle,01226_popsicle/popsicle_12s.jpg,object_images/popsicle/popsicle_12s.jpg,c3b3c1405dde011d9a270392ef0924518545945458ded99b1c1fae907e083c96,popsicle_04s.jpg
141,possum,01229_possum,01229_possum/possum_01b.jpg,object_images/possum/possum_01b.jpg,ce55111da754905394e4f2bb4b854791a621593efe585ca8fb3691fa517c3cc1,possum_05s.jpg
141,possum,01229_possum,01229_possum/possum_02s.jpg,object_images/possum/possum_02s.jpg,ad0767299e3da58727701d7dd19f2e6f817ba2ce5bf029564e7c9d5394251ab8,possum_05s.jpg
141,possum,01229_possum,01229_possum/possum_03s.jpg,object_images/possum/possum_03s.jpg,99f944adf27188b9c51fb6b2f981099973bcc50ac0b629064a78646a6737f01d,possum_05s.jpg
141,possum,01229_possum,01229_possum/possum_04s.jpg,object_images/possum/possum_04s.jpg,573124b0d3ac24e2c3c077a9d236398afc7a6de064da72474246e829e59aad5c,possum_05s.jpg
141,possum,01229_possum,01229_possum/possum_06s.jpg,object_images/possum/possum_06s.jpg,a81aad79b517f3325bf47ba437524404116c4937cb86e857d8a99af79cba2ff2,possum_05s.jpg
141,possum,01229_possum,01229_possum/possum_07s.jpg,object_images/possum/possum_07s.jpg,de41de8648f6b0fbb5e177aeb91e81f8e4a9ba8089f7d06a5d9bb68fe3fca369,possum_05s.jpg
141,possum,01229_possum,01229_possum/possum_08s.jpg,object_images/possum/possum_08s.jpg,3f963bf23ae3f1abc12ddf4d5ae0ba6dbcb65b68237dbdbe213f94e1a200855d,possum_05s.jpg
141,possum,01229_possum,01229_possum/possum_09s.jpg,object_images/possum/possum_09s.jpg,833f7e9a1508b403de12052f0977393a71c71ef0a2a1d41809e037e0436acaa5,possum_05s.jpg
141,possum,01229_possum,01229_possum/possum_10s.jpg,object_images/possum/possum_10s.jpg,f68fe620031a040618b9a7ce2b72a0ae9397d5e568376931ea156423e6fd7802,possum_05s.jpg
141,possum,01229_possum,01229_possum/possum_11s.jpg,object_images/possum/possum_11s.jpg,265f48cba24721a457c897905738c32ecfb72b0b27a05605710db8484d7d1291,possum_05s.jpg
141,possum,01229_possum,01229_possum/possum_12s.jpg,object_images/possum/possum_12s.jpg,673f3deef9b149fe962f290da74e341c3c3ded5496647212c5523f37307e753a,possum_05s.jpg
142,pretzel,01240_pretzel,01240_pretzel/pretzel_02s.jpg,object_images/pretzel/pretzel_02s.jpg,a95719c7479de55ba670ff0edc6dd6d70b239df0d91ea05b997768f3b400c402,pretzel_01b.jpg
142,pretzel,01240_pretzel,01240_pretzel/pretzel_03s.jpg,object_images/pretzel/pretzel_03s.jpg,9920e1a033a14fd322d3712740316d918f585bcaa0f36c4e72a4d5fb5ecd4f20,pretzel_01b.jpg
142,pretzel,01240_pretzel,01240_pretzel/pretzel_04s.jpg,object_images/pretzel/pretzel_04s.jpg,1cdaba74e2374468ee5c38f97e4cf0204f30af1fd8018be294fef7bca14d04be,pretzel_01b.jpg
142,pretzel,01240_pretzel,01240_pretzel/pretzel_05s.jpg,object_images/pretzel/pretzel_05s.jpg,245ed858c2515ece72897a33ba04b30cc2dda7cb6ddd94d4e92ced7e59dfb1ec,pretzel_01b.jpg
142,pretzel,01240_pretzel,01240_pretzel/pretzel_06s.jpg,object_images/pretzel/pretzel_06s.jpg,2b57df6ca8bf84d2b62f56d42eceb119753d7ae452e7d4a2a6f42e5575b011fd,pretzel_01b.jpg
142,pretzel,01240_pretzel,01240_pretzel/pretzel_07s.jpg,object_images/pretzel/pretzel_07s.jpg,29b79b3b5498a735bb09a60c3f5f7d8da83a962f3ad304cafade69ef267b8c02,pretzel_01b.jpg
142,pretzel,01240_pretzel,01240_pretzel/pretzel_08s.jpg,object_images/pretzel/pretzel_08s.jpg,19499cee736b0f22157756e011c179b987b415545387c6bc2397c01a2939ce62,pretzel_01b.jpg
142,pretzel,01240_pretzel,01240_pretzel/pretzel_09s.jpg,object_images/pretzel/pretzel_09s.jpg,cd4dc9c790ece19ad70159d61ac47390586cc40606a311b0335a63967ababbbf,pretzel_01b.jpg
142,pretzel,01240_pretzel,01240_pretzel/pretzel_10s.jpg,object_images/pretzel/pretzel_10s.jpg,a58e099a091cd87cc7ef89d8a978d725bbf997fe5bdfc750eec3f1bfba25ffa4,pretzel_01b.jpg
142,pretzel,01240_pretzel,01240_pretzel/pretzel_11s.jpg,object_images/pretzel/pretzel_11s.jpg,494484cb54a2d30f8d17a179a0dfdb0f71b6653fa291601c9d799baa1db0a28e,pretzel_01b.jpg
142,pretzel,01240_pretzel,01240_pretzel/pretzel_12s.jpg,object_images/pretzel/pretzel_12s.jpg,d89b709d82e2ee42cd5499fc9c103c0014c1c273b94e640eb8c030c2e6fe8172,pretzel_01b.jpg
142,pretzel,01240_pretzel,01240_pretzel/pretzel_13s.jpg,object_images/pretzel/pretzel_13s.jpg,c4c8e0e514a617200d99acb38a3aee26a3c0c6eca7615b27f2ea67ac743091f9,pretzel_01b.jpg
143,pug,01250_pug,01250_pug/pug_01b.jpg,object_images/pug/pug_01b.jpg,235c154a514f1c75812b072d37626a536e1e4373b9467466ec65705ab158b53f,pug_09s.jpg
143,pug,01250_pug,01250_pug/pug_02s.jpg,object_images/pug/pug_02s.jpg,4010928679c8d31ca803ab7dbf73e4571f3eb4d81f4deb098891993c78e56667,pug_09s.jpg
143,pug,01250_pug,01250_pug/pug_03s.jpg,object_images/pug/pug_03s.jpg,3137f579a01429477a550a0e00907684f3db2f96deb265dcb8d5850632cc8bfc,pug_09s.jpg
143,pug,01250_pug,01250_pug/pug_04s.jpg,object_images/pug/pug_04s.jpg,9148ce02d2de8af66c2db34a9e6caebea80505d8ee4c420802037214045ba97a,pug_09s.jpg
143,pug,01250_pug,01250_pug/pug_05s.jpg,object_images/pug/pug_05s.jpg,b5fd7366632d8ba7e08d10b6de0d1299a9c7313316ff07534cc0c7b295c3b98f,pug_09s.jpg
143,pug,01250_pug,01250_pug/pug_06s.jpg,object_images/pug/pug_06s.jpg,522352ddd8005371799200f3f7939729944efb98cc63eab8aac977bf09fb9a1a,pug_09s.jpg
143,pug,01250_pug,01250_pug/pug_07s.jpg,object_images/pug/pug_07s.jpg,461746477a4d518b7009c0526bb3707e8d8f26740033190ecac68a6b42a69d73,pug_09s.jpg
143,pug,01250_pug,01250_pug/pug_08s.jpg,object_images/pug/pug_08s.jpg,cae97566a67e728d53493ae02dd4427241b124e650c8ec8bfec854bea7b19d04,pug_09s.jpg
143,pug,01250_pug,01250_pug/pug_10s.jpg,object_images/pug/pug_10s.jpg,a8ad5976773873b46b7a39dc2c71cbe60ac31070cec65a39ddc200e998db2b17,pug_09s.jpg
143,pug,01250_pug,01250_pug/pug_11s.jpg,object_images/pug/pug_11s.jpg,e26f8e89c761035aececba160da7a96f226db2f22f028b060c41a7ab83eb7434,pug_09s.jpg
143,pug,01250_pug,01250_pug/pug_12s.jpg,object_images/pug/pug_12s.jpg,fdbefac8edda3defbd69a5f69f9c9fd243cbdd31d1d15acdda7591679e04d2a9,pug_09s.jpg
143,pug,01250_pug,01250_pug/pug_13s.jpg,object_images/pug/pug_13s.jpg,f6e50575bbb07077d8d939b65c508bb2235fdb50d34e446c2f37214c65238954,pug_09s.jpg
143,pug,01250_pug,01250_pug/pug_14s.jpg,object_images/pug/pug_14s.jpg,43ef23cc524be342fcb073973da492e874e4a911fcdc382603d5abb5908266ca,pug_09s.jpg
143,pug,01250_pug,01250_pug/pug_15s.jpg,object_images/pug/pug_15s.jpg,173f43b4709b7f68d43d27458db6172b8e32dba6d00932f68a5f5c92773f8d68,pug_09s.jpg
143,pug,01250_pug,01250_pug/pug_16s.jpg,object_images/pug/pug_16s.jpg,4051d1d78c17487701037e093ed2f5048a364215c6324262f1790850155d6ec9,pug_09s.jpg
143,pug,01250_pug,01250_pug/pug_17s.jpg,object_images/pug/pug_17s.jpg,45211c33cca3499f0bb22b302b820e096cc12327e36ce2fbdf8d495e3d598235,pug_09s.jpg
143,pug,01250_pug,01250_pug/pug_18s.jpg,object_images/pug/pug_18s.jpg,71bc3d9b6d98a8ad6b47b55958aa8ec5acc490a2142a4888adfb34dfd8b9f8c9,pug_09s.jpg
143,pug,01250_pug,01250_pug/pug_19s.jpg,object_images/pug/pug_19s.jpg,f5fefb556e4ad1377d105b8449e7bde266419930e5a5d6629e6e2f8dd0cb984f,pug_09s.jpg
143,pug,01250_pug,01250_pug/pug_20s.jpg,object_images/pug/pug_20s.jpg,98f1c4e0d53b6b1e2532db7981b7552a6770fc0c7236a57d317b3d4006054607,pug_09s.jpg
143,pug,01250_pug,01250_pug/pug_21s.jpg,object_images/pug/pug_21s.jpg,7e8afdc5f87271fad86683acf616c9c9eeb93faca763011685f4a29473d147f6,pug_09s.jpg
143,pug,01250_pug,01250_pug/pug_22s.jpg,object_images/pug/pug_22s.jpg,e264481773f9f9daa629655ad8ae25490fc729d2deb17f53332444924d68ed69,pug_09s.jpg
143,pug,01250_pug,01250_pug/pug_23s.jpg,object_images/pug/pug_23s.jpg,ea92d8aacec2cf97368ef1cfafecac6679ac6760eb2867f6b8993d80cd8aa586,pug_09s.jpg
143,pug,01250_pug,01250_pug/pug_24s.jpg,object_images/pug/pug_24s.jpg,5b67f0d71d7c89b3711ff46c947d2523014fc731108e4b732e33f5bf40ca3b4f,pug_09s.jpg
144,punch2,01256_punch2,01256_punch2/punch2_01b.jpg,object_images/punch2/punch2_01b.jpg,821417d33f100aa4193a921073129c11ff428bcc744ec701082b59c763a41adb,punch2_14s.jpg
144,punch2,01256_punch2,01256_punch2/punch2_02s.jpg,object_images/punch2/punch2_02s.jpg,a898e4562d0e4385783ae95dc633f5493a3a0798dbf080e90828b95ef7d85d7c,punch2_14s.jpg
144,punch2,01256_punch2,01256_punch2/punch2_03s.jpg,object_images/punch2/punch2_03s.jpg,286c758a6e3dbdd3b466270482ca94f20a7e5d3c0fde495ba84ce5e9208b8b35,punch2_14s.jpg
144,punch2,01256_punch2,01256_punch2/punch2_04s.jpg,object_images/punch2/punch2_04s.jpg,8f02f59aa3d27a320a40269b6ab30b51844a1bae97be45aaee4690c7a8c5b702,punch2_14s.jpg
144,punch2,01256_punch2,01256_punch2/punch2_05s.jpg,object_images/punch2/punch2_05s.jpg,5971aa548f7e566e6c7117913a1b750c41fad4b54a305ff7debf00af45591372,punch2_14s.jpg
144,punch2,01256_punch2,01256_punch2/punch2_06s.jpg,object_images/punch2/punch2_06s.jpg,c1ffdb90e00b18cfabd7bd399c184946bdb3d5e84c752e7a756914ff16d56534,punch2_14s.jpg
144,punch2,01256_punch2,01256_punch2/punch2_07s.jpg,object_images/punch2/punch2_07s.jpg,f875c6e00761090777eedd497366ed89b27497306993046328a0578f2615bc02,punch2_14s.jpg
144,punch2,01256_punch2,01256_punch2/punch2_08s.jpg,object_images/punch2/punch2_08s.jpg,a323b02cbaa7f30e6f304a5eda15a7675dac4073d238721e2eb7a0bdf281c7cf,punch2_14s.jpg
144,punch2,01256_punch2,01256_punch2/punch2_09s.jpg,object_images/punch2/punch2_09s.jpg,de1bf70cc7d1ed865158c5c433fdad7616c4521b2d7fa1f1d9a9c862c528ddbd,punch2_14s.jpg
144,punch2,01256_punch2,01256_punch2/punch2_10s.jpg,object_images/punch2/punch2_10s.jpg,9e0674f1f5d6d5e8f16624c7d8e581767844526a9db64bf70bbf8f786ac6e27d,punch2_14s.jpg
144,punch2,01256_punch2,01256_punch2/punch2_11s.jpg,object_images/punch2/punch2_11s.jpg,4df248fca80c11ccde68a613127cdf2b8509af67fa3d650a161f9ab35c106ece,punch2_14s.jpg
144,punch2,01256_punch2,01256_punch2/punch2_12s.jpg,object_images/punch2/punch2_12s.jpg,6b9a48283e4bc06b1227f8c3072f96b12470a47a2951eec8ba2f60744b570866,punch2_14s.jpg
144,punch2,01256_punch2,01256_punch2/punch2_13s.jpg,object_images/punch2/punch2_13s.jpg,b87336e97280fd0880f68f732907ff2daa15681f1ab02b87bcca5d2d996cf13f,punch2_14s.jpg
145,purse,01260_purse,01260_purse/purse_01b.jpg,object_images/purse/purse_01b.jpg,886f5ea9bb512c8b8da4e153335fa729c907b6f87bd500e4c7a5c8194e7fe8dd,purse_06s.jpg
145,purse,01260_purse,01260_purse/purse_02s.jpg,object_images/purse/purse_02s.jpg,ac4f2cb6904f42c97c544a954dfba2e3516efb6e2f28a7e6614d45704f007871,purse_06s.jpg
145,purse,01260_purse,01260_purse/purse_03s.jpg,object_images/purse/purse_03s.jpg,22e81ac7ff876d0301d23f5e34d692406634f42448ce9bb572301396ba6cfdf5,purse_06s.jpg
145,purse,01260_purse,01260_purse/purse_04s.jpg,object_images/purse/purse_04s.jpg,f82f208a091439216cabca94510514b194be93794349c9a2ac274f3248d572f1,purse_06s.jpg
145,purse,01260_purse,01260_purse/purse_05s.jpg,object_images/purse/purse_05s.jpg,dea8fb0e7cd9e5e21a6b14d2ed0135ff6c8dfd7f0f03de973bda28816a498cf0,purse_06s.jpg
145,purse,01260_purse,01260_purse/purse_07s.jpg,object_images/purse/purse_07s.jpg,92f2c96bbe4a700c784167c373ef47116e6dc85d805bc099c9e2f3358e54105e,purse_06s.jpg
145,purse,01260_purse,01260_purse/purse_08s.jpg,object_images/purse/purse_08s.jpg,cf7ad445482eb2a9d0342ecec5b043c40e0443bb37e676ca8212b2f0bf81c78b,purse_06s.jpg
145,purse,01260_purse,01260_purse/purse_09s.jpg,object_images/purse/purse_09s.jpg,2bb735f7078fe42c17baf5d4f6c9b4015dd665595fb41d38ebffc180048d9739,purse_06s.jpg
145,purse,01260_purse,01260_purse/purse_10s.jpg,object_images/purse/purse_10s.jpg,b97c93fb1e62b0df21c2845169320a865a874ab16ed5e0d6299fc90e585f918c,purse_06s.jpg
145,purse,01260_purse,01260_purse/purse_11s.jpg,object_images/purse/purse_11s.jpg,5f4e2c3b454735f9f9975f75603124dc1ff81df6335e1dc253721cf3bcda511a,purse_06s.jpg
145,purse,01260_purse,01260_purse/purse_12s.jpg,object_images/purse/purse_12s.jpg,2f980ad637f147c8a48939e083db79691b527b8038e2d912f176e636b4aacd7e,purse_06s.jpg
146,radish,01275_radish,01275_radish/radish_01b.jpg,object_images/radish/radish_01b.jpg,e4b1a39bf784166b2d0179d730e222aeac892ad4a8616fdfa831b28696616723,radish_10s.jpg
146,radish,01275_radish,01275_radish/radish_02s.jpg,object_images/radish/radish_02s.jpg,5569a4018e01d8a0fc9392285747095be9f45934ba858a827448011a802c911d,radish_10s.jpg
146,radish,01275_radish,01275_radish/radish_03n.jpg,object_images/radish/radish_03n.jpg,c4a2056faeb0902bb708dda442b7a4a5b454b423b0cb0b3971482a0aca66545d,radish_10s.jpg
146,radish,01275_radish,01275_radish/radish_04n.jpg,object_images/radish/radish_04n.jpg,cf1a1f321767e29f5360370fbaf99d87628fdda08f863f1c8a4661f632aab9cf,radish_10s.jpg
146,radish,01275_radish,01275_radish/radish_05s.jpg,object_images/radish/radish_05s.jpg,5937ead4814ca55574b235d74e48535d9d266dc240e861be9c919e7e66c8704b,radish_10s.jpg
146,radish,01275_radish,01275_radish/radish_06n.jpg,object_images/radish/radish_06n.jpg,1eb3a7c83f7ad02fe7b4cc220a77e46b11dca50cb83da7cfd2cd801633338160,radish_10s.jpg
146,radish,01275_radish,01275_radish/radish_07s.jpg,object_images/radish/radish_07s.jpg,2421c0201c5c92043df06a12132fe6ee04b7b974f6f6dde0f38e72fd95a383bb,radish_10s.jpg
146,radish,01275_radish,01275_radish/radish_08n.jpg,object_images/radish/radish_08n.jpg,22bef3318ceb2539bb53515fa8a46479e37588526f0e14ca14c9b0bed2204992,radish_10s.jpg
146,radish,01275_radish,01275_radish/radish_09s.jpg,object_images/radish/radish_09s.jpg,d5e85fae0f5ef5bb718ade9114363ea4d8a19a6b2a0e3d2c9e0f6fe63adf3546,radish_10s.jpg
146,radish,01275_radish,01275_radish/radish_11s.jpg,object_images/radish/radish_11s.jpg,97f6588e20aeecdbfdf001dd90f0f9c02ba6100dbbcffb17ca5a384774bc2893,radish_10s.jpg
146,radish,01275_radish,01275_radish/radish_12s.jpg,object_images/radish/radish_12s.jpg,b90c2e7ab21bc76479e3b94ee8a2363de51d36c9ace3cb42693589300533e081,radish_10s.jpg
146,radish,01275_radish,01275_radish/radish_13n.jpg,object_images/radish/radish_13n.jpg,71a70c0f0734df792397db4802051e1ef2b4a42ea8237cde02fb96efa5731cfb,radish_10s.jpg
146,radish,01275_radish,01275_radish/radish_14n.jpg,object_images/radish/radish_14n.jpg,9e95894a5c3931f32190b32418c3eaaa6019415ab50c5bbead8180e069a0493c,radish_10s.jpg
146,radish,01275_radish,01275_radish/radish_15n.jpg,object_images/radish/radish_15n.jpg,e79d2eccda14bc1ef0da73b15360c75280604595ce866b7530c03d4f06de02e1,radish_10s.jpg
147,raspberry,01285_raspberry,01285_raspberry/raspberry_01b.jpg,object_images/raspberry/raspberry_01b.jpg,e0d2fe9d4f997efef7ee6dc3cfe6e9a116b99b0e2d8010435123373e85ad09a6,raspberry_10n.jpg
147,raspberry,01285_raspberry,01285_raspberry/raspberry_02n.jpg,object_images/raspberry/raspberry_02n.jpg,db2f0eb17a968e8f0d8a0336fcd52bcbd281e5e1251a3ed37b67200af8f4310c,raspberry_10n.jpg
147,raspberry,01285_raspberry,01285_raspberry/raspberry_03n.jpg,object_images/raspberry/raspberry_03n.jpg,cc2d9adac9dc40e01f579b6d2d0612e5e9c5b28be47d5fb091a4119f471d2ce5,raspberry_10n.jpg
147,raspberry,01285_raspberry,01285_raspberry/raspberry_04s.jpg,object_images/raspberry/raspberry_04s.jpg,0b4788787b903bfb1f174fca24c252b4cc11b83634e575b182b80a4083d3ece1,raspberry_10n.jpg
147,raspberry,01285_raspberry,01285_raspberry/raspberry_05s.jpg,object_images/raspberry/raspberry_05s.jpg,d28a37586be9c96627b668282e4cfb9ab98ddf93b7b5d34c9f6ab6de162255e7,raspberry_10n.jpg
147,raspberry,01285_raspberry,01285_raspberry/raspberry_06s.jpg,object_images/raspberry/raspberry_06s.jpg,4e4bf33cd09a623c918095d022f9ebeb96c4ce4ec9bd9ee6c4f3679226552e18,raspberry_10n.jpg
147,raspberry,01285_raspberry,01285_raspberry/raspberry_07s.jpg,object_images/raspberry/raspberry_07s.jpg,b7035f50567259df7141e24f72f32ab5160afeee97f919a0d7109eb332c87859,raspberry_10n.jpg
147,raspberry,01285_raspberry,01285_raspberry/raspberry_08s.jpg,object_images/raspberry/raspberry_08s.jpg,384be4e904d4b2cb8ef10838746e4f16f7427a787281f2401b63eb534d4c0a48,raspberry_10n.jpg
147,raspberry,01285_raspberry,01285_raspberry/raspberry_09s.jpg,object_images/raspberry/raspberry_09s.jpg,46efc596d1f26bc8f223cbe80f542f790edab754cc9fe115cad9e03810abd53a,raspberry_10n.jpg
147,raspberry,01285_raspberry,01285_raspberry/raspberry_11s.jpg,object_images/raspberry/raspberry_11s.jpg,6164d089f369f3b211331c159b946e69819f5b9a19154f8039574e6da1b865c1,raspberry_10n.jpg
147,raspberry,01285_raspberry,01285_raspberry/raspberry_12s.jpg,object_images/raspberry/raspberry_12s.jpg,c638def5b14a3a631d5bbf127ab3738765d08e9485d9bbc58a3810e16e063dc8,raspberry_10n.jpg
148,recorder,01298_recorder,01298_recorder/recorder_01b.jpg,object_images/recorder/recorder_01b.jpg,5f6f1204ae6f31a18e27b4d6fc6f97c4621f23a49b8a5763a3f7f79c67b4376f,recorder_14s.jpg
148,recorder,01298_recorder,01298_recorder/recorder_02s.jpg,object_images/recorder/recorder_02s.jpg,1a88f2e270228395d6385d2b3b8662a9e13db9915db94a46f6c5f3a332004c52,recorder_14s.jpg
148,recorder,01298_recorder,01298_recorder/recorder_03s.jpg,object_images/recorder/recorder_03s.jpg,860603b8c6e6aefbc45f1f81ef35c721239c04adc8850458f2dec0c4bd6f6a61,recorder_14s.jpg
148,recorder,01298_recorder,01298_recorder/recorder_04s.jpg,object_images/recorder/recorder_04s.jpg,513a504c781dde11f534096b0cbda1573c04178cb39986ada2adc8b518a8fe7e,recorder_14s.jpg
148,recorder,01298_recorder,01298_recorder/recorder_05s.jpg,object_images/recorder/recorder_05s.jpg,c0023bc0b34d238236c234d7721668d129cb5b9fc62a4d091427b3b15e48f9ee,recorder_14s.jpg
148,recorder,01298_recorder,01298_recorder/recorder_06s.jpg,object_images/recorder/recorder_06s.jpg,9b7f781698fb7f4b3be1bedd245bb6046a4d8e5260797396ffada98c3e14810b,recorder_14s.jpg
148,recorder,01298_recorder,01298_recorder/recorder_07s.jpg,object_images/recorder/recorder_07s.jpg,fb1aa4a1e111ade2fdff6cc4a1c91730785fcec14108c198bc05e9d6265ecc95,recorder_14s.jpg
148,recorder,01298_recorder,01298_recorder/recorder_08s.jpg,object_images/recorder/recorder_08s.jpg,659ae784f548909a074be182d7d88bc55c9d9119c7c8142ca0e4c6062a416f69,recorder_14s.jpg
148,recorder,01298_recorder,01298_recorder/recorder_09s.jpg,object_images/recorder/recorder_09s.jpg,c6f5c357e5c7c0be30437473981d5b85ab3d4661bc4893ffc56a1e2b4f7a3e96,recorder_14s.jpg
148,recorder,01298_recorder,01298_recorder/recorder_10s.jpg,object_images/recorder/recorder_10s.jpg,1c3e733bc17fcb1fbe19293c739609e0f1e478d243138ef2260168dab65d2f64,recorder_14s.jpg
148,recorder,01298_recorder,01298_recorder/recorder_11s.jpg,object_images/recorder/recorder_11s.jpg,f3fc1916c872706ecb7700e9d39d01f3a3a4636fa81a2322b171f8c65389199b,recorder_14s.jpg
148,recorder,01298_recorder,01298_recorder/recorder_12s.jpg,object_images/recorder/recorder_12s.jpg,993c985d2aa5d9eb1a4708e8631cb2370c31c0480b26c03a2823e7fb9fd29a2a,recorder_14s.jpg
148,recorder,01298_recorder,01298_recorder/recorder_13s.jpg,object_images/recorder/recorder_13s.jpg,ad76797d14f710757c538662863ac96928dda1c0ac7cae113da3c720fc097fed,recorder_14s.jpg
148,recorder,01298_recorder,01298_recorder/recorder_15s.jpg,object_images/recorder/recorder_15s.jpg,3ec7702335ca23d55ea30713be505b391b22b59aa2d26c8b3a75ccffceeb3205,recorder_14s.jpg
148,recorder,01298_recorder,01298_recorder/recorder_16s.jpg,object_images/recorder/recorder_16s.jpg,b17c16d524cf61328df749d39506cb4222eac5866e553f2adc951b1d4e0a7c25,recorder_14s.jpg
148,recorder,01298_recorder,01298_recorder/recorder_17s.jpg,object_images/recorder/recorder_17s.jpg,8bc8e7cb38b3c734f56cab0ab99138a20134037df0c8d89e5cf54e4f8d018f6a,recorder_14s.jpg
149,rhinoceros,01307_rhinoceros,01307_rhinoceros/rhinoceros_01b.jpg,object_images/rhinoceros/rhinoceros_01b.jpg,f54f17ff0e828b6a6c647e9b82ac3cb9e94633b48a5c2de4eda6956b56de1998,rhinoceros_09s.jpg
149,rhinoceros,01307_rhinoceros,01307_rhinoceros/rhinoceros_02s.jpg,object_images/rhinoceros/rhinoceros_02s.jpg,46682d8365450641fb6ebb56f03eff4eacd6fc608ace8ef40445baca485c963d,rhinoceros_09s.jpg
149,rhinoceros,01307_rhinoceros,01307_rhinoceros/rhinoceros_03s.jpg,object_images/rhinoceros/rhinoceros_03s.jpg,89b12daca1e2fcbe783cd71a1ba1c02eed1ddca761d45beba590f6db20341f72,rhinoceros_09s.jpg
149,rhinoceros,01307_rhinoceros,01307_rhinoceros/rhinoceros_04s.jpg,object_images/rhinoceros/rhinoceros_04s.jpg,5e461f325e540f553295f742290a6d7f6e95f157139c9fbeb5b6e3a5da59e7e0,rhinoceros_09s.jpg
149,rhinoceros,01307_rhinoceros,01307_rhinoceros/rhinoceros_05s.jpg,object_images/rhinoceros/rhinoceros_05s.jpg,0f903361a0240522694bd6e3ffda990f854557a60568fb1695716622e942e9a6,rhinoceros_09s.jpg
149,rhinoceros,01307_rhinoceros,01307_rhinoceros/rhinoceros_06s.jpg,object_images/rhinoceros/rhinoceros_06s.jpg,f1619949cfa462ec67df6bed9a7192e1bf0d432fabe5d2d9a9665680e8553dc9,rhinoceros_09s.jpg
149,rhinoceros,01307_rhinoceros,01307_rhinoceros/rhinoceros_07s.jpg,object_images/rhinoceros/rhinoceros_07s.jpg,b2e090e90663aeb97bff4154baa4b9f21ad7c8d363eb0bea4caa0bb57901a28a,rhinoceros_09s.jpg
149,rhinoceros,01307_rhinoceros,01307_rhinoceros/rhinoceros_08s.jpg,object_images/rhinoceros/rhinoceros_08s.jpg,abb01470a41524664d590a4019f820f025bfdb7981b0853ec3ae2be91efb2b06,rhinoceros_09s.jpg
149,rhinoceros,01307_rhinoceros,01307_rhinoceros/rhinoceros_10s.jpg,object_images/rhinoceros/rhinoceros_10s.jpg,ce7c4cbc519fb7468e976053414c898f8b6fdc9456a70cbd1a0235bd45173ded,rhinoceros_09s.jpg
149,rhinoceros,01307_rhinoceros,01307_rhinoceros/rhinoceros_11s.jpg,object_images/rhinoceros/rhinoceros_11s.jpg,d95e12dfb84dc067a56f6251e13945aa3cbc0a393e10f46d8561964dc5a98bc0,rhinoceros_09s.jpg
149,rhinoceros,01307_rhinoceros,01307_rhinoceros/rhinoceros_12s.jpg,object_images/rhinoceros/rhinoceros_12s.jpg,ffff7442142c47982a5199ebd2c9ec6988fbcae2c5b45c35c190dffb50438b2f,rhinoceros_09s.jpg
150,robot,01319_robot,01319_robot/robot_01b.jpg,object_images/robot/robot_01b.jpg,29f93c7db53d7bbf024768912db5e57a38dcb4e8d322ffb693a94d45a5625b2b,robot_02s.jpg
150,robot,01319_robot,01319_robot/robot_03n.jpg,object_images/robot/robot_03n.jpg,718642c7c2f056b5859155fe6fe1d392e15bed3ca9cff44d1869086be7ab1262,robot_02s.jpg
150,robot,01319_robot,01319_robot/robot_04s.jpg,object_images/robot/robot_04s.jpg,037e2042d7270d0c428fb37f6f6b933403be8892d11c3d2d05d4eb2b4becc6c6,robot_02s.jpg
150,robot,01319_robot,01319_robot/robot_05s.jpg,object_images/robot/robot_05s.jpg,a9117e863ecdff33cfae3f84d86e23f59bed528ca89c931d1b03ed56bd3ddefd,robot_02s.jpg
150,robot,01319_robot,01319_robot/robot_06s.jpg,object_images/robot/robot_06s.jpg,68a54941dd751ae21206b27338f9dbbde83372160c5fa57a45fa8a5050532069,robot_02s.jpg
150,robot,01319_robot,01319_robot/robot_07s.jpg,object_images/robot/robot_07s.jpg,8904a0ddd545aebefc343ac849ed118ed47686be574439aa607907ff0128e02d,robot_02s.jpg
150,robot,01319_robot,01319_robot/robot_08s.jpg,object_images/robot/robot_08s.jpg,42f3e64bb3deefd9e85cff654de94f9318d0c4660c3367a24d4b3b2cafcd3ba0,robot_02s.jpg
150,robot,01319_robot,01319_robot/robot_09s.jpg,object_images/robot/robot_09s.jpg,a0ce52715e117a97c5294d6bae18f97654c21b8206349767a2a745ffbd166c37,robot_02s.jpg
150,robot,01319_robot,01319_robot/robot_10s.jpg,object_images/robot/robot_10s.jpg,80c9944b49e15f6a2defc645f2b4ac7e978ec4db6ccad057277ad40a71acbf6e,robot_02s.jpg
150,robot,01319_robot,01319_robot/robot_11s.jpg,object_images/robot/robot_11s.jpg,cb57c3187aef9cb9eb6957b4d207c8768af4720969099103a2acf73e4e223606,robot_02s.jpg
150,robot,01319_robot,01319_robot/robot_12s.jpg,object_images/robot/robot_12s.jpg,7c81460168adc84b55a3de27f19ca981f4cf5b71a6c21c2b46f078e7fc8d8f18,robot_02s.jpg
150,robot,01319_robot,01319_robot/robot_13s.jpg,object_images/robot/robot_13s.jpg,ce9b96bf739739cad9ee6875ee306294a7934ab6045788385719331586396049,robot_02s.jpg
150,robot,01319_robot,01319_robot/robot_14s.jpg,object_images/robot/robot_14s.jpg,0a93d12700d5b3d6e40c5004aaaa1a32d470ed4a08e63cde8751dbad7beed7c9,robot_02s.jpg
150,robot,01319_robot,01319_robot/robot_15n.jpg,object_images/robot/robot_15n.jpg,358aaf36ca228775e73c572126194b747f4fd60b22c1d526ce244160d6af6260,robot_02s.jpg
151,rooster,01331_rooster,01331_rooster/rooster_01b.jpg,object_images/rooster/rooster_01b.jpg,3c2eeba24a511662d66223d8f513abe6ad1a2fb3dedad22e0e7fdaf6da7b02e9,rooster_03s.jpg
151,rooster,01331_rooster,01331_rooster/rooster_02s.jpg,object_images/rooster/rooster_02s.jpg,4d2d5f79764d90f8c90d6417e410aa5180c126d39bb05cc4747203f419b07657,rooster_03s.jpg
151,rooster,01331_rooster,01331_rooster/rooster_04s.jpg,object_images/rooster/rooster_04s.jpg,a6caa50da09a30b3faf47fdb5ddc35421395977c198da286199ff81c5b194198,rooster_03s.jpg
151,rooster,01331_rooster,01331_rooster/rooster_05s.jpg,object_images/rooster/rooster_05s.jpg,ff2ed86a6a852a2a4065236b3d4ffa8587435ce79f0844c852852f4b41c85c9f,rooster_03s.jpg
151,rooster,01331_rooster,01331_rooster/rooster_06s.jpg,object_images/rooster/rooster_06s.jpg,a91480753d9800a2a7a175602c5c217dd5f8110bb1671e4503db1c1d9fc7ce60,rooster_03s.jpg
151,rooster,01331_rooster,01331_rooster/rooster_07s.jpg,object_images/rooster/rooster_07s.jpg,7fc4f2773226e97be53825a989abd46163f04212829a3485beb2fb28ba43b91a,rooster_03s.jpg
151,rooster,01331_rooster,01331_rooster/rooster_08s.jpg,object_images/rooster/rooster_08s.jpg,d676e10217596aa65ad0b6a83fdfdbd337f7cb694952a5bcb0c8df2edcb9ef1f,rooster_03s.jpg
151,rooster,01331_rooster,01331_rooster/rooster_09s.jpg,object_images/rooster/rooster_09s.jpg,0654a3f1777a15cefb20e4aa616c6d1adfad11a8edd79462f7beeeedac2464fc,rooster_03s.jpg
151,rooster,01331_rooster,01331_rooster/rooster_10s.jpg,object_images/rooster/rooster_10s.jpg,fd8c82afb8e08535c2d57718a91c60ef2aa6771ffc8de6ef1b0cb11c73ff4c27,rooster_03s.jpg
151,rooster,01331_rooster,01331_rooster/rooster_11s.jpg,object_images/rooster/rooster_11s.jpg,26b801ad662fa2085170f6a5b37b0517e344d6a47bb491efc85561254c48bc4b,rooster_03s.jpg
151,rooster,01331_rooster,01331_rooster/rooster_12s.jpg,object_images/rooster/rooster_12s.jpg,c9251c3dc6360ed779986d0e58e8a651a2d09572bad14d192d4fc768bc69bd62,rooster_03s.jpg
151,rooster,01331_rooster,01331_rooster/rooster_13s.jpg,object_images/rooster/rooster_13s.jpg,a223534328070873ff897400deab9f9cdd696888c0909f693ebebb4688960656,rooster_03s.jpg
151,rooster,01331_rooster,01331_rooster/rooster_14s.jpg,object_images/rooster/rooster_14s.jpg,986802acde86871fbd580c6dd71e665a1ea00b76ef0937cb1042d86cf921b70e,rooster_03s.jpg
152,rug,01341_rug,01341_rug/rug_01b.jpg,object_images/rug/rug_01b.jpg,3ece8a8a6d34432a4214988570542c1a4d17205a0edd20296199057bd27bb73b,rug_09s.jpg
152,rug,01341_rug,01341_rug/rug_02s.jpg,object_images/rug/rug_02s.jpg,54a52a69b3f68b4d326a18e40dd4ac85769af30424798bde15718754dd685721,rug_09s.jpg
152,rug,01341_rug,01341_rug/rug_03s.jpg,object_images/rug/rug_03s.jpg,b7aff2b14897371b10ca7dc5efb63656b0f94a69cfdffed2dfd79292b0fa164f,rug_09s.jpg
152,rug,01341_rug,01341_rug/rug_04s.jpg,object_images/rug/rug_04s.jpg,31f7861894868136075628450b8744e59311182f6a3d79328802204e47fbfbac,rug_09s.jpg
152,rug,01341_rug,01341_rug/rug_05s.jpg,object_images/rug/rug_05s.jpg,0acb90f8a50075376a852d3cce4283e57e0e0d4fc0b20ea740ba4373f7cfcc62,rug_09s.jpg
152,rug,01341_rug,01341_rug/rug_06s.jpg,object_images/rug/rug_06s.jpg,98e9da4a02b75eef3b54ff5c90484383ab5afe5f3efe5272c1a073a18e749589,rug_09s.jpg
152,rug,01341_rug,01341_rug/rug_07s.jpg,object_images/rug/rug_07s.jpg,c396eb65948cd2fcd46580c13438f5fa092c798a5d80cee1f242a1b0f7200840,rug_09s.jpg
152,rug,01341_rug,01341_rug/rug_08s.jpg,object_images/rug/rug_08s.jpg,774c13b85f99f758cc58a28fdf3aac51a91a4a7385eb8fafcd56675a64ad5cab,rug_09s.jpg
152,rug,01341_rug,01341_rug/rug_10s.jpg,object_images/rug/rug_10s.jpg,9788f721fb75b6df33f5c92f034e438f97b19de20187c3d56590dbab09d6c32b,rug_09s.jpg
152,rug,01341_rug,01341_rug/rug_11s.jpg,object_images/rug/rug_11s.jpg,8aaca9f73a91209576b27097e3d11898a21634bde5d46a8fcb0b47bda0c5c5c4,rug_09s.jpg
152,rug,01341_rug,01341_rug/rug_12s.jpg,object_images/rug/rug_12s.jpg,7300cbeb20d39589ed5a7d6dee96f0195f81110c811c8fc895fde665b3f74cf4,rug_09s.jpg
152,rug,01341_rug,01341_rug/rug_13s.jpg,object_images/rug/rug_13s.jpg,0f42ff7e2bd2dc486788759fd518f9fe45f063d27d8220ce2771a20642e323c2,rug_09s.jpg
152,rug,01341_rug,01341_rug/rug_14s.jpg,object_images/rug/rug_14s.jpg,9b10ccd823725c51a912de3cbfb5bbb3356d013014a5d7924fabdafd258e52f9,rug_09s.jpg
153,sailboat,01348_sailboat,01348_sailboat/sailboat_01b.jpg,object_images/sailboat/sailboat_01b.jpg,8655fc12410811f2342029dd22137c387e4a58f546b845696d22578bbd869875,sailboat_05s.jpg
153,sailboat,01348_sailboat,01348_sailboat/sailboat_02s.jpg,object_images/sailboat/sailboat_02s.jpg,65a0166de48f3afd0ac59a11e8a9c3646d32e2eb04cb460fbf377d3b8c29f0da,sailboat_05s.jpg
153,sailboat,01348_sailboat,01348_sailboat/sailboat_03s.jpg,object_images/sailboat/sailboat_03s.jpg,cce5ee5b018d84ebd50364e1044f25aa181ab59b9d8dde8b6b76d72aefa426bb,sailboat_05s.jpg
153,sailboat,01348_sailboat,01348_sailboat/sailboat_04s.jpg,object_images/sailboat/sailboat_04s.jpg,45563395ab5f217fa68a5c2ff39feb307d8c3b2a572e75316f72bf52ade9b4fe,sailboat_05s.jpg
153,sailboat,01348_sailboat,01348_sailboat/sailboat_06s.jpg,object_images/sailboat/sailboat_06s.jpg,9f8f56372df3392c74ef6a7084e5d137533b504127c8e707655b0598c12847a6,sailboat_05s.jpg
153,sailboat,01348_sailboat,01348_sailboat/sailboat_07s.jpg,object_images/sailboat/sailboat_07s.jpg,94a4f2eecd2164222d16f50570136ee5397c5b1017a2540b661cd67aa7f7136f,sailboat_05s.jpg
153,sailboat,01348_sailboat,01348_sailboat/sailboat_08s.jpg,object_images/sailboat/sailboat_08s.jpg,a12db8b6fd3ff7b0d608a03f490e0ffd5d80ebe10aab8e94e248f7180fb9c1b6,sailboat_05s.jpg
153,sailboat,01348_sailboat,01348_sailboat/sailboat_09s.jpg,object_images/sailboat/sailboat_09s.jpg,3b895c84491d3c79da0410a642d5b956fdc50bcbe01200534ae4340df23cbcdb,sailboat_05s.jpg
153,sailboat,01348_sailboat,01348_sailboat/sailboat_10s.jpg,object_images/sailboat/sailboat_10s.jpg,483f2272b3f710d67cfaff1d6050c8e123643daa2f0659591b7fd625637cb8b4,sailboat_05s.jpg
153,sailboat,01348_sailboat,01348_sailboat/sailboat_11s.jpg,object_images/sailboat/sailboat_11s.jpg,34628d3942657b2057208a51afb147b05e59541d082e09525c8ec15e30d730ff,sailboat_05s.jpg
153,sailboat,01348_sailboat,01348_sailboat/sailboat_12s.jpg,object_images/sailboat/sailboat_12s.jpg,b3afca4596e47f4fe05befe45fad6b941657566c93c2c843a0b1297d02765eb2,sailboat_05s.jpg
153,sailboat,01348_sailboat,01348_sailboat/sailboat_13s.jpg,object_images/sailboat/sailboat_13s.jpg,db7b699fb1865eff553bbb91ff8fbcfdea628ea5f05d6c05622d4c8cb5c2bc9e,sailboat_05s.jpg
153,sailboat,01348_sailboat,01348_sailboat/sailboat_14s.jpg,object_images/sailboat/sailboat_14s.jpg,685a58e8d847f288d04848abf1888126862cbf133e8bf121e3123e4cf12b2272,sailboat_05s.jpg
153,sailboat,01348_sailboat,01348_sailboat/sailboat_15s.jpg,object_images/sailboat/sailboat_15s.jpg,465b0918b8a93ff6756c349ff98047dd6e667ed5e7e220995df71ff6cb4e8826,sailboat_05s.jpg
154,sandal,01353_sandal,01353_sandal/sandal_01b.jpg,object_images/sandal/sandal_01b.jpg,7c480eb578ed086d0c77de9709b763866c465a6abb20fe89baca2a35ab09202c,sandal_03s.jpg
154,sandal,01353_sandal,01353_sandal/sandal_02s.jpg,object_images/sandal/sandal_02s.jpg,ed0f51855e7d7cb755d7b569dad2427931a842839ee72b4da8ab9e773b77d6b4,sandal_03s.jpg
154,sandal,01353_sandal,01353_sandal/sandal_04s.jpg,object_images/sandal/sandal_04s.jpg,9ddacce2d4d4315b505b63a3524671e07b96c0cef63219adad3f61adef51c2d0,sandal_03s.jpg
154,sandal,01353_sandal,01353_sandal/sandal_05s.jpg,object_images/sandal/sandal_05s.jpg,e4ff03e4eb61c4469dbb47ef3ebf639e1728eaad12d41a6ae41732587786e018,sandal_03s.jpg
154,sandal,01353_sandal,01353_sandal/sandal_06s.jpg,object_images/sandal/sandal_06s.jpg,eeab098511651d6f94f51f479798553ae31d1130bb11be7bf0a041785519aae6,sandal_03s.jpg
154,sandal,01353_sandal,01353_sandal/sandal_07s.jpg,object_images/sandal/sandal_07s.jpg,e0eb254d59f56b75ff1beb658cd5d3a5587ab00ad973ff3313ee15c4847d4f34,sandal_03s.jpg
154,sandal,01353_sandal,01353_sandal/sandal_08s.jpg,object_images/sandal/sandal_08s.jpg,2aca9689d7bea3abea269aa863045879d876a6805a83257080699fad7f8c1fb2,sandal_03s.jpg
154,sandal,01353_sandal,01353_sandal/sandal_09s.jpg,object_images/sandal/sandal_09s.jpg,ea022f56a7738523ec0b2f1ed36cef7d297304a7ec42b647cf465943a6698474,sandal_03s.jpg
154,sandal,01353_sandal,01353_sandal/sandal_10s.jpg,object_images/sandal/sandal_10s.jpg,f7174f8e252fcf39328ffcf2e56940db5c87e346e197b22901b99d827a71d7cc,sandal_03s.jpg
154,sandal,01353_sandal,01353_sandal/sandal_11s.jpg,object_images/sandal/sandal_11s.jpg,1ad985e2b23461c57de2019ea7924154d40df58c1be79c5fa4aa1f5564af8364,sandal_03s.jpg
154,sandal,01353_sandal,01353_sandal/sandal_12s.jpg,object_images/sandal/sandal_12s.jpg,640dde0455f437d1713488ece64395b15c5732dfe25b155f204fbf364516b389,sandal_03s.jpg
154,sandal,01353_sandal,01353_sandal/sandal_13s.jpg,object_images/sandal/sandal_13s.jpg,eef9ce4380ff89c52b2e4302038a4ce7d271324cf6bc96db0f61945aaf1dbb8d,sandal_03s.jpg
154,sandal,01353_sandal,01353_sandal/sandal_14s.jpg,object_images/sandal/sandal_14s.jpg,bfeec1fdb3db502784c4c4e66646a01357c926349e65ec633ebe02d30a33554f,sandal_03s.jpg
154,sandal,01353_sandal,01353_sandal/sandal_15s.jpg,object_images/sandal/sandal_15s.jpg,55c762d9086f45f9ce07f8f865d85caffe20fa922150866dd69e0795afcc0518,sandal_03s.jpg
155,sandpaper,01357_sandpaper,01357_sandpaper/sandpaper_01b.jpg,object_images/sandpaper/sandpaper_01b.jpg,7f42652c7973c5c4150c0136a999df57bdef90f13d45f0d27d0e45703580fadc,sandpaper_08s.jpg
155,sandpaper,01357_sandpaper,01357_sandpaper/sandpaper_02s.jpg,object_images/sandpaper/sandpaper_02s.jpg,3441c3952bf76f483c05b3cb06bcd582248db393981ff66400f927cbc38fda12,sandpaper_08s.jpg
155,sandpaper,01357_sandpaper,01357_sandpaper/sandpaper_03s.jpg,object_images/sandpaper/sandpaper_03s.jpg,e871e83cb27c00c8982ff99de29d8424a856e1b140ae0c989511db1805c475ca,sandpaper_08s.jpg
155,sandpaper,01357_sandpaper,01357_sandpaper/sandpaper_04s.jpg,object_images/sandpaper/sandpaper_04s.jpg,ee4eb0a6e766b3bfcda87385487258888ef3ce245afd5f38aa141756b4b98c1b,sandpaper_08s.jpg
155,sandpaper,01357_sandpaper,01357_sandpaper/sandpaper_05s.jpg,object_images/sandpaper/sandpaper_05s.jpg,f1d5cd10bbe45298e8c89ee277cdb9f04de426308406dfacef48e10423e1282d,sandpaper_08s.jpg
155,sandpaper,01357_sandpaper,01357_sandpaper/sandpaper_06s.jpg,object_images/sandpaper/sandpaper_06s.jpg,bd62f7dde8b2a5a6f04f903e2a75ce816241aa80b730ec9046341b2faad02091,sandpaper_08s.jpg
155,sandpaper,01357_sandpaper,01357_sandpaper/sandpaper_07s.jpg,object_images/sandpaper/sandpaper_07s.jpg,e351fe380f53a7fe4bc1b8cdeff15839670844cd56a990223c20c6baa18fee26,sandpaper_08s.jpg
155,sandpaper,01357_sandpaper,01357_sandpaper/sandpaper_09s.jpg,object_images/sandpaper/sandpaper_09s.jpg,9c9289a201be1c6e10171c782b7818dffb844662006317a0017e0aadafa6fb30,sandpaper_08s.jpg
155,sandpaper,01357_sandpaper,01357_sandpaper/sandpaper_10s.jpg,object_images/sandpaper/sandpaper_10s.jpg,df65d9465f0b2ac223c7239610dc2b3ab08762c063a81167799d500ab9fa3022,sandpaper_08s.jpg
155,sandpaper,01357_sandpaper,01357_sandpaper/sandpaper_11s.jpg,object_images/sandpaper/sandpaper_11s.jpg,6550df2f7401536f2e461b563b9f19de8f85a166ee0c76a96585b71fd45f81af,sandpaper_08s.jpg
155,sandpaper,01357_sandpaper,01357_sandpaper/sandpaper_12s.jpg,object_images/sandpaper/sandpaper_12s.jpg,6ce32dd94a1001d05d7229bfe1f4df73da70f67ce1b988b5413e34892f9a4475,sandpaper_08s.jpg
156,sausage,01366_sausage,01366_sausage/sausage_01b.jpg,object_images/sausage/sausage_01b.jpg,9ac234967983b2058d0109d1e2bc1e6f0705d8aec862a083f343fcc3599bdc2e,sausage_04s.jpg
156,sausage,01366_sausage,01366_sausage/sausage_02s.jpg,object_images/sausage/sausage_02s.jpg,521b71b6d60ef9e04640df45c95f22e91c678240ca54084d0f053d0b2588efcc,sausage_04s.jpg
156,sausage,01366_sausage,01366_sausage/sausage_03s.jpg,object_images/sausage/sausage_03s.jpg,401f64f2cab1369c198c755a76b83c9c014293072ee424c9f0dd7adc07d7a298,sausage_04s.jpg
156,sausage,01366_sausage,01366_sausage/sausage_05s.jpg,object_images/sausage/sausage_05s.jpg,9e10e15e84368abf528e4751e72fab66bf7e4454d03d7798b0893b32893b9424,sausage_04s.jpg
156,sausage,01366_sausage,01366_sausage/sausage_06s.jpg,object_images/sausage/sausage_06s.jpg,1b8cea5a14d20c039745795883c9b9cb27922fd84f27c6b516a11a43c33016c7,sausage_04s.jpg
156,sausage,01366_sausage,01366_sausage/sausage_07s.jpg,object_images/sausage/sausage_07s.jpg,ae63f75e0836600c2f628593fed9801b4c9f1c7b0b66485229f87674e51b6383,sausage_04s.jpg
156,sausage,01366_sausage,01366_sausage/sausage_08s.jpg,object_images/sausage/sausage_08s.jpg,8530f5db671fd238586767a789195b023a193f71e5f905f13160c20e6151a892,sausage_04s.jpg
156,sausage,01366_sausage,01366_sausage/sausage_09s.jpg,object_images/sausage/sausage_09s.jpg,ef926810f6430fcec2288ba20d4697ffd3a06e776fb69875e1cbdec4117dfe1c,sausage_04s.jpg
156,sausage,01366_sausage,01366_sausage/sausage_10s.jpg,object_images/sausage/sausage_10s.jpg,bfeca71fa526b91b61af5fcd1dd63be8abb34217ab6df390a5aad78e10d2b76a,sausage_04s.jpg
156,sausage,01366_sausage,01366_sausage/sausage_11s.jpg,object_images/sausage/sausage_11s.jpg,dd1515d77683e99bf08aa368ceecce22522de951da582e894815a1d48ccfd0e4,sausage_04s.jpg
156,sausage,01366_sausage,01366_sausage/sausage_12s.jpg,object_images/sausage/sausage_12s.jpg,eb8f8e1d8746f70621241ac6075d188a15dd08cbbaaac4bae15ecab866a4cb58,sausage_04s.jpg
156,sausage,01366_sausage,01366_sausage/sausage_13s.jpg,object_images/sausage/sausage_13s.jpg,84cefa43a8f0c338529085a8c318abf28fa77481d7237231d62088d5c043d869,sausage_04s.jpg
156,sausage,01366_sausage,01366_sausage/sausage_14s.jpg,object_images/sausage/sausage_14s.jpg,02216dd1b21724fd7fcfb114d490ef47fca77652e2a9a6ea1219ee90b6b2d91b,sausage_04s.jpg
156,sausage,01366_sausage,01366_sausage/sausage_15s.jpg,object_images/sausage/sausage_15s.jpg,33293d1296c19a21bf183a4193fad172395bb42f29041c57a3cb526f9b49d885,sausage_04s.jpg
156,sausage,01366_sausage,01366_sausage/sausage_16s.jpg,object_images/sausage/sausage_16s.jpg,df682ce2a3d25e5cc640fcd1fe8be824394f83027927959c83b221d97a6363c8,sausage_04s.jpg
157,scallion,01373_scallion,01373_scallion/scallion_01b.jpg,object_images/scallion/scallion_01b.jpg,9bf8bec72fc255e4598aada3616af9ca0b30f9c294478c5cce4384d25e1fccb8,scallion_04s.jpg
157,scallion,01373_scallion,01373_scallion/scallion_02s.jpg,object_images/scallion/scallion_02s.jpg,15c50a3d675d11081ea7a38fbe848e5dfc65b14b48efe41bbea9b8f56e00f471,scallion_04s.jpg
157,scallion,01373_scallion,01373_scallion/scallion_03s.jpg,object_images/scallion/scallion_03s.jpg,f010714c75a26b4f78a5d37ce33ca80a7b548e2d2ff006661b0890805a3a2cfb,scallion_04s.jpg
157,scallion,01373_scallion,01373_scallion/scallion_05s.jpg,object_images/scallion/scallion_05s.jpg,92b52936ced9c7fdb2327feac96974e7f5c8d12a4789839ba214f24b830db83d,scallion_04s.jpg
157,scallion,01373_scallion,01373_scallion/scallion_06s.jpg,object_images/scallion/scallion_06s.jpg,5c7c1a3b53f66c162a1ac6b5e9b9746d7aa31ba7468dd6c9542f6eca5194dfd7,scallion_04s.jpg
157,scallion,01373_scallion,01373_scallion/scallion_07s.jpg,object_images/scallion/scallion_07s.jpg,d0ea34d121283bc22ab222693a6155638bdaec2560d14a9ff307cc87b6323340,scallion_04s.jpg
157,scallion,01373_scallion,01373_scallion/scallion_08s.jpg,object_images/scallion/scallion_08s.jpg,5d0887c81567d9f67c53981ae5738da6d4fb6899613fdf647c828134594e5f37,scallion_04s.jpg
157,scallion,01373_scallion,01373_scallion/scallion_09s.jpg,object_images/scallion/scallion_09s.jpg,c8969de29920ee7e4765c1bdf72997d198f632dec2838f276fade2e1d8e2a8f2,scallion_04s.jpg
157,scallion,01373_scallion,01373_scallion/scallion_10s.jpg,object_images/scallion/scallion_10s.jpg,dcc7aa2d533f56c522c36b9a0a45050f65b482b0abe7c4bfe520c39111502717,scallion_04s.jpg
157,scallion,01373_scallion,01373_scallion/scallion_11s.jpg,object_images/scallion/scallion_11s.jpg,94a7a24f68948fd508a3b74a031d82ea19a58792738f905d406b1ccc015ae5e6,scallion_04s.jpg
157,scallion,01373_scallion,01373_scallion/scallion_12s.jpg,object_images/scallion/scallion_12s.jpg,4e50cf852562e96b8d2fd05532ac1bf9d9275cef0321d369fb8b59ad1dcc2fd6,scallion_04s.jpg
157,scallion,01373_scallion,01373_scallion/scallion_13n.jpg,object_images/scallion/scallion_13n.jpg,4ca426cc3073cc25cee04e90a03367684c556cf7476aa1730bb555ce530d685e,scallion_04s.jpg
157,scallion,01373_scallion,01373_scallion/scallion_14s.jpg,object_images/scallion/scallion_14s.jpg,246d67411842ea26970473e44c9842099197e5dec1ed2596631aea02489b38b9,scallion_04s.jpg
157,scallion,01373_scallion,01373_scallion/scallion_15s.jpg,object_images/scallion/scallion_15s.jpg,e14d4d12b440c47267e7956e3a0413cb43060b07010452156911559e52f2b501,scallion_04s.jpg
158,scallop,01374_scallop,01374_scallop/scallop_01b.jpg,object_images/scallop/scallop_01b.jpg,831a0ffff67bf53dad4b3c2b05ba3cfef7f81abf4fd3de85b49d0c698f578f38,scallop_02s.jpg
158,scallop,01374_scallop,01374_scallop/scallop_03s.jpg,object_images/scallop/scallop_03s.jpg,0499978b99a901aa596972de4fdd0d8cf1152691fca9f79a8d9b85c46eabbde4,scallop_02s.jpg
158,scallop,01374_scallop,01374_scallop/scallop_04s.jpg,object_images/scallop/scallop_04s.jpg,3613d5c39c30a453e55edb5042530447b9952bf0932722edb2d03fa020011cb5,scallop_02s.jpg
158,scallop,01374_scallop,01374_scallop/scallop_05s.jpg,object_images/scallop/scallop_05s.jpg,7628bd4df8cc37575e99766de8a1d904aebde3f3bb609e394c1a3f473edd17d5,scallop_02s.jpg
158,scallop,01374_scallop,01374_scallop/scallop_06s.jpg,object_images/scallop/scallop_06s.jpg,b026241e19d8208acd1c40723e65a373246ffd6e4e3dd96bad2b11bfc67dd3fe,scallop_02s.jpg
158,scallop,01374_scallop,01374_scallop/scallop_07s.jpg,object_images/scallop/scallop_07s.jpg,15450b96755a35b078a83a7742c2ee186774e4ce80e6f6b6a4fe576c387b3bcf,scallop_02s.jpg
158,scallop,01374_scallop,01374_scallop/scallop_08s.jpg,object_images/scallop/scallop_08s.jpg,c1906d5dd193a12b75beaf7f745157bfd0a2300d92290c5e9f214fa863f76c7a,scallop_02s.jpg
158,scallop,01374_scallop,01374_scallop/scallop_09s.jpg,object_images/scallop/scallop_09s.jpg,9c8c236661329f41b42b37632f21c9feed0b8638a7ee5ed5506117bbf3c29693,scallop_02s.jpg
158,scallop,01374_scallop,01374_scallop/scallop_10s.jpg,object_images/scallop/scallop_10s.jpg,c3cf3671c477156b0789285732c254a6305bf47016ec82cdae68bfd002d8c41b,scallop_02s.jpg
158,scallop,01374_scallop,01374_scallop/scallop_11s.jpg,object_images/scallop/scallop_11s.jpg,51d6636e135595a63ceda4165f55b1d09ac197956e2d22839c22bc7070c6df87,scallop_02s.jpg
158,scallop,01374_scallop,01374_scallop/scallop_12s.jpg,object_images/scallop/scallop_12s.jpg,9e1b0c0dd4e2e381ba1d4d629f4cfac822e26aee0cd89fb86f617168b3ec9159,scallop_02s.jpg
158,scallop,01374_scallop,01374_scallop/scallop_13s.jpg,object_images/scallop/scallop_13s.jpg,8b464a5665c02d909057b343b4b60c2ce70f4f5e18c98373bdb99376685b35d1,scallop_02s.jpg
158,scallop,01374_scallop,01374_scallop/scallop_14s.jpg,object_images/scallop/scallop_14s.jpg,e7bafbe5641d52f390348f2a6a3e23e181b0043129dd0bfc2a638374de534ba0,scallop_02s.jpg
158,scallop,01374_scallop,01374_scallop/scallop_15s.jpg,object_images/scallop/scallop_15s.jpg,d539c9cb9fd5f0d940081502ccce391a5165395db3cb5b19aa17efc2cec96cdb,scallop_02s.jpg
159,scooter,01383_scooter,01383_scooter/scooter_01b.jpg,object_images/scooter/scooter_01b.jpg,f932cb8f3947945ab583979d23482c0ac7a57f1be0b53bb5a8f3162449b9c91f,scooter_07s.jpg
159,scooter,01383_scooter,01383_scooter/scooter_02s.jpg,object_images/scooter/scooter_02s.jpg,87508d51d08e4af25a3dc8db424b2956bb02b682733baa9442eaa5e94d026c16,scooter_07s.jpg
159,scooter,01383_scooter,01383_scooter/scooter_03s.jpg,object_images/scooter/scooter_03s.jpg,b92626ddeb83379b5abe09c5f9d5fad4d6d1c5a3a27d096600a740473b52ae6c,scooter_07s.jpg
159,scooter,01383_scooter,01383_scooter/scooter_04s.jpg,object_images/scooter/scooter_04s.jpg,e8cf225af1280654d1b205e9c0895b9c2f06c83743394c8e46a102e9304a8111,scooter_07s.jpg
159,scooter,01383_scooter,01383_scooter/scooter_05s.jpg,object_images/scooter/scooter_05s.jpg,a45b092c30f3310f88ef5f327c5fefe64cecb013634f98c36b2166def110bac8,scooter_07s.jpg
159,scooter,01383_scooter,01383_scooter/scooter_06s.jpg,object_images/scooter/scooter_06s.jpg,2263d29b6dd3ab164c8531d67337e8427f13af61f13e8c28faed0b0f4a1f7f9c,scooter_07s.jpg
159,scooter,01383_scooter,01383_scooter/scooter_08s.jpg,object_images/scooter/scooter_08s.jpg,7e6163db559955e16b77cd4f9967dbdb817f9657d1f22b2fc0d59aa529607a89,scooter_07s.jpg
159,scooter,01383_scooter,01383_scooter/scooter_09s.jpg,object_images/scooter/scooter_09s.jpg,0971f353953237bbd3fea0a59e0720d6d2c40fca9df8a4abdfe37faa6b9738a1,scooter_07s.jpg
159,scooter,01383_scooter,01383_scooter/scooter_10s.jpg,object_images/scooter/scooter_10s.jpg,5eba85a375cbd8fc88687fb421ac6ccab85a5cf24b17191c3e6f83e7b6671e67,scooter_07s.jpg
159,scooter,01383_scooter,01383_scooter/scooter_11s.jpg,object_images/scooter/scooter_11s.jpg,23f5ab3bab55e6bd29f661aa1cc90ab51c73e8bf454418bfa1667a669e161d67,scooter_07s.jpg
159,scooter,01383_scooter,01383_scooter/scooter_12s.jpg,object_images/scooter/scooter_12s.jpg,e588cb65ac6209ed957e5dd8d19198790037ed53876805c3fb241e954ab2e3c9,scooter_07s.jpg
159,scooter,01383_scooter,01383_scooter/scooter_13s.jpg,object_images/scooter/scooter_13s.jpg,d89f85d588daeaf832b9ef7a09b14c55630aa61d480fa04eed01ea8f7f2a0d79,scooter_07s.jpg
159,scooter,01383_scooter,01383_scooter/scooter_14s.jpg,object_images/scooter/scooter_14s.jpg,2c32e6aa0dc63492c2ef2f4c3d22e1243570dbde1118fb81b522ec60bd556245,scooter_07s.jpg
159,scooter,01383_scooter,01383_scooter/scooter_15s.jpg,object_images/scooter/scooter_15s.jpg,b7fbe0f47abdfc4a71400ce5fd1f4700535ce4aebf57d70a94c98c565a5eb0eb,scooter_07s.jpg
159,scooter,01383_scooter,01383_scooter/scooter_16s.jpg,object_images/scooter/scooter_16s.jpg,aeea7715f612ffd75029a5fddad7d7d1cb706eef16be5fadd4a886ff59e0adc6,scooter_07s.jpg
160,seagull,01396_seagull,01396_seagull/seagull_01b.jpg,object_images/seagull/seagull_01b.jpg,9a295337b2577a207ad73e8c8507b288410fd3d14aed0b711f21845ee766632a,seagull_09s.jpg
160,seagull,01396_seagull,01396_seagull/seagull_02s.jpg,object_images/seagull/seagull_02s.jpg,f792df940fcebd34d9bd2e11fee81ed88dfb9f087aaaac0fb5265acfb897371e,seagull_09s.jpg
160,seagull,01396_seagull,01396_seagull/seagull_03s.jpg,object_images/seagull/seagull_03s.jpg,77dd60a64e4ee6fee268816b7123e5d8dc4658eb5fb8abb7340896754220eeb4,seagull_09s.jpg
160,seagull,01396_seagull,01396_seagull/seagull_04s.jpg,object_images/seagull/seagull_04s.jpg,a7392f2373f30205d64f822f76bee00d000059d205a56a8ecb364efdabd28ca8,seagull_09s.jpg
160,seagull,01396_seagull,01396_seagull/seagull_05s.jpg,object_images/seagull/seagull_05s.jpg,9b7240ada04191b3f5d882dfe62ef6c5bd5fa44f6a87e55c5e19cc3b446937c0,seagull_09s.jpg
160,seagull,01396_seagull,01396_seagull/seagull_06s.jpg,object_images/seagull/seagull_06s.jpg,5aa5e9d6faf4f7faf5e4850df6d3d94c3d4f2e795376472ce2bfc4ce95e4b3b0,seagull_09s.jpg
160,seagull,01396_seagull,01396_seagull/seagull_07s.jpg,object_images/seagull/seagull_07s.jpg,812b5cd4666db00fb0ca5ff9d521f18ed5333b4ed9bb5664128f583ca87fdfd1,seagull_09s.jpg
160,seagull,01396_seagull,01396_seagull/seagull_08s.jpg,object_images/seagull/seagull_08s.jpg,f9f334c6cbce9a2c193f3d891aed97b121bb42f24e2a750edd1473d67b829d58,seagull_09s.jpg
160,seagull,01396_seagull,01396_seagull/seagull_10s.jpg,object_images/seagull/seagull_10s.jpg,f24683539aa808ad4cc0eadd4930bea81ce6686739db351965c2f51de804909b,seagull_09s.jpg
160,seagull,01396_seagull,01396_seagull/seagull_11s.jpg,object_images/seagull/seagull_11s.jpg,f7ee867db6bcb0bf1354f092b6fad7b132dde5ba02f598ca0ec4e16fc25ff8b4,seagull_09s.jpg
160,seagull,01396_seagull,01396_seagull/seagull_12s.jpg,object_images/seagull/seagull_12s.jpg,781972243f5d22787e9b6dd6a2b290fc789aaa5a3d898d7a7eb05b6362e7b391,seagull_09s.jpg
161,seaweed,01401_seaweed,01401_seaweed/seaweed_01b.jpg,object_images/seaweed/seaweed_01b.jpg,4fb7eb496e2b2b7615d0b158629189596c4fb2ed0d90efbf7e322c68d9f695d4,seaweed_07s.jpg
161,seaweed,01401_seaweed,01401_seaweed/seaweed_02s.jpg,object_images/seaweed/seaweed_02s.jpg,d4c979045ae4a5f8571c04ad77ab799e2a905bd031b69de0b1b377c8e0a89c78,seaweed_07s.jpg
161,seaweed,01401_seaweed,01401_seaweed/seaweed_03s.jpg,object_images/seaweed/seaweed_03s.jpg,440127168789a372cb8711673888bc4c496e3fb5090967c27b543bff5ef9252a,seaweed_07s.jpg
161,seaweed,01401_seaweed,01401_seaweed/seaweed_04s.jpg,object_images/seaweed/seaweed_04s.jpg,b0fbce76ad55a412efdc6ad6240793166eb8dbbdc6eb427c279c4bee473ef355,seaweed_07s.jpg
161,seaweed,01401_seaweed,01401_seaweed/seaweed_05s.jpg,object_images/seaweed/seaweed_05s.jpg,6c41e0ee05ba6e9a5600b81a1a959e23141133149611823a55c9724f698474e8,seaweed_07s.jpg
161,seaweed,01401_seaweed,01401_seaweed/seaweed_06s.jpg,object_images/seaweed/seaweed_06s.jpg,9e31cae5858ee7857c7f3221ccfe1962ebb7dc4ad54febb8193cda454ab3a908,seaweed_07s.jpg
161,seaweed,01401_seaweed,01401_seaweed/seaweed_08s.jpg,object_images/seaweed/seaweed_08s.jpg,76bd1ea0a013fdffc4dd8fb424cd261e7faec974b45d185409404361213cf5c8,seaweed_07s.jpg
161,seaweed,01401_seaweed,01401_seaweed/seaweed_09s.jpg,object_images/seaweed/seaweed_09s.jpg,e892e9f3b61dd19200dd622e4ff68bae9c863f99d003888748ab86e4e921580c,seaweed_07s.jpg
161,seaweed,01401_seaweed,01401_seaweed/seaweed_10s.jpg,object_images/seaweed/seaweed_10s.jpg,e44c147c1c13228b04c10ac736e713e2585c7ceabd02f208eed6f0ac99eeaf54,seaweed_07s.jpg
161,seaweed,01401_seaweed,01401_seaweed/seaweed_11s.jpg,object_images/seaweed/seaweed_11s.jpg,2091608db202170eddc00245af1fc40ecbbb3d6bda7803f8ebd6442bab180e4a,seaweed_07s.jpg
161,seaweed,01401_seaweed,01401_seaweed/seaweed_12s.jpg,object_images/seaweed/seaweed_12s.jpg,db1185fb7fc94f7b0b64b1acf6f4b4b283363ab4aecdbd78aa1d37f8248c3a60,seaweed_07s.jpg
162,seed,01402_seed,01402_seed/seed_01b.jpg,object_images/seed/seed_01b.jpg,f04d0cb11a40a3d0ae2f99278d8c5ebc7d370252110a249989fad651a8da2bba,seed_07s.jpg
162,seed,01402_seed,01402_seed/seed_02s.jpg,object_images/seed/seed_02s.jpg,bf606e20d1538b02fe8a9c4e8749c7d38687bbb23710f8912db92bc84fd029cb,seed_07s.jpg
162,seed,01402_seed,01402_seed/seed_03s.jpg,object_images/seed/seed_03s.jpg,a9af9d3a47f1077c6bff2dedfcdf2688228c0609cc9e21e8231addc2d7e357b3,seed_07s.jpg
162,seed,01402_seed,01402_seed/seed_04s.jpg,object_images/seed/seed_04s.jpg,13f6fb5589f1202a8b39cd2edcc9d0d5deed8d70d8acacb5f46f2ac0ce60b987,seed_07s.jpg
162,seed,01402_seed,01402_seed/seed_05s.jpg,object_images/seed/seed_05s.jpg,fbcda6cf44912776c721585c77cba73a83ba58dcc75c6addecfa9d757fc46bad,seed_07s.jpg
162,seed,01402_seed,01402_seed/seed_06s.jpg,object_images/seed/seed_06s.jpg,54959c86852f539d4fefed9f1bcaef434adb372e41efa87464a8ec9f459b0d9e,seed_07s.jpg
162,seed,01402_seed,01402_seed/seed_08s.jpg,object_images/seed/seed_08s.jpg,91a0dbf4b2e9a2d83dd6e771140c3e7a108bb61d5a3b8ed030737fdfc770c009,seed_07s.jpg
162,seed,01402_seed,01402_seed/seed_09s.jpg,object_images/seed/seed_09s.jpg,6342254d420aa68e192270d868c665400a01568419747e2e8e83b0a37a194082,seed_07s.jpg
162,seed,01402_seed,01402_seed/seed_10s.jpg,object_images/seed/seed_10s.jpg,6a4c7e49a6a8faa775ad7d28976d5a89454d8bd4ea6afb8c660153ee9d1fe5b3,seed_07s.jpg
162,seed,01402_seed,01402_seed/seed_11s.jpg,object_images/seed/seed_11s.jpg,e6c73373fb128be477f96fa0c887525b52470676cca8a18ee84b3867a832b780,seed_07s.jpg
162,seed,01402_seed,01402_seed/seed_12s.jpg,object_images/seed/seed_12s.jpg,865d6ec05e86a36a197a5aa09b305cce55bd36ff0fb4676d2050278718e817ab,seed_07s.jpg
162,seed,01402_seed,01402_seed/seed_13s.jpg,object_images/seed/seed_13s.jpg,b97474b5a7758b71e7ec2e4ac20caf4c6f4cb15c4b8480dfaccfd2cee065bc78,seed_07s.jpg
162,seed,01402_seed,01402_seed/seed_14s.jpg,object_images/seed/seed_14s.jpg,04ff4e9a0c3831ca5ecbc29a15af542324a98077c3cbd56283b81afb5d4ef993,seed_07s.jpg
163,skateboard,01450_skateboard,01450_skateboard/skateboard_02s.jpg,object_images/skateboard/skateboard_02s.jpg,306b455798e6820519437d2b56bbf6716d35190597179685b77d38b0384d48e3,skateboard_01b.jpg
163,skateboard,01450_skateboard,01450_skateboard/skateboard_03s.jpg,object_images/skateboard/skateboard_03s.jpg,6f4791cd87cbd2c33d86937f7d3917bd9a59141bc8924c4c9b0f31214f482367,skateboard_01b.jpg
163,skateboard,01450_skateboard,01450_skateboard/skateboard_04s.jpg,object_images/skateboard/skateboard_04s.jpg,e73dee97bb0aa7a4d02107a133bf2dd71247c4aad660b801ddb71727a31a8eb1,skateboard_01b.jpg
163,skateboard,01450_skateboard,01450_skateboard/skateboard_05s.jpg,object_images/skateboard/skateboard_05s.jpg,0629cdef1ffaf1deaefe039a0804c6001aeb25ba3398a4abc7851545502f19b2,skateboard_01b.jpg
163,skateboard,01450_skateboard,01450_skateboard/skateboard_06s.jpg,object_images/skateboard/skateboard_06s.jpg,f698250a5d7e0867e05122ebb1dbbff2cfc61097a660baefbe15ee30c1d73836,skateboard_01b.jpg
163,skateboard,01450_skateboard,01450_skateboard/skateboard_07s.jpg,object_images/skateboard/skateboard_07s.jpg,348de6cd862f96f8fc11370eb8e16639894c9fa8633a3185521225b08fd9d38e,skateboard_01b.jpg
163,skateboard,01450_skateboard,01450_skateboard/skateboard_08s.jpg,object_images/skateboard/skateboard_08s.jpg,8cf322ddc5efdfb663de993889e8c04dfd152f9cebbfadc6c483fe93e7c5a469,skateboard_01b.jpg
163,skateboard,01450_skateboard,01450_skateboard/skateboard_09s.jpg,object_images/skateboard/skateboard_09s.jpg,c43e2b53a2392a37bfc3be3e2c45202cc696c36aadf817d01fd35afc73f58f80,skateboard_01b.jpg
163,skateboard,01450_skateboard,01450_skateboard/skateboard_10s.jpg,object_images/skateboard/skateboard_10s.jpg,399a13ee036f7e2ba868d74db30c7e7a8466ba02927ded6ae39d77f07ae22b00,skateboard_01b.jpg
163,skateboard,01450_skateboard,01450_skateboard/skateboard_11s.jpg,object_images/skateboard/skateboard_11s.jpg,3863a820d1a7250ba022f3fb2efc4ad0671c2db9ba7c2ed37b185f1eb20d7b24,skateboard_01b.jpg
163,skateboard,01450_skateboard,01450_skateboard/skateboard_12s.jpg,object_images/skateboard/skateboard_12s.jpg,a4a02775055d86ab8dad58997bf08ed55b220a9e4308e3a4acde4033c0423673,skateboard_01b.jpg
163,skateboard,01450_skateboard,01450_skateboard/skateboard_13s.jpg,object_images/skateboard/skateboard_13s.jpg,24a88ba49a9795fb340e2825f935d91eb7a850b862e77389101e35920e5007e2,skateboard_01b.jpg
163,skateboard,01450_skateboard,01450_skateboard/skateboard_14s.jpg,object_images/skateboard/skateboard_14s.jpg,b2561ba6e762e7f910cf81bea316327fd72d3836b0714b2f121d6cc763ebdcca,skateboard_01b.jpg
164,sled,01461_sled,01461_sled/sled_01b.jpg,object_images/sled/sled_01b.jpg,71468b6ae802b0e65abe997235dbd4775f21aab8cd352dd146b883df4285c5c5,sled_10s.jpg
164,sled,01461_sled,01461_sled/sled_02s.jpg,object_images/sled/sled_02s.jpg,8747bce57e9f5b676ca9e3761b318a05b32bdc64bfa6b789c7e49cb466eba940,sled_10s.jpg
164,sled,01461_sled,01461_sled/sled_03s.jpg,object_images/sled/sled_03s.jpg,6568ab0c4ad199e1a209fef7bc3f211ed9c37f10ddf2e8a52ebfba565d24a3c3,sled_10s.jpg
164,sled,01461_sled,01461_sled/sled_04s.jpg,object_images/sled/sled_04s.jpg,3559c2ab430e5ba5894719a36e921b0e69ec1dcd34d0b19ca57a30e026bf7ff4,sled_10s.jpg
164,sled,01461_sled,01461_sled/sled_05s.jpg,object_images/sled/sled_05s.jpg,4c551e6bcb3284b37eda52425aa2b7ee654a791d4c62cf3168e6fe5ab229409a,sled_10s.jpg
164,sled,01461_sled,01461_sled/sled_06s.jpg,object_images/sled/sled_06s.jpg,2f2b3fcebf31fe9f0470d52521f7b4c1accde9facdaffceadb99fcda52e87912,sled_10s.jpg
164,sled,01461_sled,01461_sled/sled_07s.jpg,object_images/sled/sled_07s.jpg,5ad30d8d8a617bb89e07d48aabd75e81ec7d6f3205b14d0613662699cdbf9c85,sled_10s.jpg
164,sled,01461_sled,01461_sled/sled_08s.jpg,object_images/sled/sled_08s.jpg,a86c8a625a1fa8562234eb2faac1b26652f2198457e1c6cc3613a86531f5cfa9,sled_10s.jpg
164,sled,01461_sled,01461_sled/sled_09s.jpg,object_images/sled/sled_09s.jpg,2f8f8eb697400d9f9c2c3c7a14615f5698c33ef3a882502fa42c07d61a9ac6d3,sled_10s.jpg
164,sled,01461_sled,01461_sled/sled_11s.jpg,object_images/sled/sled_11s.jpg,650ca630091067b24d37fd1bf306a296441887e1d36eff0c25fd085da41c8e26,sled_10s.jpg
164,sled,01461_sled,01461_sled/sled_12s.jpg,object_images/sled/sled_12s.jpg,819bce7e8ca654db7764196eb58f83fa4eff998f5af167531fbca65815c64137,sled_10s.jpg
165,sleeping bag,01463_sleeping_bag,01463_sleeping_bag/sleeping_bag_02s.jpg,object_images/sleeping_bag/sleeping_bag_02s.jpg,6189183a7a3eb9be28e08bb2f02c53a590c841e7daa0eb7043cfe98edc3691bd,sleeping_bag_01b.jpg
165,sleeping bag,01463_sleeping_bag,01463_sleeping_bag/sleeping_bag_03s.jpg,object_images/sleeping_bag/sleeping_bag_03s.jpg,0f072ea224b9cfdae6718269d613162c87561278d8e9b6abd9fc15f3805cefd6,sleeping_bag_01b.jpg
165,sleeping bag,01463_sleeping_bag,01463_sleeping_bag/sleeping_bag_04s.jpg,object_images/sleeping_bag/sleeping_bag_04s.jpg,d489654a9ed97c948a9cd5c9a0b9df7cfef72518eb7b5c14ee3701c61364a05c,sleeping_bag_01b.jpg
165,sleeping bag,01463_sleeping_bag,01463_sleeping_bag/sleeping_bag_05s.jpg,object_images/sleeping_bag/sleeping_bag_05s.jpg,2c68b83fbe130ddbfda4e03d0886dea7d9fcf7744b538df71f42a4b99f3c27c9,sleeping_bag_01b.jpg
165,sleeping bag,01463_sleeping_bag,01463_sleeping_bag/sleeping_bag_06s.jpg,object_images/sleeping_bag/sleeping_bag_06s.jpg,6e44d44ea4abf8b5f824bba6434d4afe0da0402569d27b81409df64d8cdca894,sleeping_bag_01b.jpg
165,sleeping bag,01463_sleeping_bag,01463_sleeping_bag/sleeping_bag_07s.jpg,object_images/sleeping_bag/sleeping_bag_07s.jpg,0fb8edac26f4cd5bce8c71f78fd2dae3cd6874ba5c9aa5e92c7c67d57e18def7,sleeping_bag_01b.jpg
165,sleeping bag,01463_sleeping_bag,01463_sleeping_bag/sleeping_bag_08s.jpg,object_images/sleeping_bag/sleeping_bag_08s.jpg,d3024fafbed69421e43e748698eee9ac5e4c6d1916a07941508cb4d2d6c60591,sleeping_bag_01b.jpg
165,sleeping bag,01463_sleeping_bag,01463_sleeping_bag/sleeping_bag_09s.jpg,object_images/sleeping_bag/sleeping_bag_09s.jpg,86eda9470edde865959404dbf2202f879ae49154ed5ec01b4699c9ed46710ebc,sleeping_bag_01b.jpg
165,sleeping bag,01463_sleeping_bag,01463_sleeping_bag/sleeping_bag_10s.jpg,object_images/sleeping_bag/sleeping_bag_10s.jpg,f2de237b25e2c857939bd9c47c81fee718260e9b2c7a1911bc9ffca1619f900d,sleeping_bag_01b.jpg
165,sleeping bag,01463_sleeping_bag,01463_sleeping_bag/sleeping_bag_11s.jpg,object_images/sleeping_bag/sleeping_bag_11s.jpg,5bcedd6974a16bfef89317dd007a44c52da55af67f66851fc784cc90d4a25568,sleeping_bag_01b.jpg
165,sleeping bag,01463_sleeping_bag,01463_sleeping_bag/sleeping_bag_12s.jpg,object_images/sleeping_bag/sleeping_bag_12s.jpg,63abcdb3561010482a4bddc412c5343afda860796a312631d99251f418e8acc7,sleeping_bag_01b.jpg
166,slide,01465_slide,01465_slide/slide_01b.jpg,object_images/slide/slide_01b.jpg,07f65be1698f844e4e2a609165c5659d47b1926dfa8a47576872bddcc0ac7e11,slide_04s.jpg
166,slide,01465_slide,01465_slide/slide_02s.jpg,object_images/slide/slide_02s.jpg,f723d40af8ce1dcff08f0310c791cb91a1cebf216b914919fc1b6813ae0c0ea2,slide_04s.jpg
166,slide,01465_slide,01465_slide/slide_03s.jpg,object_images/slide/slide_03s.jpg,1912216d5c73604f4b99aaf80516c35c889fb1b62ebb352fa230db1692bc6459,slide_04s.jpg
166,slide,01465_slide,01465_slide/slide_05s.jpg,object_images/slide/slide_05s.jpg,e94607d6b0ca9e3f5fe87eb7b276eab94adf0cd797007ea42daac25b153ee779,slide_04s.jpg
166,slide,01465_slide,01465_slide/slide_06s.jpg,object_images/slide/slide_06s.jpg,73230a0a8d8c2147913f307fafa93b7480879c3eea96b38faf5d617feaeca9e1,slide_04s.jpg
166,slide,01465_slide,01465_slide/slide_07s.jpg,object_images/slide/slide_07s.jpg,72ff6a06f6443c3524e55506d6f780b641f227062e8a022481184851dd2daf55,slide_04s.jpg
166,slide,01465_slide,01465_slide/slide_08s.jpg,object_images/slide/slide_08s.jpg,f76382dbd7362ed4ead9aaaa90a3de2269384345121fd095a020fc0fcbcdfd95,slide_04s.jpg
166,slide,01465_slide,01465_slide/slide_09s.jpg,object_images/slide/slide_09s.jpg,3b13bb9ffd56b38d7cc15e493a227a161b6b38a47b5c7232fa2188f3e70482a0,slide_04s.jpg
166,slide,01465_slide,01465_slide/slide_10s.jpg,object_images/slide/slide_10s.jpg,0013f8687290c7a336712187c0104a906d54f61aaf9f3e4114cb92a544b1b380,slide_04s.jpg
166,slide,01465_slide,01465_slide/slide_11s.jpg,object_images/slide/slide_11s.jpg,00550d31352aa7ae8cda25a6f5486844b1443ceac05d773159a2dae643b517b7,slide_04s.jpg
166,slide,01465_slide,01465_slide/slide_12s.jpg,object_images/slide/slide_12s.jpg,70802b1f13fe624bd21426051e923da85689865e19bb432b0ad8af3f5b24c403,slide_04s.jpg
166,slide,01465_slide,01465_slide/slide_13s.jpg,object_images/slide/slide_13s.jpg,7a906cf52d0e780b33fa922b32ca393bce26248b15826784a770dd47147d12c6,slide_04s.jpg
166,slide,01465_slide,01465_slide/slide_14s.jpg,object_images/slide/slide_14s.jpg,76d83bd819db982a4cb5840336d55bbd04648717c3d75d0a2b7bca1fec11b1e2,slide_04s.jpg
166,slide,01465_slide,01465_slide/slide_15s.jpg,object_images/slide/slide_15s.jpg,46e26dfe284aa268682e93b1b3bbe78fe17145af6b07ee01dda963f296a8458b,slide_04s.jpg
166,slide,01465_slide,01465_slide/slide_16s.jpg,object_images/slide/slide_16s.jpg,585a81c317dae2e44db2c17dde506b61b98fb512578aff310ee3d9d636d3a9d7,slide_04s.jpg
167,slingshot,01468_slingshot,01468_slingshot/slingshot_01b.jpg,object_images/slingshot/slingshot_01b.jpg,9a5f8f262001409e15b01ac7654d1a885dfda39df83eebb7666e0e2bed391921,slingshot_07s.jpg
167,slingshot,01468_slingshot,01468_slingshot/slingshot_02s.jpg,object_images/slingshot/slingshot_02s.jpg,a4a4949fbd46b84fcef3837b55b950f2bd7598ea5d2d395c7a9fc09a88716894,slingshot_07s.jpg
167,slingshot,01468_slingshot,01468_slingshot/slingshot_03s.jpg,object_images/slingshot/slingshot_03s.jpg,4a5f38cf2b4601241abf302edf6a19706c7ebc4bd0d74f303c6f645e2767f1ce,slingshot_07s.jpg
167,slingshot,01468_slingshot,01468_slingshot/slingshot_04s.jpg,object_images/slingshot/slingshot_04s.jpg,917b8e8b46676aaf4cc5288382feb82979eba41888feae9b7f867c214434598e,slingshot_07s.jpg
167,slingshot,01468_slingshot,01468_slingshot/slingshot_05s.jpg,object_images/slingshot/slingshot_05s.jpg,b2861f5585a17d21ce092f2e5b027ef1782837d17f25ea55f70d0a43f1214be7,slingshot_07s.jpg
167,slingshot,01468_slingshot,01468_slingshot/slingshot_06s.jpg,object_images/slingshot/slingshot_06s.jpg,a7ef08720095af73cabce67544be35fd9a138e4dd09c57e2a04298be342d9e02,slingshot_07s.jpg
167,slingshot,01468_slingshot,01468_slingshot/slingshot_08s.jpg,object_images/slingshot/slingshot_08s.jpg,7297fc2c8eea2adc56164363499ce770245c3d559f9ac0e9bdfc694391a15c20,slingshot_07s.jpg
167,slingshot,01468_slingshot,01468_slingshot/slingshot_09s.jpg,object_images/slingshot/slingshot_09s.jpg,81203c1a050e2f13d8d3660181676eb3ac8fcdc945f4eb1db864975c2c7fb525,slingshot_07s.jpg
167,slingshot,01468_slingshot,01468_slingshot/slingshot_10s.jpg,object_images/slingshot/slingshot_10s.jpg,30558d8aa586253428f8977b89563c07707624d36b1be319ffab36bf6219505a,slingshot_07s.jpg
167,slingshot,01468_slingshot,01468_slingshot/slingshot_11s.jpg,object_images/slingshot/slingshot_11s.jpg,8dcb421f4c1da0b37158adae4b192d8533b036daae96b3b48d258f26da4900ae,slingshot_07s.jpg
167,slingshot,01468_slingshot,01468_slingshot/slingshot_12s.jpg,object_images/slingshot/slingshot_12s.jpg,90e1b8d77a88f248b4d59105bc1dc4550e3df46b4787f51bb0803c7a315f82f1,slingshot_07s.jpg
168,snowshoe,01486_snowshoe,01486_snowshoe/snowshoe_01b.jpg,object_images/snowshoe/snowshoe_01b.jpg,c7cb533b990d990b4baf9a31d0e8fb3a40532216918b780f1f841c9ce5ed39a2,snowshoe_04s.jpg
168,snowshoe,01486_snowshoe,01486_snowshoe/snowshoe_02s.jpg,object_images/snowshoe/snowshoe_02s.jpg,55476967fb56c369ede4438b6da894bc3e5ebb732fb85bc6fcf20021e918188e,snowshoe_04s.jpg
168,snowshoe,01486_snowshoe,01486_snowshoe/snowshoe_03s.jpg,object_images/snowshoe/snowshoe_03s.jpg,e499ef9ee00c045020ae228c28821da0fc2fcef638b12ad768a387ef81802859,snowshoe_04s.jpg
168,snowshoe,01486_snowshoe,01486_snowshoe/snowshoe_05s.jpg,object_images/snowshoe/snowshoe_05s.jpg,e17c4c50c0ae341a364556ae2c408c7508c1132fcfb24a40d44d6a2c4579aec8,snowshoe_04s.jpg
168,snowshoe,01486_snowshoe,01486_snowshoe/snowshoe_06s.jpg,object_images/snowshoe/snowshoe_06s.jpg,764bae3041423a4e9efaea60587f1caf8d2a9afde3ca36d20db5ad67fafaea64,snowshoe_04s.jpg
168,snowshoe,01486_snowshoe,01486_snowshoe/snowshoe_07s.jpg,object_images/snowshoe/snowshoe_07s.jpg,a788611dff55642a42238d292e0f46eca13632814eb98bd4b2d3d4ddf6cb28f7,snowshoe_04s.jpg
168,snowshoe,01486_snowshoe,01486_snowshoe/snowshoe_08s.jpg,object_images/snowshoe/snowshoe_08s.jpg,ce747238b98615b3aa81bd25893ce696274026ee856775684c4f325c9384fd0b,snowshoe_04s.jpg
168,snowshoe,01486_snowshoe,01486_snowshoe/snowshoe_09s.jpg,object_images/snowshoe/snowshoe_09s.jpg,cdcee100853e5b7d8b28163d3c58e5fbec6f21ce656d21ee77d69907ce3b1618,snowshoe_04s.jpg
168,snowshoe,01486_snowshoe,01486_snowshoe/snowshoe_10s.jpg,object_images/snowshoe/snowshoe_10s.jpg,1df12f6180f2afa0b0b3faef879cc1b302bbbc4a4c3fe13630e41951182bb95b,snowshoe_04s.jpg
168,snowshoe,01486_snowshoe,01486_snowshoe/snowshoe_11s.jpg,object_images/snowshoe/snowshoe_11s.jpg,4674e76ce548f259d784a33c0af38dc697ea53ec76df5c01d898848ad960a4a8,snowshoe_04s.jpg
168,snowshoe,01486_snowshoe,01486_snowshoe/snowshoe_12s.jpg,object_images/snowshoe/snowshoe_12s.jpg,d4f208db3e5c9ebcd49770830a878695c70666613ca70cc7634b7a60858b5b3f,snowshoe_04s.jpg
168,snowshoe,01486_snowshoe,01486_snowshoe/snowshoe_13s.jpg,object_images/snowshoe/snowshoe_13s.jpg,f19463888020522aa131a825ac04ca028ecabf04a1623e907bdc15d7f2127c26,snowshoe_04s.jpg
169,spatula,01509_spatula,01509_spatula/spatula_01b.jpg,object_images/spatula/spatula_01b.jpg,2107acdcbd312f654a6b4cd16abe45bc92ca3b26dad095831f9bf618de6154d5,spatula_08s.jpg
169,spatula,01509_spatula,01509_spatula/spatula_02s.jpg,object_images/spatula/spatula_02s.jpg,a9a6540943f524f3849f2067ec3f090bec9ecfce3320393d8a30ad268940ae8b,spatula_08s.jpg
169,spatula,01509_spatula,01509_spatula/spatula_03s.jpg,object_images/spatula/spatula_03s.jpg,6f7eff87d641f3874e8d071fbbb647c371389b8107883c73b39945d7003503e4,spatula_08s.jpg
169,spatula,01509_spatula,01509_spatula/spatula_04s.jpg,object_images/spatula/spatula_04s.jpg,fe61b39d7d2f4b0d017ecc2f4e03bd11237c08d81fe737cd018570b913afd08d,spatula_08s.jpg
169,spatula,01509_spatula,01509_spatula/spatula_05s.jpg,object_images/spatula/spatula_05s.jpg,2e8dbfd5ff5257da5113c23719b82f4b27f7c65b0ccd103fc1d0992672951145,spatula_08s.jpg
169,spatula,01509_spatula,01509_spatula/spatula_06s.jpg,object_images/spatula/spatula_06s.jpg,430dc733807c9c27df55503ef0ce0b8f2a98dd861fe85c994e3026f7914ddce0,spatula_08s.jpg
169,spatula,01509_spatula,01509_spatula/spatula_07s.jpg,object_images/spatula/spatula_07s.jpg,07a76882b6bb32a51fec6eb4cba9fbea70fa1fe7ced8adae194b0f5b7ab4401b,spatula_08s.jpg
169,spatula,01509_spatula,01509_spatula/spatula_09s.jpg,object_images/spatula/spatula_09s.jpg,b55b158590d06f34db48703ab121b446c018eb7e790656e72edc7d1c6b58f1f5,spatula_08s.jpg
169,spatula,01509_spatula,01509_spatula/spatula_10s.jpg,object_images/spatula/spatula_10s.jpg,b30085ebb69e9d073d17ca6db6c2f190f16b41aa2c2ebe9c5dc8d1a7e0a659ff,spatula_08s.jpg
169,spatula,01509_spatula,01509_spatula/spatula_11s.jpg,object_images/spatula/spatula_11s.jpg,18f70f403cac17655e8cca935886a6a877179a0bd6fa0c0db3ca814d5f40730a,spatula_08s.jpg
169,spatula,01509_spatula,01509_spatula/spatula_12s.jpg,object_images/spatula/spatula_12s.jpg,c8476c893442b559ef648163d2cf076cbc8bfc20a12ea1e05276e1bbb7e0be50,spatula_08s.jpg
169,spatula,01509_spatula,01509_spatula/spatula_13s.jpg,object_images/spatula/spatula_13s.jpg,6f4089b4bcd351d4cf228656c8f0ccb421846533d682aa006ed1d2914b16ceef,spatula_08s.jpg
170,spoon,01520_spoon,01520_spoon/spoon_01b.jpg,object_images/spoon/spoon_01b.jpg,b740ed3dd099fae47322890247e5b84f5055f9ae4f9ba44af0b9fca2719c4c64,spoon_04s.jpg
170,spoon,01520_spoon,01520_spoon/spoon_02s.jpg,object_images/spoon/spoon_02s.jpg,5bea714af8e4be6eb5321a45717694ddddab6c886cf8a6f34ac72d9699b89e33,spoon_04s.jpg
170,spoon,01520_spoon,01520_spoon/spoon_03s.jpg,object_images/spoon/spoon_03s.jpg,7451a3d55e5803d0501edf7a6e1f6e8ab3c3deaa8132f7e261a8648ae0eaec69,spoon_04s.jpg
170,spoon,01520_spoon,01520_spoon/spoon_05n.jpg,object_images/spoon/spoon_05n.jpg,1360a468e96689b375e60f3df5497942912c809b6d269b6a6fee82d7792f57a5,spoon_04s.jpg
170,spoon,01520_spoon,01520_spoon/spoon_06s.jpg,object_images/spoon/spoon_06s.jpg,662da65622cc25ab5443d147cb5c9886491b08315a8a895775e9300716b597d9,spoon_04s.jpg
170,spoon,01520_spoon,01520_spoon/spoon_07s.jpg,object_images/spoon/spoon_07s.jpg,345a8354c3f3c765c906bff5b037e035431a6aedcc329d676b16f1234a28e420,spoon_04s.jpg
170,spoon,01520_spoon,01520_spoon/spoon_08s.jpg,object_images/spoon/spoon_08s.jpg,411fa021dd9539edd0b01bb57019dbe0bd8d4c51dc635a66d7cb92ac366adb0b,spoon_04s.jpg
170,spoon,01520_spoon,01520_spoon/spoon_09s.jpg,object_images/spoon/spoon_09s.jpg,f4d9f5676de304d0655d3f8e94cc1bae4477e7c7d736f44e5397b11937dcb80b,spoon_04s.jpg
170,spoon,01520_spoon,01520_spoon/spoon_10s.jpg,object_images/spoon/spoon_10s.jpg,4c94faf7325aefecfcedc054c1cbc883d4b85723a3b42bb8a1aa2eb7e8cf72ed,spoon_04s.jpg
170,spoon,01520_spoon,01520_spoon/spoon_11s.jpg,object_images/spoon/spoon_11s.jpg,b601435fad7b026f57c2b02ed948010d115c813ab1c37f634c1283ce4067924e,spoon_04s.jpg
170,spoon,01520_spoon,01520_spoon/spoon_12s.jpg,object_images/spoon/spoon_12s.jpg,a3fc0cdf76f5e14357c1ac8d12a9b776c648721db9b59f4bec08e1774c7e8076,spoon_04s.jpg
170,spoon,01520_spoon,01520_spoon/spoon_13n.jpg,object_images/spoon/spoon_13n.jpg,136f85a2e5d6ff8edb16c318b38cd32567e8056daf236660b43531e784678cba,spoon_04s.jpg
171,station wagon,01543_station_wagon,01543_station_wagon/station_wagon_01b.jpg,object_images/station_wagon/station_wagon_01b.jpg,e93d1ab0a93bf0c173b32e7655c345d2c3ff41ab11315cb6c6c3d46af1385686,station_wagon_04s.jpg
171,station wagon,01543_station_wagon,01543_station_wagon/station_wagon_02s.jpg,object_images/station_wagon/station_wagon_02s.jpg,8b05caebbe163cc6e2fceaa8b00dfecae97e8e445149139bfd689d480098b8eb,station_wagon_04s.jpg
171,station wagon,01543_station_wagon,01543_station_wagon/station_wagon_03s.jpg,object_images/station_wagon/station_wagon_03s.jpg,278b223b578ad24242e103ae1bd215e69760e4c84b1e4f094e95011a5414f5fe,station_wagon_04s.jpg
171,station wagon,01543_station_wagon,01543_station_wagon/station_wagon_05s.jpg,object_images/station_wagon/station_wagon_05s.jpg,0e1e6e99be2679f253fab24d8ee66d91f60b0097f8f0213b1f91278dbc5bef52,station_wagon_04s.jpg
171,station wagon,01543_station_wagon,01543_station_wagon/station_wagon_06s.jpg,object_images/station_wagon/station_wagon_06s.jpg,fd407c61e5058289d856b56886627effdf785fc3c67c5ede20bfe6fa83250573,station_wagon_04s.jpg
171,station wagon,01543_station_wagon,01543_station_wagon/station_wagon_07s.jpg,object_images/station_wagon/station_wagon_07s.jpg,f623a6f2847ffa5c8db5f75c8d4b6cb2fd218aac569a373ee42a51193e4b1b40,station_wagon_04s.jpg
171,station wagon,01543_station_wagon,01543_station_wagon/station_wagon_08s.jpg,object_images/station_wagon/station_wagon_08s.jpg,afaabb5aaaae394daa636760a7523aafcb6229f26cb0422e8f6d71555e34d2df,station_wagon_04s.jpg
171,station wagon,01543_station_wagon,01543_station_wagon/station_wagon_09s.jpg,object_images/station_wagon/station_wagon_09s.jpg,881a65bd9a1b128ef362a226b659ef3288d1a6c7180ea7104f331200a27f9f5f,station_wagon_04s.jpg
171,station wagon,01543_station_wagon,01543_station_wagon/station_wagon_10s.jpg,object_images/station_wagon/station_wagon_10s.jpg,fa27ccef6d449c5cf9bb403d9cd3b5968f2ec1b292cd0e5e72ad8d2ce3538d5c,station_wagon_04s.jpg
171,station wagon,01543_station_wagon,01543_station_wagon/station_wagon_11s.jpg,object_images/station_wagon/station_wagon_11s.jpg,78d8fb1e2adb281eb045bc2e67e27aeee18874a09ac4b1d1660a3580b494534d,station_wagon_04s.jpg
171,station wagon,01543_station_wagon,01543_station_wagon/station_wagon_12s.jpg,object_images/station_wagon/station_wagon_12s.jpg,31f14febfbd854d2518b48614d0eb55181ee9ba35be8b52fc4096fc64d1d0968,station_wagon_04s.jpg
171,station wagon,01543_station_wagon,01543_station_wagon/station_wagon_13s.jpg,object_images/station_wagon/station_wagon_13s.jpg,27ec677e63ee2e278fcda779206fbf4a555e5c12394f4b2ab6c19c30e7559c4b,station_wagon_04s.jpg
172,stethoscope,01551_stethoscope,01551_stethoscope/stethoscope_01b.jpg,object_images/stethoscope/stethoscope_01b.jpg,5d0ae52ad9b3a3376f86f46ff73ff59a35cbfed4fd9c1de12f4d0c6240144982,stethoscope_11s.jpg
172,stethoscope,01551_stethoscope,01551_stethoscope/stethoscope_02s.jpg,object_images/stethoscope/stethoscope_02s.jpg,e9c3966e8b67648e15f7085c4003075f75102afd234a46a7194ea7a6f2a79bbd,stethoscope_11s.jpg
172,stethoscope,01551_stethoscope,01551_stethoscope/stethoscope_03s.jpg,object_images/stethoscope/stethoscope_03s.jpg,f6078aa9fbb4a5ca7551974fb2464daeccaa0cd95c5148def8e3bf35c4c8ca09,stethoscope_11s.jpg
172,stethoscope,01551_stethoscope,01551_stethoscope/stethoscope_04s.jpg,object_images/stethoscope/stethoscope_04s.jpg,8921497ea64be0811f1962f60ffe3004633e389948f2fc943671ab6b3be7a614,stethoscope_11s.jpg
172,stethoscope,01551_stethoscope,01551_stethoscope/stethoscope_05s.jpg,object_images/stethoscope/stethoscope_05s.jpg,05214c0c87af2ad1a1e7c35b37b3114ffe4fe319fd2486d516838472a446fe65,stethoscope_11s.jpg
172,stethoscope,01551_stethoscope,01551_stethoscope/stethoscope_06n.jpg,object_images/stethoscope/stethoscope_06n.jpg,37cb6611e5826892256919c948586d3152c1d053fc535b5375b989e690556fce,stethoscope_11s.jpg
172,stethoscope,01551_stethoscope,01551_stethoscope/stethoscope_07s.jpg,object_images/stethoscope/stethoscope_07s.jpg,8487c7af45ed86d6ee21db8a6887656cbf9f8183ea3db6c13672d9569fd3b730,stethoscope_11s.jpg
172,stethoscope,01551_stethoscope,01551_stethoscope/stethoscope_08s.jpg,object_images/stethoscope/stethoscope_08s.jpg,6dec9f3414a4934d306072322e9493e34d31f52fe55831237e5f64b264c1fadb,stethoscope_11s.jpg
172,stethoscope,01551_stethoscope,01551_stethoscope/stethoscope_09n.jpg,object_images/stethoscope/stethoscope_09n.jpg,2ad650b7a4683d583518a272fe6eeaa0afb9f2421d15f3b2d6f4237509977699,stethoscope_11s.jpg
172,stethoscope,01551_stethoscope,01551_stethoscope/stethoscope_10s.jpg,object_images/stethoscope/stethoscope_10s.jpg,313ab0731082887dac99b7df7b747176afe3b62f6515977e6d8a5901adeeab70,stethoscope_11s.jpg
172,stethoscope,01551_stethoscope,01551_stethoscope/stethoscope_12s.jpg,object_images/stethoscope/stethoscope_12s.jpg,2ac7ff8127cf72898c6ce76cda1a45d97744b8760a1484a8a4e6060e7c91c584,stethoscope_11s.jpg
173,strawberry,01571_strawberry,01571_strawberry/strawberry_01b.jpg,object_images/strawberry/strawberry_01b.jpg,cf248633acb70ff2cc3762b60191fec72bfc59c91fab4654197f37e6418a29ff,strawberry_09n.jpg
173,strawberry,01571_strawberry,01571_strawberry/strawberry_02n.jpg,object_images/strawberry/strawberry_02n.jpg,7725b040f48bdd6e7eea07d7d64c166ce8d6a983f05f3640eec274b648b14cad,strawberry_09n.jpg
173,strawberry,01571_strawberry,01571_strawberry/strawberry_03n.jpg,object_images/strawberry/strawberry_03n.jpg,b96515a5845228dbf909a5edbe81263967b5a4007a64e165a9f1fcaa73c05ff7,strawberry_09n.jpg
173,strawberry,01571_strawberry,01571_strawberry/strawberry_04n.jpg,object_images/strawberry/strawberry_04n.jpg,bcdefee19ab33656fd65b340be4d0a88d42e8b1a5f06fcb56c9c6ced3d6602a2,strawberry_09n.jpg
173,strawberry,01571_strawberry,01571_strawberry/strawberry_05n.jpg,object_images/strawberry/strawberry_05n.jpg,815ea698c6f97c0f69a54c36dffb47e62a7a85a1d2e75a4663fce92705a76a0d,strawberry_09n.jpg
173,strawberry,01571_strawberry,01571_strawberry/strawberry_06n.jpg,object_images/strawberry/strawberry_06n.jpg,cc46fedd9eae14697cd2a0552280079a7e0bf19eda03d5803204e9107d169864,strawberry_09n.jpg
173,strawberry,01571_strawberry,01571_strawberry/strawberry_07n.jpg,object_images/strawberry/strawberry_07n.jpg,81bcec25dfd18bbc424869c76ddae225f4b42a4194ea3c71de928f150dddeabc,strawberry_09n.jpg
173,strawberry,01571_strawberry,01571_strawberry/strawberry_08n.jpg,object_images/strawberry/strawberry_08n.jpg,027f5da758d7026f18b0b71f4eca8b5b7625028415b84439eae9a9c4340bd103,strawberry_09n.jpg
173,strawberry,01571_strawberry,01571_strawberry/strawberry_10n.jpg,object_images/strawberry/strawberry_10n.jpg,82c25745279b007a290354ccac39f2a3472c2b673d8e4a8734148b622291434e,strawberry_09n.jpg
173,strawberry,01571_strawberry,01571_strawberry/strawberry_11n.jpg,object_images/strawberry/strawberry_11n.jpg,bc45b67064f2b4b12f977609e800dc633d0b816d2206f48bda7eba5f69c1bb59,strawberry_09n.jpg
173,strawberry,01571_strawberry,01571_strawberry/strawberry_12n.jpg,object_images/strawberry/strawberry_12n.jpg,616e33e975c505cda7fb97f3ca51e432645eca4e963f1cc843fcf465abed177e,strawberry_09n.jpg
173,strawberry,01571_strawberry,01571_strawberry/strawberry_13n.jpg,object_images/strawberry/strawberry_13n.jpg,02905b092f6761caf99e61543819b11ef8fe68b16f7e96511c0c47624aca6106,strawberry_09n.jpg
173,strawberry,01571_strawberry,01571_strawberry/strawberry_14n.jpg,object_images/strawberry/strawberry_14n.jpg,73652963988e98bddd9c2e616f2d00e5b2ddb5ea06d9f1f769f127b4a2f4b5db,strawberry_09n.jpg
173,strawberry,01571_strawberry,01571_strawberry/strawberry_15n.jpg,object_images/strawberry/strawberry_15n.jpg,4ab851c6ad8f33bfde628874cff75d57a109890f1fd45201cd70820d3ac1a4cc,strawberry_09n.jpg
174,submarine,01578_submarine,01578_submarine/submarine_01b.jpg,object_images/submarine/submarine_01b.jpg,4df7761994757fb6d042bda36508a446f83b54bc6b282ab2f74f68965b537c39,submarine_09s.jpg
174,submarine,01578_submarine,01578_submarine/submarine_02s.jpg,object_images/submarine/submarine_02s.jpg,43d02f423fbd0c1b18c847d6487e19e1762a54b643bbbf9e1917099a880c59e9,submarine_09s.jpg
174,submarine,01578_submarine,01578_submarine/submarine_03s.jpg,object_images/submarine/submarine_03s.jpg,868de7bb91ece862b9ce69352cbd24d59725801e5e66dfb060598c65dfe76a45,submarine_09s.jpg
174,submarine,01578_submarine,01578_submarine/submarine_04s.jpg,object_images/submarine/submarine_04s.jpg,697564302dfb0b2a6af565320a0648b286649051dbde22746cc2fc0260b50ccc,submarine_09s.jpg
174,submarine,01578_submarine,01578_submarine/submarine_05s.jpg,object_images/submarine/submarine_05s.jpg,f609d4559d2bb7dbd09f612f9b043a435d794672fa907a1a88f7671f79ddc2ee,submarine_09s.jpg
174,submarine,01578_submarine,01578_submarine/submarine_06n.jpg,object_images/submarine/submarine_06n.jpg,d9bd9805067bdacbd5f554e19f9f11ffe95d61e94e16ee9037948239c83e21db,submarine_09s.jpg
174,submarine,01578_submarine,01578_submarine/submarine_07s.jpg,object_images/submarine/submarine_07s.jpg,8c38494966e7202b15246dbe7ec601d11100fc6fecfb0a5782e19e3eb150390b,submarine_09s.jpg
174,submarine,01578_submarine,01578_submarine/submarine_08s.jpg,object_images/submarine/submarine_08s.jpg,d48409b7d56be86f7ef7899624b62bf8dd00e1f116c632bca6c0f56ca06c7a03,submarine_09s.jpg
174,submarine,01578_submarine,01578_submarine/submarine_10n.jpg,object_images/submarine/submarine_10n.jpg,4d4bbd955795f663e7eb1b72268cdcd6361276ceee1a3cdfb54dd60c75d1d876,submarine_09s.jpg
174,submarine,01578_submarine,01578_submarine/submarine_11n.jpg,object_images/submarine/submarine_11n.jpg,01f6f17b232b9754a6087a95d5aa7b9ffe35b8ada4e59d3989451982483ea771,submarine_09s.jpg
174,submarine,01578_submarine,01578_submarine/submarine_12s.jpg,object_images/submarine/submarine_12s.jpg,e622461d2777f946b93f412cd8acb03df2af1914ad01cb028e3cf2ec51c025f2,submarine_09s.jpg
174,submarine,01578_submarine,01578_submarine/submarine_13n.jpg,object_images/submarine/submarine_13n.jpg,2586861988223ace8a66fb800b91d5fafb364330b47214f61251e3c307da3756,submarine_09s.jpg
174,submarine,01578_submarine,01578_submarine/submarine_14s.jpg,object_images/submarine/submarine_14s.jpg,56b31ca94bc7b97f4562d00387dbf3adbe63bbb9f021166f023f87bf3a92ec87,submarine_09s.jpg
175,suit,01581_suit,01581_suit/suit_01b.jpg,object_images/suit/suit_01b.jpg,60f76c1c5cede8028ba8fa4472c6b66180bd67bf450e881121ea980c2036c588,suit_13s.jpg
175,suit,01581_suit,01581_suit/suit_02s.jpg,object_images/suit/suit_02s.jpg,2221611b19c311883aaeba41928a910e2cc20f19b8fb05b8a3f51c815f726e2e,suit_13s.jpg
175,suit,01581_suit,01581_suit/suit_03s.jpg,object_images/suit/suit_03s.jpg,64bc07c3a9a06c3f1eecc19658e1fba8f2ea8d932ccb65c5526ab282a7a21057,suit_13s.jpg
175,suit,01581_suit,01581_suit/suit_04s.jpg,object_images/suit/suit_04s.jpg,9c2d92ee09ccf5cf3c7f86c2b4aa7883e009691bfd4133adb15fe07362223dcb,suit_13s.jpg
175,suit,01581_suit,01581_suit/suit_05s.jpg,object_images/suit/suit_05s.jpg,4d5327479e2d6babe96db9a2e1be66d3b034d8767dfcde0c59158eab7ba06c2b,suit_13s.jpg
175,suit,01581_suit,01581_suit/suit_06s.jpg,object_images/suit/suit_06s.jpg,ab51e103b50d75ea6f7cb82de234be3bb2f7e425c5bc3995e9b5487c2252d3e5,suit_13s.jpg
175,suit,01581_suit,01581_suit/suit_07s.jpg,object_images/suit/suit_07s.jpg,6d49c973e06c32c1bf969a16e4e5256d418cfc62650607b12b0824f2f2a2b58d,suit_13s.jpg
175,suit,01581_suit,01581_suit/suit_08s.jpg,object_images/suit/suit_08s.jpg,6aacca498ddac548e94dd88622bab361da1ce93b36afe4ee433b4351d02c2511,suit_13s.jpg
175,suit,01581_suit,01581_suit/suit_09s.jpg,object_images/suit/suit_09s.jpg,e9a1bce778e09e6eaecef3b402cdefb1c9c73508472ef6f59c1f0d47f31d939d,suit_13s.jpg
175,suit,01581_suit,01581_suit/suit_10s.jpg,object_images/suit/suit_10s.jpg,adafd5bb7640dbcda3458073d5b33391018f24bdbb542cebcf96a7bcf5dbcd97,suit_13s.jpg
175,suit,01581_suit,01581_suit/suit_11s.jpg,object_images/suit/suit_11s.jpg,9218290ddefad15fab97bb505ef9283af48e9a316ff1c408602df094fe687ac8,suit_13s.jpg
175,suit,01581_suit,01581_suit/suit_12s.jpg,object_images/suit/suit_12s.jpg,8c45dc5574b66e31eab137fffa06c68f6dec8272fa054cd3131203773a78872a,suit_13s.jpg
175,suit,01581_suit,01581_suit/suit_14s.jpg,object_images/suit/suit_14s.jpg,198aebfd5ff712eeae55ae2d6c5bf47b5efe57dec36aaeb14653fc7cd503cbd0,suit_13s.jpg
175,suit,01581_suit,01581_suit/suit_15s.jpg,object_images/suit/suit_15s.jpg,cec66b0772a595d67154fcdee310b328da55ea10149b734ee018aa3aeaeb3a6e,suit_13s.jpg
176,t-shirt,01607_t-shirt,01607_t-shirt/t-shirt_01b.jpg,object_images/t-shirt/t-shirt_01b.jpg,b3854d862ec2dcf51cc0e3d78f1b8ed492c10bcc094e4ae34fbfbca3d13db68e,t-shirt_15s.jpg
176,t-shirt,01607_t-shirt,01607_t-shirt/t-shirt_02s.jpg,object_images/t-shirt/t-shirt_02s.jpg,18b9b302fbbcfa6019597770e05af3830400b4acf25e641db217dc0ec3946a80,t-shirt_15s.jpg
176,t-shirt,01607_t-shirt,01607_t-shirt/t-shirt_03s.jpg,object_images/t-shirt/t-shirt_03s.jpg,84b259fa51002cfaf010af183fa0a4797c11e71cf01aeb0fb4f980d2b94f10ad,t-shirt_15s.jpg
176,t-shirt,01607_t-shirt,01607_t-shirt/t-shirt_04s.jpg,object_images/t-shirt/t-shirt_04s.jpg,f81dd982b4ce473a4331cd9fd693a3afb54dd9d7c3e8059c3a623ad82e04575a,t-shirt_15s.jpg
176,t-shirt,01607_t-shirt,01607_t-shirt/t-shirt_05s.jpg,object_images/t-shirt/t-shirt_05s.jpg,d2b3abf21f166a481fe713cf5a00a116293695d9d72d4d4de156e3ee962c303c,t-shirt_15s.jpg
176,t-shirt,01607_t-shirt,01607_t-shirt/t-shirt_06s.jpg,object_images/t-shirt/t-shirt_06s.jpg,36fdc11d85531b7d333f053a2c2374fe9aa064deb79860e95d8fd01805fcd145,t-shirt_15s.jpg
176,t-shirt,01607_t-shirt,01607_t-shirt/t-shirt_07s.jpg,object_images/t-shirt/t-shirt_07s.jpg,687fd1419f7f6225e6b8a6adb0f28adfd8ef252b7f8f18f150b93e5993a60e12,t-shirt_15s.jpg
176,t-shirt,01607_t-shirt,01607_t-shirt/t-shirt_08s.jpg,object_images/t-shirt/t-shirt_08s.jpg,6bdb12d56335d7266a4acbc355f4e4dced228de92b3338d8f27e7414eb925086,t-shirt_15s.jpg
176,t-shirt,01607_t-shirt,01607_t-shirt/t-shirt_09s.jpg,object_images/t-shirt/t-shirt_09s.jpg,9da70828e50fca3905b48110ca6e1886b2de6663e37ea0838740aa85f10b570a,t-shirt_15s.jpg
176,t-shirt,01607_t-shirt,01607_t-shirt/t-shirt_10s.jpg,object_images/t-shirt/t-shirt_10s.jpg,659bd47f50b6b01216e96e6e3c540f3cec34a3e96d37a56588464657fb6937c8,t-shirt_15s.jpg
176,t-shirt,01607_t-shirt,01607_t-shirt/t-shirt_11s.jpg,object_images/t-shirt/t-shirt_11s.jpg,c7369e05eb0549ad4e91f2b9413af45bddfcd4cecbf17e17c109d39855baa961,t-shirt_15s.jpg
176,t-shirt,01607_t-shirt,01607_t-shirt/t-shirt_12s.jpg,object_images/t-shirt/t-shirt_12s.jpg,edbefada75067c3019e3f27429bcc15d169590de1e0b5c172d9413ee79bbe4be,t-shirt_15s.jpg
176,t-shirt,01607_t-shirt,01607_t-shirt/t-shirt_13s.jpg,object_images/t-shirt/t-shirt_13s.jpg,00b0851c499dff18010ce184f7f2389789c6a3e834c244c5ffbc95c63940ce17,t-shirt_15s.jpg
176,t-shirt,01607_t-shirt,01607_t-shirt/t-shirt_14s.jpg,object_images/t-shirt/t-shirt_14s.jpg,5509d6cac91556b3f9aa37b46aa014025ad71417b5541bd1b4119f245afabf3b,t-shirt_15s.jpg
177,table,01609_table,01609_table/table_01b.jpg,object_images/table/table_01b.jpg,24b2288d0a8a82036cae0b122b22b957363c95cdadfb24476a5f7f616c0822a5,table_07s.jpg
177,table,01609_table,01609_table/table_02s.jpg,object_images/table/table_02s.jpg,031e157b7a1f9a3ac61ef71f9c7be766a95142580da78d7327e595e6dea8e962,table_07s.jpg
177,table,01609_table,01609_table/table_03s.jpg,object_images/table/table_03s.jpg,d2ecb52a9659eb05f1f21e94f496a823ec84512a50eaafdb0883ec27bcf126c7,table_07s.jpg
177,table,01609_table,01609_table/table_04s.jpg,object_images/table/table_04s.jpg,62d70c01b1cd2c0f8a1a2af255f711680a50ccccd43f577ac535f45bf2960d95,table_07s.jpg
177,table,01609_table,01609_table/table_05s.jpg,object_images/table/table_05s.jpg,e1dcc9deff2a13c585ea3d7b823604098f36a0d725f3b8081107c41d93c72674,table_07s.jpg
177,table,01609_table,01609_table/table_06s.jpg,object_images/table/table_06s.jpg,93cdd3f467000342fe27a683224cf020c241d40f2044011ad6931f514285b809,table_07s.jpg
177,table,01609_table,01609_table/table_08s.jpg,object_images/table/table_08s.jpg,42be41fbb769e570b8a073a1f1f63187d44d7278eee495a38bf74723626cdaea,table_07s.jpg
177,table,01609_table,01609_table/table_09s.jpg,object_images/table/table_09s.jpg,72b2194dd0a723afce02652d1821d9661096f269c23aa81b0adae659964a804d,table_07s.jpg
177,table,01609_table,01609_table/table_10n.jpg,object_images/table/table_10n.jpg,5b075927ffdb27e9d860871eb6b536ce885d0aa5f78b4ec74e1568a1c5386673,table_07s.jpg
177,table,01609_table,01609_table/table_11s.jpg,object_images/table/table_11s.jpg,535c3da151d19206d99f606946f4f8b351ffab38566c075494cf5d376b772f3e,table_07s.jpg
177,table,01609_table,01609_table/table_12s.jpg,object_images/table/table_12s.jpg,fac12b36c6f25cf87827e7574b7e079deea4ace8f230c8261353deae47b0d681,table_07s.jpg
178,taillight,01618_taillight,01618_taillight/taillight_01b.jpg,object_images/taillight/taillight_01b.jpg,ef50fe84b2aa997e6837fce705d277d8f5b7cd3ab977719ca6196a6816676cfa,taillight_08s.jpg
178,taillight,01618_taillight,01618_taillight/taillight_02s.jpg,object_images/taillight/taillight_02s.jpg,da1f63b5247a67ce5442e42c2f6306a2dbf8c6d181161785ae72ad5b39d67e24,taillight_08s.jpg
178,taillight,01618_taillight,01618_taillight/taillight_03s.jpg,object_images/taillight/taillight_03s.jpg,6a3eab2c9ea2ec45e57fbde0392d1f723603bfb5e049d4f9427b4a425915c3c5,taillight_08s.jpg
178,taillight,01618_taillight,01618_taillight/taillight_04s.jpg,object_images/taillight/taillight_04s.jpg,80c71d4e2932e358e38427505f27d332769aaf8c7a6ce659fafa9a0897c143e2,taillight_08s.jpg
178,taillight,01618_taillight,01618_taillight/taillight_05s.jpg,object_images/taillight/taillight_05s.jpg,e76813a6ecaadb8e3ac982709ba2d03c91b6d0edae4398cf2bc2e3733041dac6,taillight_08s.jpg
178,taillight,01618_taillight,01618_taillight/taillight_06s.jpg,object_images/taillight/taillight_06s.jpg,41748ad7e363e0830e4c97b00a04d8cd686ad0f5994f007c2e666139fad2fd41,taillight_08s.jpg
178,taillight,01618_taillight,01618_taillight/taillight_07s.jpg,object_images/taillight/taillight_07s.jpg,583eca6c5afccacd87de08fd5729bfd80c4d3eeb85aef5f336d8f70282b58828,taillight_08s.jpg
178,taillight,01618_taillight,01618_taillight/taillight_09s.jpg,object_images/taillight/taillight_09s.jpg,1a2b9414b8c91d9515e833bf0aabe4fe63063a569aea6e97321fb5c8d1d64be7,taillight_08s.jpg
178,taillight,01618_taillight,01618_taillight/taillight_10s.jpg,object_images/taillight/taillight_10s.jpg,b330d315f5552d79b4fd26f7a2a1c14a178bf5699c41e89291bf55a687385f23,taillight_08s.jpg
178,taillight,01618_taillight,01618_taillight/taillight_11s.jpg,object_images/taillight/taillight_11s.jpg,722c89ff9e26e501acf11ca42caa586854a43626a51f5e14da26e49bace84b3c,taillight_08s.jpg
178,taillight,01618_taillight,01618_taillight/taillight_12s.jpg,object_images/taillight/taillight_12s.jpg,2350c8ae8a22288dc68203443bddfc7126641db70573fbc2dfdbde3d1c5129d0,taillight_08s.jpg
178,taillight,01618_taillight,01618_taillight/taillight_13s.jpg,object_images/taillight/taillight_13s.jpg,debb14833c0b6addd3113433d9e2e152022cc4a35f056a8f650b12997e556ab3,taillight_08s.jpg
178,taillight,01618_taillight,01618_taillight/taillight_14s.jpg,object_images/taillight/taillight_14s.jpg,49a64c98440fba3afc6aadfc4035454bfcc30347f80ac1a7f7a0ea9880e2bbf5,taillight_08s.jpg
178,taillight,01618_taillight,01618_taillight/taillight_15s.jpg,object_images/taillight/taillight_15s.jpg,ee65de2fe9ebaa32632709cada7424724da80804d4c9e0fbd0f028590993d5fd,taillight_08s.jpg
178,taillight,01618_taillight,01618_taillight/taillight_16s.jpg,object_images/taillight/taillight_16s.jpg,0ba4b144271c0508c62ae46b09173367b3e4d2519d2b985f0ccaded8507e4b37,taillight_08s.jpg
179,tape recorder,01625_tape_recorder,01625_tape_recorder/tape_recorder_02s.jpg,object_images/tape_recorder/tape_recorder_02s.jpg,1e889526927e32897d09c2e9a1e7f4b161de563c4aedcd75dd4d330306a26f05,tape_recorder_01b.jpg
179,tape recorder,01625_tape_recorder,01625_tape_recorder/tape_recorder_03s.jpg,object_images/tape_recorder/tape_recorder_03s.jpg,d3f543cd50a0b24edc78f02c830d8d8b1b1b41e844920ebb123af9a618b9efbc,tape_recorder_01b.jpg
179,tape recorder,01625_tape_recorder,01625_tape_recorder/tape_recorder_04s.jpg,object_images/tape_recorder/tape_recorder_04s.jpg,66fe0de475f8912257eacb8ebc4cadecbabfa8e2e0aedd278a8639e992fa6603,tape_recorder_01b.jpg
179,tape recorder,01625_tape_recorder,01625_tape_recorder/tape_recorder_05s.jpg,object_images/tape_recorder/tape_recorder_05s.jpg,2c2d24b61645bc430ed6d651ec70c1efa75e79eab5fc6ba450288f308970c68d,tape_recorder_01b.jpg
179,tape recorder,01625_tape_recorder,01625_tape_recorder/tape_recorder_06s.jpg,object_images/tape_recorder/tape_recorder_06s.jpg,71d40250b56b3f71309a5736ac809d069be7d875806009a5ac96feb2c8e247a7,tape_recorder_01b.jpg
179,tape recorder,01625_tape_recorder,01625_tape_recorder/tape_recorder_07s.jpg,object_images/tape_recorder/tape_recorder_07s.jpg,474327a02b7a9975b5cb77a61cb2fc175941ad866ff8f7ee9f3a99d3b3041587,tape_recorder_01b.jpg
179,tape recorder,01625_tape_recorder,01625_tape_recorder/tape_recorder_08s.jpg,object_images/tape_recorder/tape_recorder_08s.jpg,9dfab9414c842e89e11f619caf821c6bcfad1d86cff11234393b54ec4ccc1f7c,tape_recorder_01b.jpg
179,tape recorder,01625_tape_recorder,01625_tape_recorder/tape_recorder_09s.jpg,object_images/tape_recorder/tape_recorder_09s.jpg,814f044457c0fe7ed2d4a9586cb1b5619f1b9a67169b0cfdc6b2811965a39553,tape_recorder_01b.jpg
179,tape recorder,01625_tape_recorder,01625_tape_recorder/tape_recorder_10s.jpg,object_images/tape_recorder/tape_recorder_10s.jpg,999e6fd825d032cf520800a0e8c21e6eccc7583053868a9c7d2bc229f7131143,tape_recorder_01b.jpg
179,tape recorder,01625_tape_recorder,01625_tape_recorder/tape_recorder_11s.jpg,object_images/tape_recorder/tape_recorder_11s.jpg,633bb1f04b45511c1affa68247897a55428047e7bf2978eabb18f8082859cd92,tape_recorder_01b.jpg
179,tape recorder,01625_tape_recorder,01625_tape_recorder/tape_recorder_12s.jpg,object_images/tape_recorder/tape_recorder_12s.jpg,7a360a46bbf143bdfbbcb898afe667d87d7dc628eaf873e9c693739edf896bd1,tape_recorder_01b.jpg
180,television,01642_television,01642_television/television_01b.jpg,object_images/television/television_01b.jpg,9de14ab939057e46a2dbd775994ccb088c356bf53fef7cf453e585d51488a0a4,television_12s.jpg
180,television,01642_television,01642_television/television_02n.jpg,object_images/television/television_02n.jpg,2b1ddf0fe197f917003bd17ef153fb63e5787803b06344db281670d53a07517a,television_12s.jpg
180,television,01642_television,01642_television/television_03s.jpg,object_images/television/television_03s.jpg,967dee73b5ed54bbc7c1a21724db673c00252af3c53b6e953bf6e2111dd0c6bf,television_12s.jpg
180,television,01642_television,01642_television/television_04s.jpg,object_images/television/television_04s.jpg,e6686bf4271854b5b316453191d7a71871c52aa85b18c39542e3de898ae47cc8,television_12s.jpg
180,television,01642_television,01642_television/television_05s.jpg,object_images/television/television_05s.jpg,562f0d95ffba9dbfbb3c152755623314eff96623b993dffadb09805977699233,television_12s.jpg
180,television,01642_television,01642_television/television_06s.jpg,object_images/television/television_06s.jpg,b2e3afdbcad8421faf3215b19df1ecf0faeed5d9fab454e1034bff32da02e7f6,television_12s.jpg
180,television,01642_television,01642_television/television_07s.jpg,object_images/television/television_07s.jpg,278e660903492daae0db7a9c00a2e4b9edea23b03fb279127b164409d3d55f3c,television_12s.jpg
180,television,01642_television,01642_television/television_08s.jpg,object_images/television/television_08s.jpg,4d6a7cbd45717e0a56aff0292ac5b50790d62a7803e7447e0cb3c20ae36c9a00,television_12s.jpg
180,television,01642_television,01642_television/television_09s.jpg,object_images/television/television_09s.jpg,dd71b60bc7ff7815aa6fa99cd8d6a2381f016f62dae29ac55e26cd26378c558e,television_12s.jpg
180,television,01642_television,01642_television/television_10n.jpg,object_images/television/television_10n.jpg,5c3593fc51a60bfc895b793c337d82b347fc1518bfc83aae30ae04dc03ee6f60,television_12s.jpg
180,television,01642_television,01642_television/television_11s.jpg,object_images/television/television_11s.jpg,8350f62549766493ba9df28f2380b01d83eff1384ab100d2f6d1a9ecd033a1b5,television_12s.jpg
180,television,01642_television,01642_television/television_13s.jpg,object_images/television/television_13s.jpg,4348288fa4130b51ba3198a7bdc76fec49e658beba7cfbd2f8402e7d863093f1,television_12s.jpg
180,television,01642_television,01642_television/television_14n.jpg,object_images/television/television_14n.jpg,62718f4ee98c2d1b70ebef379241edee26837c7f71c6fb624c9a43e237f8410c,television_12s.jpg
181,tiara,01656_tiara,01656_tiara/tiara_01b.jpg,object_images/tiara/tiara_01b.jpg,eac752f773c6271b17ac94f634fc09495f8b1230c64f1a17439d15a5070ec5f3,tiara_07s.jpg
181,tiara,01656_tiara,01656_tiara/tiara_02s.jpg,object_images/tiara/tiara_02s.jpg,5d3c3552d8e3c12ad770497200e779b1f6eb2898b4127d518aded90908c5bf62,tiara_07s.jpg
181,tiara,01656_tiara,01656_tiara/tiara_03s.jpg,object_images/tiara/tiara_03s.jpg,85b21b1ebf2807d58d755dd1b7c1b050b075ed9710b740612bbc7d3f9f16ecaa,tiara_07s.jpg
181,tiara,01656_tiara,01656_tiara/tiara_04s.jpg,object_images/tiara/tiara_04s.jpg,89a36fd67cf9845e604aca2da84f026585ec90a03c07abdda439f95ca6f81e89,tiara_07s.jpg
181,tiara,01656_tiara,01656_tiara/tiara_05s.jpg,object_images/tiara/tiara_05s.jpg,7efee2778c2a999c573852ebddb199c04bed335a35babf8ca8135c4503dd6c70,tiara_07s.jpg
181,tiara,01656_tiara,01656_tiara/tiara_06s.jpg,object_images/tiara/tiara_06s.jpg,92e12b66e85ad2446758deec67469d66eb99e182dcc3dc42f94ee2c5471bf092,tiara_07s.jpg
181,tiara,01656_tiara,01656_tiara/tiara_08s.jpg,object_images/tiara/tiara_08s.jpg,c3025cee29d5bd2780c1ebfa8a5d9f773393f36b6ea94259d2d8e8a78a22864a,tiara_07s.jpg
181,tiara,01656_tiara,01656_tiara/tiara_09s.jpg,object_images/tiara/tiara_09s.jpg,3993ab9e7e1294a62d53fe171cfea828d868d9ee934d71ed41be160a0f5624c1,tiara_07s.jpg
181,tiara,01656_tiara,01656_tiara/tiara_10s.jpg,object_images/tiara/tiara_10s.jpg,73bddf75bfcb7195a5f46f930b54edd6e1665e5c0b4d77317352845ee9a514f6,tiara_07s.jpg
181,tiara,01656_tiara,01656_tiara/tiara_11s.jpg,object_images/tiara/tiara_11s.jpg,88058976c043d504784f43ec18a5b6a7a1ea542d12d34d458c56ea856d7c8e88,tiara_07s.jpg
181,tiara,01656_tiara,01656_tiara/tiara_12s.jpg,object_images/tiara/tiara_12s.jpg,6978e54548b88b5330be7609f5a911f7ae376fff546fdd81e54aafc6d1a88001,tiara_07s.jpg
182,tick,01657_tick,01657_tick/tick_01b.jpg,object_images/tick/tick_01b.jpg,6d326e2e0ef6b428c7aa7131a06f1bd32d05637d0ec0eb982aaf3b4462ede279,tick_06s.jpg
182,tick,01657_tick,01657_tick/tick_02s.jpg,object_images/tick/tick_02s.jpg,93a9603e727ae349aa02eb07d1fe7a38d31cdecbcd4b6e33461d91dce6c6e901,tick_06s.jpg
182,tick,01657_tick,01657_tick/tick_03s.jpg,object_images/tick/tick_03s.jpg,cccbccd05839c0a891a531c8eebfdbba6af7e769124996a0d55a6dc6ba943471,tick_06s.jpg
182,tick,01657_tick,01657_tick/tick_04s.jpg,object_images/tick/tick_04s.jpg,3618862eaef8561d57cfd1bc9736df289b426fc5a8bd1d65be196fac5dd7602d,tick_06s.jpg
182,tick,01657_tick,01657_tick/tick_05s.jpg,object_images/tick/tick_05s.jpg,51b9e72fae6474c676f2cb3dcc7ee295bbdc28c20e4fe26d73d1d1c9fe7bb8db,tick_06s.jpg
182,tick,01657_tick,01657_tick/tick_07s.jpg,object_images/tick/tick_07s.jpg,2ed1160758c02ec776e4f001d7e0ac3b8646fe68072af37c6aaa06e3a89a83ae,tick_06s.jpg
182,tick,01657_tick,01657_tick/tick_08s.jpg,object_images/tick/tick_08s.jpg,ff7c0c189c768e3df002d3e5ec191736af7064ea64e7b09d3920dcb99320adb0,tick_06s.jpg
182,tick,01657_tick,01657_tick/tick_09s.jpg,object_images/tick/tick_09s.jpg,9aff11aeec0ac3c0f1d7a225542d4217f4c674c5e6f337a3ecc111e4b2e88ae7,tick_06s.jpg
182,tick,01657_tick,01657_tick/tick_10s.jpg,object_images/tick/tick_10s.jpg,5143dd341cf585188dad9db398e2e5bb8fbf76b16bcd11591baa4ac30ae091ba,tick_06s.jpg
182,tick,01657_tick,01657_tick/tick_11s.jpg,object_images/tick/tick_11s.jpg,450d8e19f64399c30d56446069d44ce1e633622c2d10859a3a6f00adb7cf09d0,tick_06s.jpg
182,tick,01657_tick,01657_tick/tick_12s.jpg,object_images/tick/tick_12s.jpg,b9bb814e32e54897d65050c3d66f09bd63a6d137f5d42bb1060df6360174812f,tick_06s.jpg
183,tomato sauce,01674_tomato_sauce,01674_tomato_sauce/tomato_sauce_01b.jpg,object_images/tomato_sauce/tomato_sauce_01b.jpg,a7bd29fc31e59560efa8bbac8b0ae76831e98f78b206b93ee1f60f359990c6a8,tomato_sauce_02s.jpg
183,tomato sauce,01674_tomato_sauce,01674_tomato_sauce/tomato_sauce_03s.jpg,object_images/tomato_sauce/tomato_sauce_03s.jpg,48bc40dd80d3223b4953cc373f816ae4c1ecf399d6db68dafe59ad3c3e425596,tomato_sauce_02s.jpg
183,tomato sauce,01674_tomato_sauce,01674_tomato_sauce/tomato_sauce_04s.jpg,object_images/tomato_sauce/tomato_sauce_04s.jpg,14cbebec213c6f62a6f71dc72bac4e24d4cf594128387f4d13c1d2d80d38442c,tomato_sauce_02s.jpg
183,tomato sauce,01674_tomato_sauce,01674_tomato_sauce/tomato_sauce_05s.jpg,object_images/tomato_sauce/tomato_sauce_05s.jpg,54901b10aaadce8d73b587fd8544a7632ce732b4a88ae1df0031f42f9bbcd143,tomato_sauce_02s.jpg
183,tomato sauce,01674_tomato_sauce,01674_tomato_sauce/tomato_sauce_06s.jpg,object_images/tomato_sauce/tomato_sauce_06s.jpg,ce6194748d4db045acb28ef4b905c627bc0c129f579c2614a6c9d4522d9adf38,tomato_sauce_02s.jpg
183,tomato sauce,01674_tomato_sauce,01674_tomato_sauce/tomato_sauce_07s.jpg,object_images/tomato_sauce/tomato_sauce_07s.jpg,e04d2a9e19459ad718f7bf8d3d0a550b3ce782ebaa8e6d3a18f1300bb1a7824d,tomato_sauce_02s.jpg
183,tomato sauce,01674_tomato_sauce,01674_tomato_sauce/tomato_sauce_08s.jpg,object_images/tomato_sauce/tomato_sauce_08s.jpg,02789a6d3bb284ad5c3c550a7d754b69f6d8391cad6f03b164a4ecda1a8a5d84,tomato_sauce_02s.jpg
183,tomato sauce,01674_tomato_sauce,01674_tomato_sauce/tomato_sauce_09s.jpg,object_images/tomato_sauce/tomato_sauce_09s.jpg,483d69574a950c40a71a8c8720858e1c90a2797223bb69203c655e9ce19129fd,tomato_sauce_02s.jpg
183,tomato sauce,01674_tomato_sauce,01674_tomato_sauce/tomato_sauce_10s.jpg,object_images/tomato_sauce/tomato_sauce_10s.jpg,5d068a69983f28b873bb1cae1caea157c988b1e9c8b932cb398c21cc7c3087a3,tomato_sauce_02s.jpg
183,tomato sauce,01674_tomato_sauce,01674_tomato_sauce/tomato_sauce_11s.jpg,object_images/tomato_sauce/tomato_sauce_11s.jpg,cffcf6799e85cdd9552c8bd039e3457fe77f8b7e48b1d655b29b1c75862ab782,tomato_sauce_02s.jpg
183,tomato sauce,01674_tomato_sauce,01674_tomato_sauce/tomato_sauce_12s.jpg,object_images/tomato_sauce/tomato_sauce_12s.jpg,4f1e3c45ecd4112012dd693a74ea089956f648269abe9fb564ae3627317273ae,tomato_sauce_02s.jpg
183,tomato sauce,01674_tomato_sauce,01674_tomato_sauce/tomato_sauce_13s.jpg,object_images/tomato_sauce/tomato_sauce_13s.jpg,4e74d5b6bee64aa0de44062a41b4e023cd9c2c04f29b0e0aa0aa2814d171e1fd,tomato_sauce_02s.jpg
183,tomato sauce,01674_tomato_sauce,01674_tomato_sauce/tomato_sauce_14s.jpg,object_images/tomato_sauce/tomato_sauce_14s.jpg,ee43357e85d9ec0186c41f5dcba716f13fdf71652e43a9f64c09fe512ae03d06,tomato_sauce_02s.jpg
184,tongs,01675_tongs,01675_tongs/tongs_01s.jpg,object_images/tongs/tongs_01s.jpg,401ee2b05092a2c8caf30a20eced8138454b6414c4cc53f33e4a487b0c91c542,tongs_12s.jpg
184,tongs,01675_tongs,01675_tongs/tongs_02s.jpg,object_images/tongs/tongs_02s.jpg,b98822831e3eeebec1777d06b8b0c982ee5fed5384589a0d6e38be215a88f54b,tongs_12s.jpg
184,tongs,01675_tongs,01675_tongs/tongs_03s.jpg,object_images/tongs/tongs_03s.jpg,038e519831f833428a87f7a5f89b7e9160073a6f2d974d2b73823a36f8a75426,tongs_12s.jpg
184,tongs,01675_tongs,01675_tongs/tongs_04s.jpg,object_images/tongs/tongs_04s.jpg,afc839617de7b3a3f2f47a155a29b895e588c133e823cf1d82bcd074adda3891,tongs_12s.jpg
184,tongs,01675_tongs,01675_tongs/tongs_05s.jpg,object_images/tongs/tongs_05s.jpg,21b038a0a586a57e17c661b2f01dd101bf2629b584fb6068ae2c54ae0a5a5e05,tongs_12s.jpg
184,tongs,01675_tongs,01675_tongs/tongs_06s.jpg,object_images/tongs/tongs_06s.jpg,a31fe7819ccdd9430f2af3dc36a102de5ebe1069323677edf40b6e9953ceba78,tongs_12s.jpg
184,tongs,01675_tongs,01675_tongs/tongs_07s.jpg,object_images/tongs/tongs_07s.jpg,8509ecda2e7de11ec6cb2cfe7d4abdef8d2c84ed275ec42cc25461cdc3859a03,tongs_12s.jpg
184,tongs,01675_tongs,01675_tongs/tongs_08s.jpg,object_images/tongs/tongs_08s.jpg,195e714ceba40d45e8764dfd83e2c06d0dde181ac43e2c7d753a9b90644804b0,tongs_12s.jpg
184,tongs,01675_tongs,01675_tongs/tongs_09s.jpg,object_images/tongs/tongs_09s.jpg,ad42e4a15f5e856bac446cb17c065de7011b84d5763b44e95ed74936ab4a3b82,tongs_12s.jpg
184,tongs,01675_tongs,01675_tongs/tongs_10s.jpg,object_images/tongs/tongs_10s.jpg,3732d14a23dd23a77886dca811c50b54000204d0a45caa42c9c8fec0b46ae914,tongs_12s.jpg
184,tongs,01675_tongs,01675_tongs/tongs_11s.jpg,object_images/tongs/tongs_11s.jpg,4c7805664c332e833d92b5ce7074965b530dd53f00d856baec1020b1b462515e,tongs_12s.jpg
185,tool,01677_tool,01677_tool/tool_01b.jpg,object_images/tool/tool_01b.jpg,8012eb42d644107a3544a6e04ec4d2fd16a9b4cfe3c1ec33aa43589a1ac2c9ae,tool_10s.jpg
185,tool,01677_tool,01677_tool/tool_02s.jpg,object_images/tool/tool_02s.jpg,08fa00ffcced3d78dc367fbdce293d6884785c15f81699b9ff675f9a47d5f796,tool_10s.jpg
185,tool,01677_tool,01677_tool/tool_03s.jpg,object_images/tool/tool_03s.jpg,0bfd6283c70be83171b80b63fbcb9c165d9d79a9ff445dfa119acb4d6c50004b,tool_10s.jpg
185,tool,01677_tool,01677_tool/tool_04s.jpg,object_images/tool/tool_04s.jpg,a1d091d7d7a959fdeab6c87f599ea328e53cc3aea73fb4a25b69f5040711336b,tool_10s.jpg
185,tool,01677_tool,01677_tool/tool_05s.jpg,object_images/tool/tool_05s.jpg,8e507dc0cf243d8ccfe7bba119b8484794138e024396f4bebc2024dea273e496,tool_10s.jpg
185,tool,01677_tool,01677_tool/tool_06s.jpg,object_images/tool/tool_06s.jpg,8183242ee64598f089e91870420d58dce4629ce41e1022bda62d022563332c94,tool_10s.jpg
185,tool,01677_tool,01677_tool/tool_07s.jpg,object_images/tool/tool_07s.jpg,a80657d4e77138782262612b29e29d4b5ca3abad3fca891ae832928f269fbfb4,tool_10s.jpg
185,tool,01677_tool,01677_tool/tool_08s.jpg,object_images/tool/tool_08s.jpg,11573b8891d332765a8f9c9a34bf6f083936ef753974ba07153ebae5553bb8cc,tool_10s.jpg
185,tool,01677_tool,01677_tool/tool_09s.jpg,object_images/tool/tool_09s.jpg,e9734ab9f4e73b25fa7a9f7efbb740e228201a8228564fb4c34022e998f966ef,tool_10s.jpg
185,tool,01677_tool,01677_tool/tool_11s.jpg,object_images/tool/tool_11s.jpg,75bfea5136834227d8e4e7ee7e25390a13e030cdc5468c5d1db0654822d1e84d,tool_10s.jpg
185,tool,01677_tool,01677_tool/tool_12s.jpg,object_images/tool/tool_12s.jpg,4dfb9247d5c8517a547c4e06d939863f19517ddcb2bc41f96dd6d2cd69e28e1a,tool_10s.jpg
186,top hat,01683_top_hat,01683_top_hat/top_hat_01b.jpg,object_images/top_hat/top_hat_01b.jpg,da4ba2811f80632baee649beed08a72c848d68e06a7b3156c4fdb3afc67d1ad7,top_hat_13s.jpg
186,top hat,01683_top_hat,01683_top_hat/top_hat_02s.jpg,object_images/top_hat/top_hat_02s.jpg,f65c5a2732cb8c1e97fe6e6d169e2697542986986cc390cb332f56e10f91f98d,top_hat_13s.jpg
186,top hat,01683_top_hat,01683_top_hat/top_hat_03s.jpg,object_images/top_hat/top_hat_03s.jpg,f3932a96e5f17d8604ada769d72d561738ffaf386dfe8ef46cd090de7ad26aa5,top_hat_13s.jpg
186,top hat,01683_top_hat,01683_top_hat/top_hat_04s.jpg,object_images/top_hat/top_hat_04s.jpg,0e3efb264d99a78e0b4c76e573d3e1d7ec4d3621366d364f69fa645ebf3d983c,top_hat_13s.jpg
186,top hat,01683_top_hat,01683_top_hat/top_hat_05s.jpg,object_images/top_hat/top_hat_05s.jpg,5ca4bd72c26790d6bf2184a037ae7c2546b902ac6f04ff74e74381d5165582c5,top_hat_13s.jpg
186,top hat,01683_top_hat,01683_top_hat/top_hat_06s.jpg,object_images/top_hat/top_hat_06s.jpg,4377277257adf6daa1c4bd3914fa3382a5edbcec521afc9e98705e450a108e9d,top_hat_13s.jpg
186,top hat,01683_top_hat,01683_top_hat/top_hat_07s.jpg,object_images/top_hat/top_hat_07s.jpg,84e72cbb487f33080c445076c47da0051ba4639bc8f02d8c3cc7f657242482fc,top_hat_13s.jpg
186,top hat,01683_top_hat,01683_top_hat/top_hat_08s.jpg,object_images/top_hat/top_hat_08s.jpg,4ee6187296b36a38465f0610f95cac83dd22c956d3b4e26bd1ee8ea16225eb64,top_hat_13s.jpg
186,top hat,01683_top_hat,01683_top_hat/top_hat_09s.jpg,object_images/top_hat/top_hat_09s.jpg,19a1ecbb335853d68b56c24cdbaa04565ea6ebdd45eda726cc1eda69841b04d9,top_hat_13s.jpg
186,top hat,01683_top_hat,01683_top_hat/top_hat_10s.jpg,object_images/top_hat/top_hat_10s.jpg,8ff3ee41a1601a9f07e2ea7f6ed635efc5ce10be9027c737b4531c6ae383117f,top_hat_13s.jpg
186,top hat,01683_top_hat,01683_top_hat/top_hat_11s.jpg,object_images/top_hat/top_hat_11s.jpg,79c99b968731c16b664bc8970768fa3c8c5205cd151b163617a8bfcde674b510,top_hat_13s.jpg
186,top hat,01683_top_hat,01683_top_hat/top_hat_12s.jpg,object_images/top_hat/top_hat_12s.jpg,ca65114eeb24f6eeb18e505a8ca8b32284464d5dc4e01c0ede531b4148c6450b,top_hat_13s.jpg
187,treadmill,01707_treadmill,01707_treadmill/treadmill_01b.jpg,object_images/treadmill/treadmill_01b.jpg,458cbc6378b6e4e6d051bf0e284b629661d96df1b786cfe3efbbc410eda13ace,treadmill_11s.jpg
187,treadmill,01707_treadmill,01707_treadmill/treadmill_02s.jpg,object_images/treadmill/treadmill_02s.jpg,cea47c1cb75e201849a81039be83f2796141b31e23adef0753f87703cb6fd14c,treadmill_11s.jpg
187,treadmill,01707_treadmill,01707_treadmill/treadmill_03s.jpg,object_images/treadmill/treadmill_03s.jpg,43a37f5f66b7bcba7518274455f5c41059246700032629ccb7bf86da0430fb86,treadmill_11s.jpg
187,treadmill,01707_treadmill,01707_treadmill/treadmill_04s.jpg,object_images/treadmill/treadmill_04s.jpg,a40c3b7d18d384c1da8f2dc5743a7041bff44b94867ad505411a045b510c3cad,treadmill_11s.jpg
187,treadmill,01707_treadmill,01707_treadmill/treadmill_05s.jpg,object_images/treadmill/treadmill_05s.jpg,6d5a59af4d69cf678d2b6dab4ea8b9a1d05fac141792a4880600afb42d6b51b5,treadmill_11s.jpg
187,treadmill,01707_treadmill,01707_treadmill/treadmill_06s.jpg,object_images/treadmill/treadmill_06s.jpg,5568909081308087d0859e210f09a2c4e9e118d5a8c5537f3488a4ce3e2bfbc8,treadmill_11s.jpg
187,treadmill,01707_treadmill,01707_treadmill/treadmill_07n.jpg,object_images/treadmill/treadmill_07n.jpg,bf35c648d4b4cbe0fdca69704b2fe683d0711e28d4f76460efe5163768d8b99e,treadmill_11s.jpg
187,treadmill,01707_treadmill,01707_treadmill/treadmill_08s.jpg,object_images/treadmill/treadmill_08s.jpg,567a5f3a16a5c517c64d21c6410718061d1d23432ed7468312aee93c4727fb71,treadmill_11s.jpg
187,treadmill,01707_treadmill,01707_treadmill/treadmill_09n.jpg,object_images/treadmill/treadmill_09n.jpg,7cbc4e256ef0532d033859622185af49e8036986491ecc2fc2caf8ac1402c86c,treadmill_11s.jpg
187,treadmill,01707_treadmill,01707_treadmill/treadmill_10s.jpg,object_images/treadmill/treadmill_10s.jpg,50f49f0d2735c59f4914d97aaa4972867523be350e5ed34820512fb932a71ab9,treadmill_11s.jpg
187,treadmill,01707_treadmill,01707_treadmill/treadmill_12n.jpg,object_images/treadmill/treadmill_12n.jpg,65150087f2f04dcf60c7e8d8a2cf8ce5a3e7c763bce494d7889c77a30431ea63,treadmill_11s.jpg
187,treadmill,01707_treadmill,01707_treadmill/treadmill_13s.jpg,object_images/treadmill/treadmill_13s.jpg,85c0b90fdeeffe1d10f9ed198d87fb06e4d7955457292756a575099e53e5be3e,treadmill_11s.jpg
187,treadmill,01707_treadmill,01707_treadmill/treadmill_14n.jpg,object_images/treadmill/treadmill_14n.jpg,40ec85c8ec544028817dd908d444d77ea02bd98efba988da0e94363e854cb3fe,treadmill_11s.jpg
187,treadmill,01707_treadmill,01707_treadmill/treadmill_15n.jpg,object_images/treadmill/treadmill_15n.jpg,566eee02db283785d5da47d1ce18eb596729ef399d2764e7eba752fc49bafbc9,treadmill_11s.jpg
187,treadmill,01707_treadmill,01707_treadmill/treadmill_16n.jpg,object_images/treadmill/treadmill_16n.jpg,20989260de59c88067b8dcebd7a1b2d601b3c92f325faffcc81d72c5e195ff0c,treadmill_11s.jpg
187,treadmill,01707_treadmill,01707_treadmill/treadmill_17n.jpg,object_images/treadmill/treadmill_17n.jpg,4017a4bb86164c0c0dce3afa287d3158ee544442862d4f04e48a0643cf778908,treadmill_11s.jpg
188,tube top,01725_tube_top,01725_tube_top/tube_top_01b.jpg,object_images/tube_top/tube_top_01b.jpg,e2fc2e3f9870a3c13381c7a359932328229a72c10cd089a8b924d5ffa3022ae0,tube_top_11s.jpg
188,tube top,01725_tube_top,01725_tube_top/tube_top_02s.jpg,object_images/tube_top/tube_top_02s.jpg,01c90ed6896252a93db9ad0c8fdb1aa49e4fef60747902d47f9108f09cff4c92,tube_top_11s.jpg
188,tube top,01725_tube_top,01725_tube_top/tube_top_03s.jpg,object_images/tube_top/tube_top_03s.jpg,24cbd34803a2d190449e5c1877c986c07b1942aea84ba03dda0e50f8ba102b90,tube_top_11s.jpg
188,tube top,01725_tube_top,01725_tube_top/tube_top_04s.jpg,object_images/tube_top/tube_top_04s.jpg,4d54a56bd7afa566fa90047e902e3de1c2ccd0334b853eb07283124a90f33b1b,tube_top_11s.jpg
188,tube top,01725_tube_top,01725_tube_top/tube_top_05s.jpg,object_images/tube_top/tube_top_05s.jpg,dbf1837b513a60e5701f0c959889727b13a104a5d93573e4378ee42b6d0f3658,tube_top_11s.jpg
188,tube top,01725_tube_top,01725_tube_top/tube_top_06s.jpg,object_images/tube_top/tube_top_06s.jpg,cde9faed4cc40179f269f4b20ac8b1b36c884593358da1ccb43f2d0a331fa961,tube_top_11s.jpg
188,tube top,01725_tube_top,01725_tube_top/tube_top_07s.jpg,object_images/tube_top/tube_top_07s.jpg,9e2fb3f2a8744b70accff15d004c0e547b321cf7397e95f2a9d4d30f1bd2b743,tube_top_11s.jpg
188,tube top,01725_tube_top,01725_tube_top/tube_top_08s.jpg,object_images/tube_top/tube_top_08s.jpg,045f14653388f007124f5dea47cee7a8a759d6a812b0c7d1d4194ec04c93c598,tube_top_11s.jpg
188,tube top,01725_tube_top,01725_tube_top/tube_top_09s.jpg,object_images/tube_top/tube_top_09s.jpg,526edd5997e1850bc1898a8f60ee4faa95dd818a9a4468c31732e817d67c1a9b,tube_top_11s.jpg
188,tube top,01725_tube_top,01725_tube_top/tube_top_10s.jpg,object_images/tube_top/tube_top_10s.jpg,5bb4187f30b153e32b78e750d7ab6504056e77687a0291d9de4d8f284829bf02,tube_top_11s.jpg
188,tube top,01725_tube_top,01725_tube_top/tube_top_12s.jpg,object_images/tube_top/tube_top_12s.jpg,aa38760b39a25ddcc4382ee1fae5458548d2e7a214cb3ad2cb594f7591af710d,tube_top_11s.jpg
189,turkey,01734_turkey,01734_turkey/turkey_02s.jpg,object_images/turkey/turkey_02s.jpg,b569dea04c82eca0be49fc321995369d6d60e794a25202b2f37c4c57c551aca9,turkey_01s.jpg
189,turkey,01734_turkey,01734_turkey/turkey_03s.jpg,object_images/turkey/turkey_03s.jpg,76269bed5ed78c3fdb4ee7e8137bb70128b8100b00bd59f2de5f66f197e8be9d,turkey_01s.jpg
189,turkey,01734_turkey,01734_turkey/turkey_04s.jpg,object_images/turkey/turkey_04s.jpg,4acd47c86c39f22ad4ccf83bc4e6571584160c8b07f7aee36ad8c6392580090b,turkey_01s.jpg
189,turkey,01734_turkey,01734_turkey/turkey_05s.jpg,object_images/turkey/turkey_05s.jpg,c4274f38080d07986c37a7583814f5589fc73ac30af9189356ed07419f7056e8,turkey_01s.jpg
189,turkey,01734_turkey,01734_turkey/turkey_06s.jpg,object_images/turkey/turkey_06s.jpg,2a259754dd65345e2ae02f9855c9deb1ffe5eda8751a2990a081b982fb7ae1bb,turkey_01s.jpg
189,turkey,01734_turkey,01734_turkey/turkey_07s.jpg,object_images/turkey/turkey_07s.jpg,ed9cd3fecd9dde21e4f246d8331d80ff31a30951c65e377f7160fc503a958ccf,turkey_01s.jpg
189,turkey,01734_turkey,01734_turkey/turkey_08s.jpg,object_images/turkey/turkey_08s.jpg,ca147ae0c3f31c08d4ab10f7eb45a702dedb709fc6250bd6cca545f68388edd6,turkey_01s.jpg
189,turkey,01734_turkey,01734_turkey/turkey_09s.jpg,object_images/turkey/turkey_09s.jpg,a70ada72712c5205572e7bf2ebe29d3254602fd80f8ec5c605cb29ad1b14c1d1,turkey_01s.jpg
189,turkey,01734_turkey,01734_turkey/turkey_10s.jpg,object_images/turkey/turkey_10s.jpg,3d7f3eb01bdbaf12f77b1b7fa3d3720dd62f4cd5fee0db4f0f5af91355552442,turkey_01s.jpg
189,turkey,01734_turkey,01734_turkey/turkey_11s.jpg,object_images/turkey/turkey_11s.jpg,2bb5c63be45fb68407bddcc0d6c37c7272f9b028e182468483fa7899c0da8115,turkey_01s.jpg
189,turkey,01734_turkey,01734_turkey/turkey_12s.jpg,object_images/turkey/turkey_12s.jpg,aaf36bfe12984e7676205770e02ec39520314108b41f30e5fa82ede4371b8ab4,turkey_01s.jpg
189,turkey,01734_turkey,01734_turkey/turkey_13s.jpg,object_images/turkey/turkey_13s.jpg,f29a35fa9384706a56c34c80250333eb043459e4239baeae09888b4498b0c448,turkey_01s.jpg
189,turkey,01734_turkey,01734_turkey/turkey_14s.jpg,object_images/turkey/turkey_14s.jpg,1560feedc4993ecb9143bd7f29ef2d034a13ea6f1f9453600f9188724a605df2,turkey_01s.jpg
189,turkey,01734_turkey,01734_turkey/turkey_15s.jpg,object_images/turkey/turkey_15s.jpg,8c30e09b66be2552a4292bccf8a11f9c0d151076b2ac6cb85bdc7cd8742439a0,turkey_01s.jpg
190,unicycle,01747_unicycle,01747_unicycle/unicycle_01b.jpg,object_images/unicycle/unicycle_01b.jpg,96a1c0d1fa2da5f736af0deb7026a9dd452002139d562efef1ea114c3dc3cf1b,unicycle_10s.jpg
190,unicycle,01747_unicycle,01747_unicycle/unicycle_02s.jpg,object_images/unicycle/unicycle_02s.jpg,78f437dd69a0ea51c6f56f4ba416c3ba1d00a1dcc13b173b9d0019db503c5e89,unicycle_10s.jpg
190,unicycle,01747_unicycle,01747_unicycle/unicycle_03s.jpg,object_images/unicycle/unicycle_03s.jpg,33ad76488772df9ceee4d42ef9d5fd1c734f922e1b0b335c7ed06d075047695c,unicycle_10s.jpg
190,unicycle,01747_unicycle,01747_unicycle/unicycle_04s.jpg,object_images/unicycle/unicycle_04s.jpg,7b3d412a4634d6f54b7dccfdb4e06583b911a4b12418ed737a80492db0e3c68f,unicycle_10s.jpg
190,unicycle,01747_unicycle,01747_unicycle/unicycle_05s.jpg,object_images/unicycle/unicycle_05s.jpg,ab25d83f29714a4dca54018a1f4766fc69d553074eefffb51607a27208d708ed,unicycle_10s.jpg
190,unicycle,01747_unicycle,01747_unicycle/unicycle_06s.jpg,object_images/unicycle/unicycle_06s.jpg,bda3705576f65a4af6ca9d0c3869122b3931ff1271586670ee8bbc45338e061a,unicycle_10s.jpg
190,unicycle,01747_unicycle,01747_unicycle/unicycle_07s.jpg,object_images/unicycle/unicycle_07s.jpg,a8b950a711488775fd22e5835b6c5536e580ab0786440e0fa185d34c066759c1,unicycle_10s.jpg
190,unicycle,01747_unicycle,01747_unicycle/unicycle_08s.jpg,object_images/unicycle/unicycle_08s.jpg,840ee1482ad4f9e8cf085167a3b085f7e067200c56d3fe092f358e1769c79b35,unicycle_10s.jpg
190,unicycle,01747_unicycle,01747_unicycle/unicycle_09s.jpg,object_images/unicycle/unicycle_09s.jpg,07204fbd0168b6840bb2ccc55e3afe7fa2d23d9e2c8071720e3b8b861ca73901,unicycle_10s.jpg
190,unicycle,01747_unicycle,01747_unicycle/unicycle_11s.jpg,object_images/unicycle/unicycle_11s.jpg,7e7442052b3feb0903693800b9a461328792a2f866cc77cb8d3c27eff0bbdb2d,unicycle_10s.jpg
190,unicycle,01747_unicycle,01747_unicycle/unicycle_12s.jpg,object_images/unicycle/unicycle_12s.jpg,bdf9ae8f3997fd1569519df883db5e18c35d4c29e64753c67f395cc36b9d01a0,unicycle_10s.jpg
191,vise,01766_vise,01766_vise/vise_01b.jpg,object_images/vise/vise_01b.jpg,2285a429e89bfe6feb47a4b4e9395dde944ebd30f86dc770a6deed6bf56dfd1b,vise_11s.jpg
191,vise,01766_vise,01766_vise/vise_02s.jpg,object_images/vise/vise_02s.jpg,365653a26f48ed8a00aa4738b8366f57e58309922271ce293fbe2ba632111b2b,vise_11s.jpg
191,vise,01766_vise,01766_vise/vise_03s.jpg,object_images/vise/vise_03s.jpg,577167ccd8ac89a90ab0dd8e748bfbd133866691a29dc1ff671a91e55fdf31ff,vise_11s.jpg
191,vise,01766_vise,01766_vise/vise_04s.jpg,object_images/vise/vise_04s.jpg,5a1db483ad6c1e927bd9872682b7fa9bb3a57aee084903a89324bc8bb98d30f9,vise_11s.jpg
191,vise,01766_vise,01766_vise/vise_05s.jpg,object_images/vise/vise_05s.jpg,e43e54f1b3603ccdb10d94e2ebee97d990e11ceae08361bcf9e41fefe8a1d258,vise_11s.jpg
191,vise,01766_vise,01766_vise/vise_06s.jpg,object_images/vise/vise_06s.jpg,1e8248fde79f7fca2628cabc519b26d6a10f06099b6bbaae2e1032f010a6a0db,vise_11s.jpg
191,vise,01766_vise,01766_vise/vise_07s.jpg,object_images/vise/vise_07s.jpg,9c04c374975e953d60110e2d6d43b1e67a4c56bff3ef361a8f53681fdec84b0f,vise_11s.jpg
191,vise,01766_vise,01766_vise/vise_08s.jpg,object_images/vise/vise_08s.jpg,c78f5c0091db8d220e238414b2a741ced3e6cb0b224fc91117629bc639fe72a8,vise_11s.jpg
191,vise,01766_vise,01766_vise/vise_09s.jpg,object_images/vise/vise_09s.jpg,90ce0f661243886e179e4cbb30e97c3d599dc44c30c069a8a9d5ccc793bbb51f,vise_11s.jpg
191,vise,01766_vise,01766_vise/vise_10s.jpg,object_images/vise/vise_10s.jpg,87c8227c30662032a35652c54c7824056f1a32952858c0e7ccef6ab5275ad069,vise_11s.jpg
191,vise,01766_vise,01766_vise/vise_12s.jpg,object_images/vise/vise_12s.jpg,0c8e7cfa536c0afcef0027d723f29ee5e44a915437499f2103b4628833ab773b,vise_11s.jpg
191,vise,01766_vise,01766_vise/vise_13s.jpg,object_images/vise/vise_13s.jpg,61d920cc6e035b10b96da4799162caabaab884d0fd78ef6b29154ac189e6f8f6,vise_11s.jpg
191,vise,01766_vise,01766_vise/vise_14s.jpg,object_images/vise/vise_14s.jpg,e3e510d35a051b62a5c11f70489c9a52c4b924a1a53417abe4ead6dd3aab0a6c,vise_11s.jpg
191,vise,01766_vise,01766_vise/vise_15s.jpg,object_images/vise/vise_15s.jpg,b2469d74a1bdbcb80a31e4325276031518311004056dee96a82fd9b61cf6f87b,vise_11s.jpg
192,volleyball,01768_volleyball,01768_volleyball/volleyball_01b.jpg,object_images/volleyball/volleyball_01b.jpg,df1e6b508ad404db610df982d4edbf648097d50c9f903b7f5a3f9757ab1d8805,volleyball_10s.jpg
192,volleyball,01768_volleyball,01768_volleyball/volleyball_02s.jpg,object_images/volleyball/volleyball_02s.jpg,deb76228230ee8df993c00d595ffff9bff542ab7d67d08896a0fa4b9059749f6,volleyball_10s.jpg
192,volleyball,01768_volleyball,01768_volleyball/volleyball_03s.jpg,object_images/volleyball/volleyball_03s.jpg,cb1196eafb90ab31f71bd5703a397ab5b9c81291617d66e46d16df6844c3af2d,volleyball_10s.jpg
192,volleyball,01768_volleyball,01768_volleyball/volleyball_04s.jpg,object_images/volleyball/volleyball_04s.jpg,ef9101eb6dffc33476ae847c63e15f96ff2ace4bef0357de59a41aec248194cb,volleyball_10s.jpg
192,volleyball,01768_volleyball,01768_volleyball/volleyball_05s.jpg,object_images/volleyball/volleyball_05s.jpg,14bf6d8a18a48e077194d01da5e0ea6fbb2b9bb1dc2b138086d5dba810dad889,volleyball_10s.jpg
192,volleyball,01768_volleyball,01768_volleyball/volleyball_06s.jpg,object_images/volleyball/volleyball_06s.jpg,9f01ba8228f66663fb2987c9f19f565ec93c54c2373bc2b7c7b50751864af091,volleyball_10s.jpg
192,volleyball,01768_volleyball,01768_volleyball/volleyball_07s.jpg,object_images/volleyball/volleyball_07s.jpg,03415326bf5302a9ce8529743407672db8a9b0c5cac467e2b9574ac700848309,volleyball_10s.jpg
192,volleyball,01768_volleyball,01768_volleyball/volleyball_08s.jpg,object_images/volleyball/volleyball_08s.jpg,f99f6e3eb0743fdc20f129566aac58725223269891ce692055a7002b243336d3,volleyball_10s.jpg
192,volleyball,01768_volleyball,01768_volleyball/volleyball_09s.jpg,object_images/volleyball/volleyball_09s.jpg,25b825796e1e8f3fe7f1c4f8f078800dffdd9c99c50b75605647b17e2c3c4b25,volleyball_10s.jpg
192,volleyball,01768_volleyball,01768_volleyball/volleyball_11s.jpg,object_images/volleyball/volleyball_11s.jpg,4039122541e11f02c0d9baef0d78be7237894599170a812394bb6a50c173178d,volleyball_10s.jpg
192,volleyball,01768_volleyball,01768_volleyball/volleyball_12s.jpg,object_images/volleyball/volleyball_12s.jpg,643f7184860c9752540a850f7ad3b0ec2160f6f492a36f23760d147e54c032c1,volleyball_10s.jpg
192,volleyball,01768_volleyball,01768_volleyball/volleyball_13s.jpg,object_images/volleyball/volleyball_13s.jpg,cf493853191b83372d8ffe4666099b9f0ce54eecc699155725f8e45e1baa570e,volleyball_10s.jpg
192,volleyball,01768_volleyball,01768_volleyball/volleyball_14s.jpg,object_images/volleyball/volleyball_14s.jpg,84cfaa6811da8e7d56fd93e8f7988ae5b326f0d56272a519dfd2c27e3ae6e9a4,volleyball_10s.jpg
192,volleyball,01768_volleyball,01768_volleyball/volleyball_15s.jpg,object_images/volleyball/volleyball_15s.jpg,89db15437b2676e1c56926b6b0d3c1e30541e1fc1afbd42ed81537aa16d69b4f,volleyball_10s.jpg
192,volleyball,01768_volleyball,01768_volleyball/volleyball_16s.jpg,object_images/volleyball/volleyball_16s.jpg,629a060652aefa1e09ae43ff481ab046cf6182098f39302636548da6ff5781d2,volleyball_10s.jpg
193,wallpaper,01778_wallpaper,01778_wallpaper/wallpaper_02s.jpg,object_images/wallpaper/wallpaper_02s.jpg,b62e4bd487a8d9e1d6e0d6094feb9b5e736a3320cb868c72abfdfec27861988d,wallpaper_01b.jpg
193,wallpaper,01778_wallpaper,01778_wallpaper/wallpaper_03s.jpg,object_images/wallpaper/wallpaper_03s.jpg,2dd5cfcb5fa4187926efd896ef281e90cd6dfa04828d20527f92096d339e058e,wallpaper_01b.jpg
193,wallpaper,01778_wallpaper,01778_wallpaper/wallpaper_04s.jpg,object_images/wallpaper/wallpaper_04s.jpg,947354895336f2fac2a5b041531938ae728cf0e30cc18e957ea77b48e4f6f44a,wallpaper_01b.jpg
193,wallpaper,01778_wallpaper,01778_wallpaper/wallpaper_05s.jpg,object_images/wallpaper/wallpaper_05s.jpg,7ff985449083fcb33b9f3a6deb62fc0c8ad7ae86bb9b5bd590161291ca58281c,wallpaper_01b.jpg
193,wallpaper,01778_wallpaper,01778_wallpaper/wallpaper_06s.jpg,object_images/wallpaper/wallpaper_06s.jpg,a5fedeee88d50e5fd44469b90c4692b9aaf480e5c29aa98bc02906395a180572,wallpaper_01b.jpg
193,wallpaper,01778_wallpaper,01778_wallpaper/wallpaper_07s.jpg,object_images/wallpaper/wallpaper_07s.jpg,9bfe1c57453248374aa0b9cb46076b77e84321f4c9abbf8c302cd8ef6e75904c,wallpaper_01b.jpg
193,wallpaper,01778_wallpaper,01778_wallpaper/wallpaper_08s.jpg,object_images/wallpaper/wallpaper_08s.jpg,a4e39b917d281f24bfc4c9b1041fd717252439030ed25f365595ff0a16540e38,wallpaper_01b.jpg
193,wallpaper,01778_wallpaper,01778_wallpaper/wallpaper_09s.jpg,object_images/wallpaper/wallpaper_09s.jpg,98650ac16dd020ab7ceb89af2e7f4c267fdb2c902daa9026ce88a6b75f134bfa,wallpaper_01b.jpg
193,wallpaper,01778_wallpaper,01778_wallpaper/wallpaper_10s.jpg,object_images/wallpaper/wallpaper_10s.jpg,481e101abd2b224c5719fa90dd61eaa3f358e7ba98efbd167d70c9c28383fd59,wallpaper_01b.jpg
193,wallpaper,01778_wallpaper,01778_wallpaper/wallpaper_11s.jpg,object_images/wallpaper/wallpaper_11s.jpg,07269c13bbef03adfb5223f3202f7cec9c0186820b926cab136d805d6282453f,wallpaper_01b.jpg
193,wallpaper,01778_wallpaper,01778_wallpaper/wallpaper_12s.jpg,object_images/wallpaper/wallpaper_12s.jpg,88913cf4176cf1438c18a1ba3fb25c7e70f36e1a1801dd9857ca35bdd45f349e,wallpaper_01b.jpg
193,wallpaper,01778_wallpaper,01778_wallpaper/wallpaper_13s.jpg,object_images/wallpaper/wallpaper_13s.jpg,76f776f00c6fefb394981ed1eaaf58e0d001b3e2b5eef0f7c69bc390c860cd9e,wallpaper_01b.jpg
193,wallpaper,01778_wallpaper,01778_wallpaper/wallpaper_14s.jpg,object_images/wallpaper/wallpaper_14s.jpg,58068e6149baaebff9318a8b1e847bf4f0d894a3007dd588eca7fda8d91a0713,wallpaper_01b.jpg
193,wallpaper,01778_wallpaper,01778_wallpaper/wallpaper_15s.jpg,object_images/wallpaper/wallpaper_15s.jpg,8c997fbd9c32e9518ef034745ce80d668846bd96fa4d568276c96bfcbb038837,wallpaper_01b.jpg
193,wallpaper,01778_wallpaper,01778_wallpaper/wallpaper_16s.jpg,object_images/wallpaper/wallpaper_16s.jpg,a511a81fca3fca97fb3fcf0cfce390ce819ed1c62969c37b8deee7a95da0e636,wallpaper_01b.jpg
194,walnut,01779_walnut,01779_walnut/walnut_01b.jpg,object_images/walnut/walnut_01b.jpg,9a8f4d2b69f5af2b995f549d925fae8b4a10fbd7bccda0bd5b8723b8f59d6aa7,walnut_02s.jpg
194,walnut,01779_walnut,01779_walnut/walnut_03n.jpg,object_images/walnut/walnut_03n.jpg,3eb8c31edc736335e36d64d5780ae0610379167ad213f849c9b23f507a1b0352,walnut_02s.jpg
194,walnut,01779_walnut,01779_walnut/walnut_04n.jpg,object_images/walnut/walnut_04n.jpg,45122270a14aaf2cc75267bdf88cd125c166745d7f353ae84a9757586432d2c8,walnut_02s.jpg
194,walnut,01779_walnut,01779_walnut/walnut_05s.jpg,object_images/walnut/walnut_05s.jpg,f03454a21315be5a38d90d682be3cc807c3aa02ba646b7dc66c8b954b8a6d3f5,walnut_02s.jpg
194,walnut,01779_walnut,01779_walnut/walnut_06n.jpg,object_images/walnut/walnut_06n.jpg,a8fef5dbea5aa10f2f947045da966ab226766bcd5aa71d57fa69802dc569a222,walnut_02s.jpg
194,walnut,01779_walnut,01779_walnut/walnut_07s.jpg,object_images/walnut/walnut_07s.jpg,632e6ed0023c3c1ce8adf202c00871537de9b2ff3a9c1bf69318c840b91c817e,walnut_02s.jpg
194,walnut,01779_walnut,01779_walnut/walnut_08n.jpg,object_images/walnut/walnut_08n.jpg,8e0bf0d2f85890e7019dd9db363018e521c937b317d924f87981c91bea20f046,walnut_02s.jpg
194,walnut,01779_walnut,01779_walnut/walnut_09n.jpg,object_images/walnut/walnut_09n.jpg,e604243a22567fcb14590f1d35fb3265c6180a6c1979803dfaa1bb455d84caa5,walnut_02s.jpg
194,walnut,01779_walnut,01779_walnut/walnut_10s.jpg,object_images/walnut/walnut_10s.jpg,bfbfe7b8d9536cb41ed3b3c0b958dca06784ccaea837e10a60a5e74e8b355178,walnut_02s.jpg
194,walnut,01779_walnut,01779_walnut/walnut_11s.jpg,object_images/walnut/walnut_11s.jpg,d577f34f37ad6e00bc00e2df737f5ee6962eab04b8302031c8f6d56e9e8a50a2,walnut_02s.jpg
194,walnut,01779_walnut,01779_walnut/walnut_12n.jpg,object_images/walnut/walnut_12n.jpg,5d2cba6a3bc3a0096c35006067ffc28447ac9aa8aa1b32f94872934d35b5bb6b,walnut_02s.jpg
194,walnut,01779_walnut,01779_walnut/walnut_13n.jpg,object_images/walnut/walnut_13n.jpg,114207f2a0845e0685ecb1e766957a13443fb439a0adb6c5d2a667f8a81037cc,walnut_02s.jpg
195,wheat,01806_wheat,01806_wheat/wheat_01b.jpg,object_images/wheat/wheat_01b.jpg,c78edfd49df2c0ae7fb691cfad3779858918f525beda69a361b770f083f29c33,wheat_05n.jpg
195,wheat,01806_wheat,01806_wheat/wheat_02s.jpg,object_images/wheat/wheat_02s.jpg,c60b9ade817a4a9a9a37b0882678ef205bf50016356c59d382ba0e4016716e60,wheat_05n.jpg
195,wheat,01806_wheat,01806_wheat/wheat_03n.jpg,object_images/wheat/wheat_03n.jpg,f9f665be0c724bdd128808ab98fdf4104515316226d507a1a7a5c1fc4ae489e3,wheat_05n.jpg
195,wheat,01806_wheat,01806_wheat/wheat_04s.jpg,object_images/wheat/wheat_04s.jpg,8c64bb65a4976ef54ce22f3ae1f557b18ad43c3a966c406a4bb2335a52a00924,wheat_05n.jpg
195,wheat,01806_wheat,01806_wheat/wheat_06s.jpg,object_images/wheat/wheat_06s.jpg,fdaee933d88e3cfb5814d154849f80c427f9fdda2a4514695f9c508dac34117b,wheat_05n.jpg
195,wheat,01806_wheat,01806_wheat/wheat_07s.jpg,object_images/wheat/wheat_07s.jpg,b0a6cf70a95d53cfecf716559f808ca655848c6e58634867b8a96560fb59c483,wheat_05n.jpg
195,wheat,01806_wheat,01806_wheat/wheat_08n.jpg,object_images/wheat/wheat_08n.jpg,30b64267a5082c915c1d4b974dcb83cff2ae0fddec730eb60164de117a8a0f36,wheat_05n.jpg
195,wheat,01806_wheat,01806_wheat/wheat_09n.jpg,object_images/wheat/wheat_09n.jpg,4f2c98a084e9d744f5b672c0c846278c5c29b6b7375f78e26170bcb6feaa57da,wheat_05n.jpg
195,wheat,01806_wheat,01806_wheat/wheat_10s.jpg,object_images/wheat/wheat_10s.jpg,d5a0e504bdd346593fd3cf0d97ed906a7e2b01f08e9cf7b3fe4dac5648b953fd,wheat_05n.jpg
195,wheat,01806_wheat,01806_wheat/wheat_11s.jpg,object_images/wheat/wheat_11s.jpg,e7ad4f821e11f6f051cf594f81b4150c596d0d9ddcb7790d587fc1db88150dbc,wheat_05n.jpg
195,wheat,01806_wheat,01806_wheat/wheat_12s.jpg,object_images/wheat/wheat_12s.jpg,456f57baf271156e7b475130f43d794af14f7be3479f80063150878c3c44b444,wheat_05n.jpg
196,wheelchair,01809_wheelchair,01809_wheelchair/wheelchair_01b.jpg,object_images/wheelchair/wheelchair_01b.jpg,d0bdb7af6c22e7feaa1c35d9245ed81bf4df0a1a7c85e6814b004baebd1da800,wheelchair_02s.jpg
196,wheelchair,01809_wheelchair,01809_wheelchair/wheelchair_03n.jpg,object_images/wheelchair/wheelchair_03n.jpg,315b586177d811b355f64c7f5c78ba7dc17094dac87e10ec3df472299bc54801,wheelchair_02s.jpg
196,wheelchair,01809_wheelchair,01809_wheelchair/wheelchair_04n.jpg,object_images/wheelchair/wheelchair_04n.jpg,a1f8eff719d09d37f19f4dca129f5d3bd29a73dc9a386ad8d7665b88554a6df1,wheelchair_02s.jpg
196,wheelchair,01809_wheelchair,01809_wheelchair/wheelchair_05s.jpg,object_images/wheelchair/wheelchair_05s.jpg,73035a5459ff4eb1dafc1fae1929a9a93e197dec3e4a7eb430473372d0cef002,wheelchair_02s.jpg
196,wheelchair,01809_wheelchair,01809_wheelchair/wheelchair_06s.jpg,object_images/wheelchair/wheelchair_06s.jpg,1559ba76ebdce1d137144f218b6bbe49504fa7432bf735dfcd9427240c45f3fc,wheelchair_02s.jpg
196,wheelchair,01809_wheelchair,01809_wheelchair/wheelchair_07n.jpg,object_images/wheelchair/wheelchair_07n.jpg,9fb383b7e0780f5f29b66c98a4472dfaee39dca95fd14cef441e5257f7f6be47,wheelchair_02s.jpg
196,wheelchair,01809_wheelchair,01809_wheelchair/wheelchair_08s.jpg,object_images/wheelchair/wheelchair_08s.jpg,87586ab4acb0c359602962e7820367211cad15cb87721e31aa40403c52d237e0,wheelchair_02s.jpg
196,wheelchair,01809_wheelchair,01809_wheelchair/wheelchair_09n.jpg,object_images/wheelchair/wheelchair_09n.jpg,11338bc8e9ebca7c710a8299ed907d87706369de88b1e581f36a866f32b9a142,wheelchair_02s.jpg
196,wheelchair,01809_wheelchair,01809_wheelchair/wheelchair_10n.jpg,object_images/wheelchair/wheelchair_10n.jpg,324a05900a0c7cc9bc06445cb47002ebc9f663aca704da1ddada571723290706,wheelchair_02s.jpg
196,wheelchair,01809_wheelchair,01809_wheelchair/wheelchair_11n.jpg,object_images/wheelchair/wheelchair_11n.jpg,99a29372c15a653fc6a786d53905dfd6c1d230bce0ff66856f1620b651164c9c,wheelchair_02s.jpg
196,wheelchair,01809_wheelchair,01809_wheelchair/wheelchair_12n.jpg,object_images/wheelchair/wheelchair_12n.jpg,3978c4f7fc5669b870027de7712a9aae66e303dc7c277cd80b953787aa588855,wheelchair_02s.jpg
197,windshield,01821_windshield,01821_windshield/windshield_01b.jpg,object_images/windshield/windshield_01b.jpg,49f89257b702d1ecb5cd86787e2d5ec885560aac5c9228aef86826982c4a0efb,windshield_09s.jpg
197,windshield,01821_windshield,01821_windshield/windshield_02s.jpg,object_images/windshield/windshield_02s.jpg,00615ba6f23b9658eadd330500421773feb96acc215905df74dba820fcee0df1,windshield_09s.jpg
197,windshield,01821_windshield,01821_windshield/windshield_03s.jpg,object_images/windshield/windshield_03s.jpg,b6e77fda002aa186f9a8c7e86aa43b2628fadaacb3ec87ab2cefb5bfde2389c4,windshield_09s.jpg
197,windshield,01821_windshield,01821_windshield/windshield_04s.jpg,object_images/windshield/windshield_04s.jpg,12d07af335412668786f7a0539d753e5b2a2b6434c65b9e61f27cdf60077219b,windshield_09s.jpg
197,windshield,01821_windshield,01821_windshield/windshield_05s.jpg,object_images/windshield/windshield_05s.jpg,157ba833653f6ba7ec764e57b38c03758f1f596f69330342d617dfcae7034441,windshield_09s.jpg
197,windshield,01821_windshield,01821_windshield/windshield_06s.jpg,object_images/windshield/windshield_06s.jpg,809c99ab7e93032688f6f8c7a064b0985c3f7ba158fb6e823aa9244172dbff29,windshield_09s.jpg
197,windshield,01821_windshield,01821_windshield/windshield_07s.jpg,object_images/windshield/windshield_07s.jpg,92bba4708b347049e35e6efa59566c1639c894bafb081570b625230686b94d79,windshield_09s.jpg
197,windshield,01821_windshield,01821_windshield/windshield_08s.jpg,object_images/windshield/windshield_08s.jpg,22464511597819615d53462a90142df4427f7b2f61f3a522fa847fea671d9b79,windshield_09s.jpg
197,windshield,01821_windshield,01821_windshield/windshield_10s.jpg,object_images/windshield/windshield_10s.jpg,6c26a4c4687767bf1268853b4599f2eee8d0cb01409ae3ad104e5a3f2c547dab,windshield_09s.jpg
197,windshield,01821_windshield,01821_windshield/windshield_11s.jpg,object_images/windshield/windshield_11s.jpg,accfc78d1800bb03501c3c8ea5bde0656af35dc9b5ae66e2e1a5ae7fe980a330,windshield_09s.jpg
197,windshield,01821_windshield,01821_windshield/windshield_12s.jpg,object_images/windshield/windshield_12s.jpg,007cdc09f6a29b951077c1643b8525304c20f68b65e4f7a32b6967a3c62c88c0,windshield_09s.jpg
197,windshield,01821_windshield,01821_windshield/windshield_13s.jpg,object_images/windshield/windshield_13s.jpg,9e2155f3664b7d75464d6e18f781e2898b03b8a9060d300c67d9e525f77d4995,windshield_09s.jpg
197,windshield,01821_windshield,01821_windshield/windshield_14s.jpg,object_images/windshield/windshield_14s.jpg,2c6dd489c8b9079bd8038f6e11cf97dfb84590e452f78f20580c47550910eda5,windshield_09s.jpg
197,windshield,01821_windshield,01821_windshield/windshield_15s.jpg,object_images/windshield/windshield_15s.jpg,7b2d70ab3c76274792073aa4bcaec7e4af3103c6b2ed85ca203a5dd7ccb31b00,windshield_09s.jpg
198,wine,01824_wine,01824_wine/wine_01b.jpg,object_images/wine/wine_01b.jpg,2bfa14936d825f8cf2f33f3859b7a8f52dde48bfed83bd48d9c06fa1cc136aa8,wine_05s.jpg
198,wine,01824_wine,01824_wine/wine_02s.jpg,object_images/wine/wine_02s.jpg,5aa84b7c869a94e787e61ddf6c812cda15d9bbb443f55da2b2b6f395267227d6,wine_05s.jpg
198,wine,01824_wine,01824_wine/wine_03s.jpg,object_images/wine/wine_03s.jpg,a414e20514dbfbbaed0c61f73da4155282dfc87fad5bbbec497f8db6cd4a6c7c,wine_05s.jpg
198,wine,01824_wine,01824_wine/wine_04s.jpg,object_images/wine/wine_04s.jpg,b9719e1682c7d0c46dd934e9a248d1ae8a4dce16873ca9fc932e6599bb563ea4,wine_05s.jpg
198,wine,01824_wine,01824_wine/wine_06s.jpg,object_images/wine/wine_06s.jpg,6591b1e8ff3dd942f0cd372185884b8d56c77c5340a4de7e52c4e62cbf371fe3,wine_05s.jpg
198,wine,01824_wine,01824_wine/wine_07s.jpg,object_images/wine/wine_07s.jpg,6994a5d51047d090986604e932a035f6ade0f1fcf7e2215a55b4ae2369f5fe6c,wine_05s.jpg
198,wine,01824_wine,01824_wine/wine_08s.jpg,object_images/wine/wine_08s.jpg,6a8d89da6c837ec2b8bee67ed0d301e54364e320a7ea7d97b4fd8c4eba69f30e,wine_05s.jpg
198,wine,01824_wine,01824_wine/wine_09s.jpg,object_images/wine/wine_09s.jpg,609f1a412ae4b5ef3b65dc68fad36d68eb43f5ecb3e7b83ce4d6cd1e322d41d5,wine_05s.jpg
198,wine,01824_wine,01824_wine/wine_10s.jpg,object_images/wine/wine_10s.jpg,7e2ccf0de57a0b0307051d18b302863f089e16c6a04da18b2d3f0604c0021dae,wine_05s.jpg
198,wine,01824_wine,01824_wine/wine_11s.jpg,object_images/wine/wine_11s.jpg,b7671f0bda19a228ba3f4facfe74bc5a4c410200f8ed1239f29c35eb0ccdecfa,wine_05s.jpg
198,wine,01824_wine,01824_wine/wine_12s.jpg,object_images/wine/wine_12s.jpg,8c90c1a387678b9c93f2d070989da535cd1e742103cd2c9c5f2218bf089d1bdb,wine_05s.jpg
198,wine,01824_wine,01824_wine/wine_13s.jpg,object_images/wine/wine_13s.jpg,1f8e2bef51d32bd3392bc2fedd89480d091ef3c2ab31e06377c3a7d76d7ab57f,wine_05s.jpg
198,wine,01824_wine,01824_wine/wine_14s.jpg,object_images/wine/wine_14s.jpg,b41e89aa8e5b79482e8bf15c525d3230ffe89c271187595ec89c5afacc3c51da,wine_05s.jpg
198,wine,01824_wine,01824_wine/wine_15s.jpg,object_images/wine/wine_15s.jpg,ef48b68daa6f359ce25d94dcd2292868b60bc025413afdfe7582447f9222e8a2,wine_05s.jpg
198,wine,01824_wine,01824_wine/wine_16s.jpg,object_images/wine/wine_16s.jpg,b38c49c1e3d2806f360067b98440adf08e5516940f72ca96a22f6a0dd1b0a281,wine_05s.jpg
198,wine,01824_wine,01824_wine/wine_17s.jpg,object_images/wine/wine_17s.jpg,9e28b005c0aee777d6628bde98b4f93388fe855357d794f1dfff992a2e324954,wine_05s.jpg
198,wine,01824_wine,01824_wine/wine_18s.jpg,object_images/wine/wine_18s.jpg,14c947d8764844d1f983bf0e9a2cb2b51106670e23f7f582761b3d65f7a99af3,wine_05s.jpg
198,wine,01824_wine,01824_wine/wine_19s.jpg,object_images/wine/wine_19s.jpg,ec711ef87c77300a19e382ee3ccf97f3412dfbcb247de913ff04aeaa8b00edc1,wine_05s.jpg
198,wine,01824_wine,01824_wine/wine_20s.jpg,object_images/wine/wine_20s.jpg,47cd482e27522d26b57c69970d13356fc96083e715fef77619655774c6915fb4,wine_05s.jpg
198,wine,01824_wine,01824_wine/wine_21s.jpg,object_images/wine/wine_21s.jpg,022a23bb128af135746e418ffed3c8f1591e1846bcdfc126cfa083aba49d4016,wine_05s.jpg
198,wine,01824_wine,01824_wine/wine_22s.jpg,object_images/wine/wine_22s.jpg,ffbdc75774c58b5bb7dc782b78962adac4efbade2daf6c3d986330b3d310b97c,wine_05s.jpg
198,wine,01824_wine,01824_wine/wine_23s.jpg,object_images/wine/wine_23s.jpg,fc217ff793ec424d4d2923e0eb829a901944307634b7d9bf8e9087271ea13575,wine_05s.jpg
198,wine,01824_wine,01824_wine/wine_24s.jpg,object_images/wine/wine_24s.jpg,ba477374764b66feb4f2e2f860494935e5e394426b8ed2f44999c7e08ac22d5a,wine_05s.jpg
198,wine,01824_wine,01824_wine/wine_25s.jpg,object_images/wine/wine_25s.jpg,71cb6ddfa7e0a31239104840920bf5a71887f943cd2650964ddfe047b8fdd804,wine_05s.jpg
198,wine,01824_wine,01824_wine/wine_26s.jpg,object_images/wine/wine_26s.jpg,e832174c04bfeff9da028d8c1fc03885bb1b9795b215f5037c8f7baf0e186311,wine_05s.jpg
199,wok,01831_wok,01831_wok/wok_01b.jpg,object_images/wok/wok_01b.jpg,95aaa34b0bc0be6e88a2095c0c47d0cde0c7e8b1ee044271b0edbce5c52bedb3,wok_12s.jpg
199,wok,01831_wok,01831_wok/wok_02s.jpg,object_images/wok/wok_02s.jpg,6ee415c5bf31e09fed5229fb566215c950033b8a15ee6493f35f0f5efa7a8fe7,wok_12s.jpg
199,wok,01831_wok,01831_wok/wok_03s.jpg,object_images/wok/wok_03s.jpg,f056da2c41ffeff4fe54368ab5034693b29164b023bf23599744494da33c1078,wok_12s.jpg
199,wok,01831_wok,01831_wok/wok_04s.jpg,object_images/wok/wok_04s.jpg,c06e2b4d1946b54431cfc835e9bb7fbb7e8052445e39d9677d7d3af2f410d532,wok_12s.jpg
199,wok,01831_wok,01831_wok/wok_05s.jpg,object_images/wok/wok_05s.jpg,1cd437655f92ab86e0fc22c8a79782e697cd7c43dee4ec48b5aaa7b3aee06294,wok_12s.jpg
199,wok,01831_wok,01831_wok/wok_06s.jpg,object_images/wok/wok_06s.jpg,c1529171429898943ded68183ef54ba65ac52db84d61bdaa7a5c1a24bfebb2ad,wok_12s.jpg
199,wok,01831_wok,01831_wok/wok_07s.jpg,object_images/wok/wok_07s.jpg,6920ba371aff717c7c83b7bada7f462477dfb38fb544b2ec3a01cdcd6d514cd3,wok_12s.jpg
199,wok,01831_wok,01831_wok/wok_08s.jpg,object_images/wok/wok_08s.jpg,1bdf70da9d55b4e0f1f77d89bfd5764abb1c7eb5328975b7f5082880398a3fb6,wok_12s.jpg
199,wok,01831_wok,01831_wok/wok_09s.jpg,object_images/wok/wok_09s.jpg,5ef38cdd319038e3f0e2ceb52c380cd7597c6bcb4b9f349376e6084b03dc7921,wok_12s.jpg
199,wok,01831_wok,01831_wok/wok_10s.jpg,object_images/wok/wok_10s.jpg,5ea79c678b0c02fb73e7ae50a16f7a4723dd4788b80bb4c3bda9153bef4a45b6,wok_12s.jpg
199,wok,01831_wok,01831_wok/wok_11s.jpg,object_images/wok/wok_11s.jpg,b611d299e34a59c6f81d0180538e2ef158518d036b8ef574628daaa263da8f06,wok_12s.jpg
